(1.291,45.229)      1.29125             45.229167           6.7                 
(1.266,-0.503)      1.265833            -0.503056           6.29                
33_Psc              1.33375             -5.7075             4.61                
86_Peg              1.425               13.396111           5.51                
(1.567,58.437)      1.566667            58.436667           5.96                
(1.579,-49.075)     1.579167            -49.075             5.7                 
10_Cas              1.610417            64.196111           5.59                
(1.653,29.021)      1.653333            29.021389           6.13                
(1.709,-23.108)     1.70875             -23.1075            6.18                
(1.826,-17.386)     1.825833            -17.386389          6.19                
(1.934,-2.549)      1.93375             -2.548889           6.43                
(1.945,-22.509)     1.945               -22.508889          5.94                
(2.015,-33.529)     2.014583            -33.529444          5.68                
(2.05,-2.448)       2.050417            -2.447778           6.07                
21Alp_And           2.097083            29.090556           2.06                
(2.072,-8.824)      2.0725              -8.823889           5.99                
(2.171,36.627)      2.170833            36.626667           6.19                
(2.139,-17.578)     2.139167            -17.5775            6.06                
(2.218,25.463)      2.2175              25.462778           6.23                
(2.334,79.715)      2.334167            79.714722           6.01                
11Bet_Cas           2.294583            59.149722           2.27                
87_Peg              2.26                18.211944           5.53                
(2.26,-54.002)      2.26                -54.001944          6.33                
Kap1Scl             2.3375              -27.987778          5.42                
Eps_Phe             2.352917            -45.7475            3.88                
34_Psc              2.509583            11.145556           5.51                
22_And              2.580417            46.072222           5.03                
(2.624,57.166)      2.62375             57.165556           6.74                
(2.578,-5.249)      2.578333            -5.248611           5.84                
Gam3Oct             2.50875             -82.223889          5.28                
(2.678,-12.58)      2.678333            -12.58              5.85                
(2.661,-73.224)     2.660833            -73.224444          6.64                
6_Cet               2.81625             -15.468056          4.89                
Kap2Scl             2.893333            -27.799722          5.41                
The_Scl             2.933333            -35.133056          5.25                
(2.996,48.152)      2.99625             48.1525             6.16                
(3.042,-17.938)     3.041667            -17.938333          5.25                
(3.21,37.693)       3.21                37.693333           6.73                
88Gam_Peg           3.309167            15.183611           2.83                
(3.35,26.987)       3.35                26.987222           6.3                 
23_And              3.378333            41.035278           5.72                
(3.425,-26.022)     3.425417            -26.021944          5.94                
(3.434,-26.285)     3.434167            -26.284722          6.31                
(3.51,33.206)       3.509583            33.206111           6.25                
89Chi_Peg           3.650833            20.206667           4.8                 
(3.615,-7.781)      3.615               -7.780556           5.12                
(3.331,-84.994)     3.330833            -84.994167          5.77                
7_Cet               3.66                -18.932778          4.44                
(3.734,22.284)      3.73375             22.284167           6.24                
35_Psc              3.745               8.820833            5.79                
(3.727,-9.57)       3.727083            -9.569722           5.75                
(3.779,31.536)      3.779167            31.535833           6.45                
(3.794,27.283)      3.794167            27.283056           6.35                
(3.742,-34.904)     3.7425              -34.904444          6.17                
(4.058,76.951)      4.058333            76.950833           6.35                
(4.09,43.595)       4.09                43.594722           6.15                
(4.037,-31.446)     4.037083            -31.446389          5.67                
(3.98,-75.911)      3.98                -75.911389          6.49                
36_Psc              4.142083            8.24                6.11                
(4.238,61.533)      4.237917            61.533333           5.74                
(4.177,-20.211)     4.177083            -20.210556          6.47                
(4.288,47.948)      4.287917            47.9475             5.89                
24The_And           4.272917            38.681667           4.61                
(4.204,-78.781)     4.204167            -78.780556          6.77                
(4.429,51.433)      4.429167            51.433056           6.14                
(4.386,-19.051)     4.385833            -19.051111          6.45                
(4.449,1.689)       4.44875             1.688889            6.17                
25Sig_And           4.582083            36.785278           4.52                
(4.572,11.206)      4.571667            11.205833           6.05                
26_And              4.675417            43.791111           6.11                
(4.66,31.517)       4.659583            31.517222           5.87                
(4.674,-8.053)      4.674167            -8.052778           6.46                
(4.678,-43.235)     4.6775              -43.235278          6.33                
8Iot_Cet            4.857083            -8.823889           3.56                
(4.923,40.73)       4.923333            40.729722           6.33                
(5.022,48.865)      5.021667            48.865278           6.52                
Zet_Tuc             5.017917            -64.874722          4.23                
(5.102,30.936)      5.101667            30.935833           5.9                 
(5.19,32.911)       5.189583            32.911389           5.79                
41_Psc              5.149583            8.190278            5.37                
(5.227,10.977)      5.227083            10.976944           6.56                
27Rho_And           5.280417            37.968611           5.18                
Pi_Tuc              5.1625              -69.625             5.51                
Iot_Scl             5.38                -28.981667          5.18                
(5.443,-20.058)     5.442917            -20.057778          5.12                
42_Psc              5.60625             13.4825             6.23                
(5.369,-77.427)     5.369167            -77.426944          5.97                
9_Cet               5.715833            -12.209444          6.39                
(5.802,-31.036)     5.8025              -31.036111          6.55                
(6.008,38.577)      6.008333            38.577222           7.39                
(6.065,52.02)       6.065               52.02               5.57                
NOVA_1572           0.0                 0.0                 0.0                 
12_Cas              6.197917            61.831111           5.4                 
(6.124,-2.219)      6.12375             -2.219167           6.07                
47_Tuc              0.0                 0.0                 0.0                 
(6.277,53.047)      6.276667            53.046944           5.74                
44_Psc              6.350833            1.939722            5.77                
Bet_Hyi             6.437917            -77.254167          2.8                 
Alp_Phe             6.570833            -42.306111          2.39                
Kap_Phe             6.550833            -43.68              3.94                
10_Cet              6.655833            -0.049722           6.19                
(6.811,-25.547)     6.81125             -25.547222          5.98                
47_Psc              7.012083            17.893056           5.06                
(7.057,44.394)      7.057083            44.394444           5.17                
Eta_Scl             6.982083            -33.007222          4.81                
48_Psc              7.052917            16.445              6.06                
(7.084,10.19)       7.08375             10.189722           6.04                
(7.088,-20.335)     7.087917            -20.335             6.43                
(7.11,-39.915)      7.11                -39.915             5.43                
(7.236,36.9)        7.235833            36.9                6.26                
(7.18,-50.533)      7.179583            -50.532778          6.26                
(7.729,77.019)      7.729167            77.019444           6.21                
(7.583,59.977)      7.582917            59.977222           5.94                
28_And              7.530417            29.751667           5.23                
(7.466,-14.864)     7.46625             -14.864167          6.14                
(7.454,-32.117)     7.45375             -32.116667          6.57                
12_Cet              7.51                -3.957222           5.72                
(7.595,-23.788)     7.594583            -23.787778          5.19                
(7.616,-40.939)     7.615833            -40.939444          6.19                
(7.609,-48.215)     7.60875             -48.215             5.69                
13_Cas              7.855417            66.519444           6.18                
(7.857,33.582)      7.856667            33.581667           5.87                
14Lam_Cas           7.943333            54.522222           4.73                
(7.922,52.839)      7.921667            52.839444           5.6                 
Lam1Phe             7.854167            -48.803611          4.77                
Bet1Tuc             7.88625             -62.958056          4.37                
Bet2Tuc             7.89                -62.965833          4.54                
(8.112,43.495)      8.111667            43.494722           6.7                 
(8.33,70.982)       8.330417            70.981667           6.42                
15Kap_Cas           8.25                62.931667           4.16                
52_Psc              8.147917            20.294444           5.38                
51_Psc              8.099167            6.955556            5.67                
(8.144,27.581)      8.14375             27.580556           6.67                
(8.205,28.28)       8.204583            28.280278           6.3                 
(8.293,54.895)      8.293333            54.895              5.93                
Bet3Tuc             8.1825              -63.031111          5.09                
16_Cas              8.60375             66.750278           6.48                
(8.421,-29.558)     8.42125             -29.558333          5.55                
The_Tuc             8.347083            -71.266111          6.13                
(8.616,-52.373)     8.615833            -52.373056          5.57                
(8.73,13.371)       8.730417            13.371111           6.4                 
13_Cet              8.812083            -3.592778           5.2                 
14_Cet              8.886667            -0.505556           5.93                
(9.035,54.169)      9.034583            54.168611           5.08                
(8.978,13.207)      8.977917            13.206667           6.41                
(9.114,60.326)      9.11375             60.326111           5.79                
Lam2Phe             8.92125             -48.000833          5.51                
(8.889,-54.822)     8.889167            -54.821944          6.06                
(9.083,27.255)      9.083333            27.254722           6.5                 
(9.012,-14.974)     9.0125              -14.973611          6.45                
(9.029,-22.842)     9.02875             -22.8425            6.06                
(9.194,44.489)      9.194167            44.488611           5.13                
17Zet_Cas           9.242917            53.896944           3.66                
29Pi_And            9.220417            33.719444           4.36                
53_Psc              9.197083            15.231667           5.89                
(9.28,24.014)       9.28                24.014167           6.47                
(9.338,35.399)      9.337917            35.399444           5.48                
(9.947,82.494)      9.947083            82.493889           6.4                 
(9.336,-24.767)     9.33625             -24.767222          5.57                
(9.156,-65.125)     9.155833            -65.124722          6.42                
(9.377,3.135)       9.377083            3.135278            6.39                
(9.325,-54.394)     9.325417            -54.394167          6.41                
30Eps_And           9.63875             29.311667           4.37                
(9.791,49.354)      9.79125             49.354444           5.43                
31Del_And           9.832083            30.860833           3.27                
54_Psc              9.840833            21.250556           5.87                
55_Psc              9.981667            21.438333           5.36                
18Alp_Cas           10.127083           56.537222           2.23                
(9.67,-73.137)      9.67                -73.137222          6.85                
(9.991,-33.962)     9.99125             -33.961667          6.69                
(9.967,-44.797)     9.966667            -44.796667          6.01                
(10.119,-16.517)    10.119167           -16.516944          6.49                
(10.137,-23.804)    10.137083           -23.804444          6.14                
(10.177,-4.352)     10.176667           -4.351944           5.91                
32_And              10.28               39.458611           5.33                
(10.11,-59.454)     10.11               -59.454444          5.89                
(10.514,66.148)     10.514167           66.1475             5.83                
(10.4,24.629)       10.4                24.629167           6.04                
19Xi_Cas            10.51625            50.5125             4.8                 
Mu_Phe              10.331667           -46.085             4.59                
(10.63,58.753)      10.629583           58.753333           6.17                
M_31_And            0.0                 0.0                 0.0                 
Xi_Phe              10.443333           -56.501667          5.7                 
20Pi_Cas            10.867083           47.024722           4.94                
Lam1Scl             10.67875            -38.463333          6.06                
(10.674,-60.262)    10.674167           -60.2625            5.98                
Rho_Tuc             10.618333           -65.468056          5.39                
16Bet_Cet           10.8975             -17.986667          2.04                
(11.11,47.864)      11.11               47.864167           5.67                
(10.959,-12.012)    10.959167           -12.011667          6.02                
Eta_Phe             10.838333           -57.463056          4.36                
21_Cas              11.4125             74.988056           5.66                
22Omi_Cas           11.18125            48.284444           4.54                
17Phi1Cet           11.0475             -10.609444          4.76                
Lam2Scl             11.050417           -38.421667          5.9                 
(11.322,55.222)     11.321667           55.221667           5.42                
(11.185,-22.006)    11.185              -22.006111          5.24                
(11.238,-42.677)    11.237917           -42.676667          5.94                
(11.135,-62.498)    11.134583           -62.497778          6.07                
(11.662,69.325)     11.6625             69.325              6.33                
(11.35,-4.629)      11.350417           -4.629167           6.15                
(11.25,-53.715)     11.25               -53.715             6.15                
18_Cet              11.369583           -12.880833          6.15                
(11.563,55.305)     11.562917           55.305278           6.52                
(11.545,44.861)     11.545417           44.861389           6.05                
(11.424,-16.424)    11.42375            -16.424167          6.47                
(11.677,59.574)     11.676667           59.574444           6.39                
23_Cas              11.942083           74.8475             5.41                
(11.44,-47.552)     11.44               -47.551667          5.8                 
(11.549,-22.522)    11.549167           -22.521944          5.5                 
57_Psc              11.6375             15.475556           5.38                
(12.038,72.675)     12.037917           72.675              5.87                
58_Psc              11.75625            11.973889           5.5                 
59_Psc              11.806667           19.578889           6.13                
34Zet_And           11.834583           24.267222           4.06                
60_Psc              11.848333           6.740833            5.99                
61_Psc              11.978333           20.925278           6.54                
(11.93,-18.061)     11.930417           -18.061389          5.7                 
24Eta_Cas           12.275              57.815833           3.44                
(12.005,-21.722)    12.004583           -21.7225            5.57                
62_Psc              12.0725             7.3                 5.93                
(12.096,5.281)      12.095833           5.280556            5.75                
25Nu_Cas            12.20875            50.968333           4.89                
63Del_Psc           12.170833           7.585               4.43                
64_Psc              12.244583           16.940556           5.07                
35Nu_And            12.453333           41.078889           4.53                
(12.357,-13.561)    12.356667           -13.561389          5.59                
(12.308,-24.136)    12.307917           -24.136389          5.9                 
(12.236,-46.698)    12.23625            -46.697778          6.27                
65_Psc              12.47               27.710833           7.0                 
65_Psc              12.471667           27.710278           7.1                 
(12.389,-23.362)    12.389167           -23.361667          6.28                
(12.682,64.248)     12.681667           64.2475             5.39                
(12.576,45.002)     12.57625            45.002222           6.15                
19Phi2Cet           12.531667           -10.644444          5.19                
Lam_Hyi             12.1475             -74.923333          5.07                
(12.818,61.806)     12.818333           61.805833           6.07                
(12.739,51.508)     12.739167           51.508056           6.39                
(12.515,-43.395)    12.515417           -43.394722          6.48                
(13.721,83.707)     13.72125            83.707222           5.62                
(12.89,51.571)      12.890417           51.571111           6.21                
Rho_Phe             12.671667           -50.986944          5.22                
(12.826,3.385)      12.82625            3.385               6.37                
(13.267,61.124)     13.267083           61.124167           4.82                
(12.967,-43.709)    12.967083           -43.709167          6.9                 
(13.222,38.549)     13.2225             38.548611           6.69                
(13.169,-24.006)    13.169167           -24.005833          5.46                
20_Cet              13.252083           -1.144167           4.77                
(13.368,37.418)     13.3675             37.418056           6.06                
(13.448,52.689)     13.448333           52.689167           6.27                
(13.302,-24.777)    13.301667           -24.776944          6.46                
Lam1Tuc             13.10125            -69.504444          6.22                
26Ups1Cas           13.750417           58.972778           4.83                
66_Psc              13.646667           19.188333           5.74                
21_Cet              13.573333           -8.740833           6.16                
(13.772,48.679)     13.771667           48.678611           6.27                
(13.408,-62.871)    13.407917           -62.871389          5.7                 
36_And              13.741667           23.628333           5.47                
(13.811,24.557)     13.81125            24.556944           6.2                 
(14.054,57.997)     14.05375            57.996667           6.21                
(14.232,68.776)     14.231667           68.776111           6.37                
67_Psc              13.99375            27.209444           6.09                
(13.927,-7.347)     13.926667           -7.347222           5.85                
27Gam_Cas           14.177083           60.716667           2.47                
28Ups2Cas           14.165833           59.181111           4.63                
(14.196,60.363)     14.19625            60.362778           5.55                
22Phi3Cet           14.00625            -11.266667          5.31                
(13.981,-27.776)    13.98125            -27.775556          6.1                 
37Mu_And            14.188333           38.499444           3.87                
Lam2Tuc             13.75125            -69.526944          5.45                
38Eta_And           14.301667           23.4175             4.42                
(14.415,45.84)      14.415417           45.839722           6.12                
(14.63,66.352)      14.629583           66.352222           5.97                
68_Psc              14.459167           28.992222           5.42                
(14.559,33.951)     14.559167           33.950833           5.98                
(14.477,13.696)     14.477083           13.695833           6.32                
(14.579,21.404)     14.57875            21.404444           6.37                
(15.129,70.983)     15.129167           70.983056           6.39                
23Phi4Cet           14.682917           -11.38              5.61                
Alp_Scl             14.651667           -29.3575            4.31                
(14.593,-60.696)    14.593333           -60.696389          6.23                
(15.014,44.711)     15.014167           44.711111           6.84                
(15.015,44.713)     15.015              44.713333           6.04                
(14.957,6.483)      14.957083           6.483056            6.11                
(17.186,86.257)     17.18625            86.256944           4.25                
(23.46,89.016)      23.46               89.015556           6.46                
(15.577,51.035)     15.576667           51.035              6.47                
Xi_Scl              15.32625            -38.916667          5.59                
(15.756,47.376)     15.75625            47.376111           6.45                
39_And              15.72625            41.345              5.98                
69Sig_Psc           15.704583           31.804444           5.5                 
(15.904,61.075)     15.904167           61.075              5.92                
Sig_Scl             15.61               -31.551944          5.5                 
71Eps_Psc           15.735833           7.89                4.28                
Ome_Phe             15.5075             -57.0025            6.11                
25_Cet              15.760833           -4.836667           5.43                
(16.082,61.58)      16.081667           61.580278           5.84                
(16.01,52.502)      16.01               52.502222           5.99                
(15.705,-46.398)    15.705              -46.3975            5.36                
(15.823,-29.526)    15.823333           -29.525833          6.29                
26_Cet              15.954167           1.366667            6.04                
(16.195,51.01)      16.195              51.01               6.54                
(16.115,29.659)     16.115              29.658611           6.19                
(15.679,-65.456)    15.67875            -65.456111          6.21                
(16.152,39.991)     16.151667           39.991111           6.72                
(19.056,87.145)     19.05625            87.145278           6.25                
73_Psc              16.219167           5.656389            6.0                 
72_Psc              16.2725             14.946111           5.68                
(16.595,62.762)     16.595              62.761667           6.54                
74Psi1Psc           16.420417           21.473333           5.34                
74Psi1Psc           16.42375            21.465278           5.56                
(17.301,80.012)     17.30125            80.011667           6.29                
77_Psc              16.455              4.908333            6.35                
77_Psc              16.464167           4.909444            7.25                
27_Cet              16.403333           -9.979167           6.12                
(16.751,56.935)     16.750833           56.935              6.43                
28_Cet              16.52125            -9.839444           5.58                
(16.79,53.498)      16.789583           53.498333           6.38                
75_Psc              16.64               12.956111           6.12                
(16.532,-23.992)    16.532083           -23.9925            6.14                
30Mu_Cas            17.068333           54.920278           5.17                
Bet_Phe             16.520833           -46.718611          3.31                
(16.61,-35.661)     16.610417           -35.660833          6.61                
41_And              17.00375            43.941944           5.03                
(16.805,-23.996)    16.804583           -23.996389          6.37                
(17.139,58.264)     17.13875            58.263611           5.79                
78_Psc              17.005417           32.012222           6.25                
79Psi2Psc           16.988333           20.739167           5.55                
30_Cet              16.9425             -9.785556           5.82                
80_Psc              17.0925             5.649722            5.52                
Ups_Phe             16.949583           -41.486944          5.21                
Iot_Tuc             16.827917           -61.775278          5.37                
(18.07,79.674)      18.069583           79.673889           5.64                
31Eta_Cet           17.1475             -10.182222          3.45                
42Phi_And           17.375833           47.241944           4.25                
31_Cas              17.66375            68.778611           5.29                
43Bet_And           17.432917           35.620556           2.06                
Zet_Phe             17.09625            -55.245833          3.92                
81Psi3Psc           17.455              19.658611           5.55                
44_And              17.578333           42.081389           5.65                
(17.581,25.458)     17.580833           25.457778           5.8                 
(17.857,64.203)     17.856667           64.202778           5.55                
33The_Cas           17.775833           55.149722           4.33                
(17.548,15.674)     17.547917           15.674167           6.06                
32_Cas              17.9225             65.018889           5.57                
32_Cet              17.55               -8.906111           6.4                 
33_Cet              17.64               2.445556            5.95                
45_And              17.792917           37.724167           5.81                
82_Psc              17.778333           31.424722           5.16                
(17.531,-57.694)    17.530833           -57.694444          6.41                
84Chi_Psc           17.863333           21.034722           4.66                
83Tau_Psc           17.915              30.089722           4.51                
34_Cet              17.93125            -2.251111           5.94                
(18.291,61.706)     18.29125            61.705833           6.41                
(18.142,45.338)     18.141667           45.337778           6.11                
(18.248,30.064)     18.247917           30.064167           6.19                
(19.128,79.91)      19.127917           79.91               6.26                
(18.098,-30.802)    18.0975             -30.802222          6.52                
(18.189,-37.856)    18.189167           -37.856389          5.92                
85Phi_Psc           18.437083           24.583611           4.65                
86Zet_Psc           18.432917           7.575278            5.24                
86Zet_Psc           18.43875            7.578333            6.3                 
(18.521,28.53)      18.520833           28.529722           6.43                
87_Psc              18.531667           16.133611           5.98                
(19.05,71.744)      19.050417           71.743889           7.83                
37_Cet              18.6                -7.923056           5.13                
88_Psc              18.676667           6.995278            6.03                
38_Cet              18.705              -0.973889           5.7                 
(19.102,48.082)     19.102083           48.082222           6.61                
Nu_Phe              18.79625            -45.531389          4.96                
(19.078,33.115)     19.078333           33.114722           6.02                
(19.271,44.902)     19.27125            44.901944           6.34                
39_Cet              19.15125            -2.500278           5.41                
(19.35,31.745)      19.350417           31.744722           6.73                
(20.081,77.571)     20.08125            77.570556           6.31                
(19.542,47.42)      19.5425             47.419722           6.25                
Kap_Tuc             18.942083           -68.876111          4.86                
89_Psc              19.45               3.614444            5.16                
(19.696,37.386)     19.695833           37.386111           6.46                
(19.265,-66.398)    19.265              -66.398056          6.24                
(20.496,76.239)     20.49625            76.238889           6.38                
34Phi_Cas           20.020417           58.231667           4.98                
90Ups_Psc           19.866667           27.264167           4.76                
35_Cas              20.271667           64.658333           6.34                
42_Cet              19.95125            -0.508889           5.87                
(20.945,78.726)     20.945              78.725833           6.07                
(20.144,-3.247)     20.14375            -3.246944           6.23                
(20.116,-11.239)    20.115833           -11.238889          6.15                
91_Psc              20.280833           28.738056           5.23                
46Xi_And            20.585              45.528889           4.88                
(20.84,58.143)      20.84               58.143056           6.45                
(20.654,1.726)      20.654167           1.726389            6.2                 
43_Cet              20.645              -0.449722           6.49                
(20.627,-19.081)    20.627083           -19.081389          6.35                
47_And              20.919167           37.715              5.58                
(20.906,34.246)     20.90625            34.245833           6.29                
(20.854,20.469)     20.85375            20.468889           5.97                
(21.444,70.98)      21.44375            70.98               6.49                
36Psi_Cas           21.483333           68.13               4.74                
(20.879,-30.946)    20.879167           -30.945556          5.84                
44_Cet              21.010417           -8.0075             6.21                
45The_Cet           21.005833           -8.183333           3.6                 
37Del_Cas           21.454167           60.235278           2.68                
(21.086,-6.915)     21.085833           -6.914722           5.91                
(21.166,-15.66)     21.165833           -15.660278          6.14                
(21.203,-2.849)     21.202917           -2.848611           6.15                
(21.399,23.512)     21.39875            23.511667           6.18                
(21.17,-41.492)     21.17               -41.4925            5.42                
(21.578,43.458)     21.5775             43.457778           5.96                
(21.536,34.58)      21.53625            34.579722           6.31                
(21.175,-44.528)    21.174583           -44.528333          6.26                
46_Cet              21.405              -14.598889          4.9                 
93Rho_Psc           21.56375            19.172222           5.38                
94_Psc              21.67375            19.240278           5.5                 
(21.776,34.378)     21.775833           34.3775             6.27                
(21.614,-0.399)     21.61375            -0.398611           6.41                
48Ome_And           21.914167           45.406667           4.83                
(21.861,41.101)     21.860833           41.100556           6.46                
(21.723,3.535)      21.722917           3.535278            6.58                
(21.272,-64.369)    21.272083           -64.369444          5.93                
47_Cet              21.715              -13.056667          5.66                
(21.946,40.336)     21.945833           40.335556           6.6                 
(21.742,-32.543)    21.742083           -32.543056          5.79                
1Alp_UMi            37.952917           89.264167           2.02                
(21.944,-10.902)    21.944167           -10.901667          6.13                
(22.095,7.961)      22.095417           7.961389            6.2                 
38_Cas              22.8075             70.264722           5.81                
(22.718,66.098)     22.717917           66.098056           6.14                
Gam_Phe             22.09125            -43.318333          3.41                
49_And              22.525833           47.007222           5.27                
(22.18,-33.764)     22.180417           -33.763611          6.58                
97_Psc              22.470417           18.355556           6.02                
48_Cet              22.400417           -21.629444          5.12                
98Mu_Psc            22.54625            6.143889            4.84                
(22.377,-46.756)    22.376667           -46.756389          6.31                
(22.595,-26.208)    22.595417           -26.207778          5.93                
99Eta_Psc           22.870833           15.345833           3.62                
(23.032,34.8)       23.031667           34.8                6.39                
(23.358,58.328)     23.3575             58.3275             5.7                 
Del_Phe             22.812917           -49.072778          3.95                
(22.93,-30.283)     22.930417           -30.283333          5.82                
39Chi_Cas           23.482917           59.231944           4.71                
(22.913,-45.576)    22.912917           -45.575556          6.17                
(23.265,-9.015)     23.264583           -9.014722           6.59                
(23.233,-36.865)    23.233333           -36.865278          5.51                
(23.569,37.237)     23.569167           37.237222           5.88                
(23.151,-49.728)    23.15125            -49.727778          6.28                
(23.429,-7.025)     23.42875            -7.025278           5.76                
(24.344,74.301)     24.34375            74.300833           6.58                
(23.705,18.461)     23.704583           18.460556           5.89                
49_Cet              23.6575             -15.676111          5.63                
(23.969,41.076)     23.96875            41.076389           6.38                
(23.711,-31.892)    23.71125            -31.892222          6.12                
(24.113,48.723)     24.113333           48.722778           5.92                
101_Psc             23.943333           14.661389           6.22                
40_Cas              24.62875            73.04               5.28                
(23.978,17.434)     23.978333           17.433611           5.8                 
50Ups_And           24.199167           41.405556           4.09                
50_Cet              23.995833           -15.400278          5.42                
(23.813,-58.139)    23.813333           -58.139444          6.01                
(24.532,57.978)     24.531667           57.9775             5.56                
Tau_Scl             24.035              -29.9075            5.69                
102Pi_Psc           24.274583           12.141667           5.57                
51_And              24.498333           48.628333           3.57                
(24.632,45.4)       24.632083           45.4                6.36                
(24.407,-9.404)     24.407083           -9.403889           6.24                
(23.413,-78.505)    23.413333           -78.504722          6.11                
(24.187,-58.271)    24.186667           -58.270833          6.18                
52Chi_And           24.8375             44.386111           4.98                
(25.055,53.868)     25.054583           53.868333           6.39                
(24.614,-36.528)    24.614167           -36.528333          5.94                
Alp_Eri             24.42875            -57.236667          0.46                
(24.716,-21.275)    24.715833           -21.275278          5.58                
(24.708,-25.022)    24.708333           -25.021944          6.7                 
105_Psc             24.92               16.405833           5.97                
(25.166,43.298)     25.165833           43.297778           5.61                
53Tau_And           25.145              40.576944           4.94                
43_Cas              25.585417           68.043056           5.59                
(24.701,-53.439)    24.700833           -53.438889          6.84                
42_Cas              25.732917           70.6225             5.18                
(25.512,61.038)     25.5125             61.038333           6.71                
(25.574,58.628)     25.574167           58.627778           6.37                
(25.447,42.614)     25.446667           42.613611           4.95                
(25.327,25.746)     25.326667           25.745833           6.17                
(25.413,30.047)     25.413333           30.047222           5.99                
(24.948,-56.198)    24.9475             -56.198056          5.87                
(24.949,-56.195)    24.949167           -56.194722          5.76                
(25.743,61.422)     25.743333           61.421667           6.34                
106Nu_Psc           25.357917           5.4875              4.44                
(25.515,35.246)     25.514583           35.245556           5.64                
44_Cas              25.832083           60.551111           5.78                
(25.436,-11.325)    25.43625            -11.324722          5.75                
107_Psc             25.624167           20.268611           5.24                
(25.364,-38.133)    25.36375            -38.133056          6.17                
(25.819,45.322)     25.81875            45.322222           6.34                
Phi_Per             25.915              50.688611           4.07                
Pi_Scl              25.535833           -32.326944          5.25                
(25.512,-36.832)    25.5125             -36.8325            5.72                
(26.075,57.536)     26.074583           57.536389           6.21                
(25.681,-3.69)      25.68125            -3.690278           4.99                
(25.421,-50.039)    25.42125            -50.038889          6.64                
(26.192,57.089)     26.192083           57.089167           6.25                
(25.958,32.192)     25.958333           32.191667           6.34                
(26.11,46.14)       26.110417           46.139722           6.35                
(25.45,-60.789)     25.45               -60.789444          5.71                
(25.622,-53.741)    25.622083           -53.740556          5.52                
(25.978,-4.766)     25.978333           -4.765556           6.19                
109_Psc             26.2325             20.083056           6.27                
52Tau_Cet           26.017083           -15.9375            3.5                 
110Omi_Psc          26.348333           9.157778            4.26                
(26.937,63.852)     26.936667           63.852222           5.63                
(24.482,-82.975)    24.481667           -82.975             5.87                
(26.497,-5.733)     26.497083           -5.733333           5.34                
Eps_Scl             26.411667           -25.0525            5.31                
(26.647,17.413)     26.647083           17.413056           6.55                
Tau1Hyi             25.33875            -79.148333          6.33                
(26.504,-27.349)    26.504167           -27.349167          6.39                
(26.95,46.23)       26.95               46.229722           6.32                
(26.524,-50.816)    26.524167           -50.816389          5.49                
(26.526,-53.522)    26.52625            -53.521944          5.04                
(27.162,37.953)     27.162083           37.952778           5.94                
4_Ari               27.045417           16.955556           5.84                
(27.173,32.69)      27.173333           32.690278           5.79                
(26.82,-41.76)      26.82               -41.76              6.18                
(24.367,-84.77)     24.366667           -84.769722          5.69                
(27.315,47.897)     27.315417           47.896944           5.82                
(27.108,3.686)      27.108333           3.685556            5.91                
(26.949,-37.16)     26.949167           -37.159722          6.32                
(27.738,51.933)     27.737917           51.933333           5.9                 
1_Ari               27.535417           22.275278           5.86                
53Chi_Cet           27.39625            -10.686389          4.67                
(27.331,-31.073)    27.33125            -31.072778          6.34                
1_Per               27.997083           55.1475             5.52                
(27.717,11.043)     27.716667           11.043333           5.94                
(27.453,-38.404)    27.453333           -38.403889          6.37                
2_Per               28.039167           50.792778           5.79                
(27.584,-47.816)    27.584167           -47.816389          6.14                
(28.212,51.475)     28.211667           51.474722           6.26                
55Zet_Cet           27.865              -10.335             3.73                
(28.452,55.598)     28.452083           55.598056           6.45                
(27.727,-50.206)    27.727083           -50.206111          5.94                
45Eps_Cas           28.59875            63.67               3.38                
55_And              28.322083           40.729722           5.4                 
2Alp_Tri            28.270417           29.578889           3.41                
5Gam1Ari            28.3825             19.295833           4.83                
5Gam2Ari            28.3825             19.293611           4.75                
(28.217,-16.929)    28.217083           -16.929167          5.8                 
46Ome_Cas           29.0                68.685278           4.99                
111Xi_Psc           28.38875            3.1875              4.62                
Tau2Hyi             26.94375            -80.176667          6.06                
(28.724,40.702)     28.724167           40.701944           6.24                
(28.74,37.128)      28.739583           37.128333           6.26                
6Bet_Ari            28.66               20.808056           2.64                
(28.347,-38.595)    28.346667           -38.594722          6.1                 
Psi_Phe             28.411667           -46.3025            4.41                
(28.977,37.278)     28.976667           37.277778           5.89                
56_And              29.03875            37.251667           5.67                
Phi_Phe             28.591667           -42.496944          5.11                
7_Ari               28.9625             23.577222           5.74                
(28.974,1.85)       28.974167           1.849722            6.01                
(29.639,61.698)     29.63875            61.698056           6.02                
(29.485,41.694)     29.485              41.694444           6.78                
8Iot_Ari            29.337917           17.8175             5.1                 
(29.432,27.804)     29.4325             27.804444           5.82                
56_Cet              29.1675             -22.526944          4.85                
Chi_Eri             28.989583           -51.608889          3.7                 
(29.908,64.621)     29.908333           64.621389           5.26                
3_Per               29.64               49.204167           5.69                
9Lam_Ari            29.482083           23.596111           4.79                
Eta2Hyi             28.73375            -67.647222          4.69                
(28.943,-60.861)    28.943333           -60.861389          6.06                
(30.738,77.916)     30.738333           77.916389           6.04                
(29.25,-51.766)     29.250417           -51.766111          6.1                 
(29.292,-47.385)    29.291667           -47.385             4.83                
48_Cas              30.489167           70.906944           4.54                
(29.611,-33.067)    29.61125            -33.066667          6.35                
(29.899,21.058)     29.89875            21.058333           5.87                
(29.858,12.295)     29.857917           12.294722           6.09                
(30.794,73.851)     30.79375            73.850556           6.23                
50_Cas              30.85875            72.421389           3.98                
47_Cas              31.280833           77.281389           5.38                
112_Psc             30.038333           3.097222            5.88                
57_Cet              29.942083           -20.824444          5.41                
(29.473,-65.425)    29.473333           -65.424722          6.37                
59Ups_Cet           30.00125            -21.077778          4.0                 
52_Cas              30.719583           64.901389           6.0                 
(30.112,-8.524)     30.112083           -8.523611           5.51                
(29.912,-42.031)    29.911667           -42.030556          5.57                
53_Cas              30.75125            64.39               5.58                
4_Per               30.575417           54.4875             5.04                
Alp_Hyi             29.6925             -61.569722          2.86                
49_Cas              31.38               76.115              5.22                
Sig_Hyi             28.960417           -78.348333          6.16                
Pi_For              30.31125            -30.001667          5.35                
113Alp_Psc          30.511667           2.763611            5.23                
113Alp_Psc          30.511667           2.763611            4.33                
(32.355,81.296)     32.355417           81.295833           6.05                
(31.167,65.103)     31.167083           65.103333           6.52                
3Eps_Tri            30.741667           33.283889           5.5                 
(29.921,-66.066)    29.92125            -66.066389          6.1                 
(30.647,13.477)     30.646667           13.476667           5.94                
Chi_Phe             30.426667           -44.713611          5.14                
57Gam1And           30.975              42.329722           2.26                
(34.215,57.055)     34.215417           57.055278           6.48                
57Gam2And           30.977917           42.330833           4.84                
10_Ari              30.91375            25.935556           5.63                
(30.617,-29.665)    30.617083           -29.665             6.42                
60_Cet              30.79875            0.128333            5.43                
(30.744,-15.306)    30.744167           -15.305833          5.86                
(30.928,18.253)     30.9275             18.253333           6.21                
61_Cet              30.950833           -0.340278           5.93                
(30.919,-4.104)     30.91875            -4.103611           5.62                
Nu_For              31.1225             -29.296944          4.69                
12Kap_Ari           31.64125            22.648333           5.03                
(31.551,8.248)      31.55125            8.2475              6.31                
11_Ari              31.705              25.704722           6.15                
(31.622,0.035)      31.622083           0.035               6.28                
13Alp_Ari           31.793333           23.4625             2.0                 
(32.169,58.424)     32.16875            58.423611           5.67                
(32.14,44.459)      32.14               44.459444           6.42                
58_And              32.122083           37.859167           4.82                
(32.532,53.843)     32.5325             53.843056           6.31                
4Bet_Tri            32.385833           34.987222           3.0                 
14_Ari              32.355417           25.939722           4.98                
(32.346,17.224)     32.34625            17.224444           6.43                
(32.19,-17.779)     32.190417           -17.779444          6.1                 
(33.338,74.028)     33.338333           74.027778           6.29                
5_Per               32.870833           57.645833           6.36                
59_And              32.72               39.039444           5.63                
59_And              32.72375            39.043056           6.1                 
(32.395,-24.346)    32.395              -24.345833          6.48                
15_Ari              32.656667           19.500278           5.7                 
(32.289,-43.517)    32.28875            -43.516667          5.85                
16_Ari              32.8                25.936944           6.02                
5_Tri               32.854167           31.526389           6.23                
64_Cet              32.837917           8.569722            5.63                
(32.52,-43.816)     32.520417           -43.815556          6.32                
(32.607,-50.824)    32.606667           -50.824444          6.12                
(32.842,-10.052)    32.8425             -10.052222          6.01                
63_Cet              32.899167           -1.825278           5.93                
55_Cas              33.62125            66.524444           6.07                
(33.423,58.561)     33.422917           58.561111           6.44                
6_Tri               33.092917           30.303056           4.94                
60_And              33.305417           44.231667           4.83                
(33.156,24.168)     33.15625            24.167778           5.96                
(33.401,51.066)     33.40125            51.065833           5.31                
17Eta_Ari           33.200417           21.210833           5.27                
(33.511,47.484)     33.510833           47.484167           6.06                
19_Ari              33.26375            15.279722           5.71                
65Xi_1Cet           33.25               8.846667            4.37                
66_Cet              33.197917           -2.393611           5.54                
(33.254,-21.0)      33.25375            -21.000278          5.86                
Mu_For              33.227083           -30.723889          5.28                
(33.991,47.811)     33.99125            47.811389           6.33                
7_Tri               33.984167           33.358889           5.28                
20_Ari              33.941667           25.783056           5.79                
21_Ari              33.928333           25.043056           5.58                
(33.868,-9.466)     33.867917           -9.465556           6.55                
(33.633,-41.167)    33.633333           -41.166667          5.91                
8Del_Tri            34.263333           34.224167           4.87                
8_Per               34.499583           57.899722           5.75                
7_Per               34.51875            57.516667           5.98                
(34.389,44.307)     34.389167           44.306944           6.7                 
9Gam_Tri            34.32875            33.847222           4.01                
(34.293,23.768)     34.293333           23.767778           6.55                
67_Cet              34.245833           -6.422222           5.51                
Pi_1Hyi             33.56125            -67.841667          5.55                
(35.054,64.337)     35.05375            64.337222           6.6                 
22The_Ari           34.53125            19.901111           5.62                
62_And              34.82               47.38               5.3                 
(34.795,46.472)     34.795417           46.4725             6.21                
(34.506,1.758)      34.505833           1.757778            5.58                
(34.845,48.955)     34.844583           48.955278           6.37                
Phi_Eri             34.1275             -51.512222          3.56                
10_Tri              34.7375             28.6425             5.03                
(34.742,23.168)     34.741667           23.167778           6.46                
(34.905,39.835)     34.905417           39.835              6.63                
Pi_2Hyi             33.86875            -67.746389          5.69                
(35.172,47.311)     35.1725             47.310833           6.11                
(35.018,30.188)     35.018333           30.188333           6.47                
68Omi_Cet           34.83625            -2.9775             3.04                
63_And              35.2425             50.151389           5.59                
(34.744,-25.946)    34.74375            -25.945556          6.34                
(34.92,-4.346)      34.92               -4.345556           6.5                 
9_Per               35.589167           55.845556           5.17                
(34.853,-41.848)    34.852917           -41.848333          6.37                
(35.71,41.396)      35.709583           41.396389           5.82                
(34.976,-55.945)    34.97625            -55.944722          5.81                
69_Cet              35.485833           0.395833            5.28                
(35.966,55.364)     35.965833           55.364444           6.28                
70_Cet              35.551667           -0.885              5.42                
(35.506,-10.778)    35.505833           -10.777778          5.46                
(35.521,-17.662)    35.520833           -17.662222          5.87                
64_And              36.10375            50.006667           5.19                
Kap_For             35.635833           -23.816389          5.2                 
10_Per              36.316667           56.61               6.25                
(35.741,-18.354)    35.740833           -18.354444          6.22                
(35.549,-43.2)      35.549167           -43.2               6.31                
65_And              36.405833           50.278611           4.71                
(35.777,-37.576)    35.777083           -37.576389          6.53                
(35.728,-51.092)    35.7275             -51.092222          5.92                
24Xi_Ari            36.204167           10.610556           5.47                
(36.084,-25.848)    36.08375            -25.8475            6.44                
71_Cet              36.243333           -2.78               6.33                
Del_Hyi             35.437083           -68.659444          4.09                
(36.141,-40.841)    36.140833           -40.840556          6.18                
Iot_Cas             37.266667           67.4025             4.52                
72Rho_Cet           36.4875             -12.290556          4.89                
66_And              36.965833           50.569722           6.12                
(36.501,-15.341)    36.50125            -15.341111          5.83                
(36.779,27.013)     36.779167           27.013333           6.18                
11_Tri              36.865417           31.801389           5.54                
(36.647,-20.043)    36.646667           -20.042778          5.88                
Lam_Hor             36.224583           -60.311944          5.35                
Kap_Hyi             35.717917           -73.645833          5.01                
(37.354,55.536)     37.354167           55.536389           6.51                
12_Tri              37.041667           29.669444           5.29                
73Xi_2Cet           37.039583           8.46                4.28                
(37.0,1.961)        37.0                1.960833            6.45                
13_Tri              37.202083           29.931944           5.89                
Kap_Eri             36.74625            -47.703889          4.25                
(36.36,-66.495)     36.359583           -66.494722          6.41                
(37.307,23.469)     37.306667           23.468889           6.19                
Phi_For             37.007083           -33.811111          5.14                
(37.397,9.566)      37.397083           9.565833            6.07                
(37.569,33.834)     37.569167           33.833889           6.25                
(37.148,-31.102)    37.1475             -31.1025            6.11                
(37.635,25.235)     37.635              25.235              5.92                
26_Ari              37.66               19.855278           6.15                
(37.481,-22.683)    37.480833           -22.682778          6.77                
27_Ari              37.726667           17.703889           6.23                
(37.688,0.255)      37.688333           0.255278            6.0                 
(37.558,-25.186)    37.5575             -25.186389          6.51                
(37.018,-64.3)      37.018333           -64.299722          6.37                
(37.637,-22.546)    37.636667           -22.545556          6.1                 
14_Tri              38.025833           36.147222           5.15                
(37.875,2.267)      37.875417           2.267222            5.25                
(38.219,34.542)     38.21875            34.5425             5.83                
75_Cet              38.039167           -1.035              5.35                
76Sig_Cet           38.021667           -15.244722          4.75                
29_Ari              38.225417           15.034722           6.04                
(38.062,-36.428)    38.061667           -36.4275            6.3                 
(39.508,72.818)     39.508333           72.818333           5.16                
Lam1For             38.279167           -34.65              5.9                 
(38.418,-20.002)    38.4175             -20.001944          6.21                
(38.866,39.664)     38.86625            39.664444           6.36                
(39.4,65.746)       39.400417           65.745556           5.78                
(38.912,37.312)     38.911667           37.312222           5.71                
Ome_For             38.46125            -28.2325            4.9                 
15_Tri              38.945              34.6875             5.35                
(38.767,7.471)      38.767083           7.471389            6.18                
77_Cet              38.677917           -7.859444           5.75                
(39.02,6.887)       39.020417           6.886944            5.82                
78Nu_Cet            38.96875            5.593333            4.86                
(38.478,-51.094)    38.4775             -51.093611          6.24                
(39.238,38.733)     39.238333           38.732778           5.9                 
(39.179,31.608)     39.17875            31.6075             6.1                 
(39.26,34.264)      39.260417           34.263889           5.3                 
80_Cet              39.0                -7.831667           5.53                
(39.337,39.896)     39.336667           39.895833           6.54                
(39.277,32.892)     39.276667           32.891944           6.25                
(38.39,-62.587)     38.39               -62.586944          6.77                
31_Ari              39.157917           12.4475             5.68                
30_Ari              39.240417           24.648333           7.09                
30_Ari              39.252083           24.6475             6.5                 
(39.146,7.73)       39.14625            7.729722            5.81                
Iot1For             39.03875            -30.044722          5.75                
(39.574,37.727)     39.574167           37.726667           6.18                
(39.616,38.089)     39.615833           38.089444           6.3                 
(39.503,7.695)      39.503333           7.695278            6.39                
81_Cet              39.424167           -3.396111           5.65                
Lam2For             39.244167           -34.578333          5.79                
32Nu_Ari            39.704167           21.961389           5.43                
(41.948,81.448)     41.948333           81.448333           5.78                
(39.654,3.443)      39.65375            3.443056            6.21                
Mu_Hyi              37.91875            -79.109444          5.28                
Iot2For             39.577917           -30.194167          5.83                
Eta_Hor             39.351667           -52.543056          5.31                
82Del_Cet           39.870833           0.328611            4.07                
(39.603,-37.991)    39.603333           -37.990556          6.49                
83Eps_Cet           39.890833           -11.872222          4.84                
33_Ari              40.17125            27.060833           5.3                 
(40.065,6.112)      40.065417           6.111944            6.25                
(40.051,-9.453)     40.05125            -9.453056           5.78                
11_Per              40.761667           55.105833           5.77                
(40.01,-30.634)     40.010417           -30.633889          6.52                
(40.749,53.526)     40.74875            53.526111           5.84                
12_Per              40.562083           40.193889           4.91                
(39.95,-42.892)     39.95               -42.891667          4.75                
84_Cet              40.307917           -0.695833           5.71                
(41.207,67.825)     41.207083           67.824722           5.95                
(40.758,48.266)     40.757917           48.265556           6.48                
34Mu_Ari            40.591667           20.011667           5.69                
Iot_Eri             40.166667           -39.855556          4.11                
(40.451,-3.213)     40.45125            -3.213333           6.05                
(40.392,-14.549)    40.391667           -14.549444          5.98                
(40.62,10.742)      40.620417           10.741667           6.3                 
(39.882,-64.282)    39.882083           -64.281944          6.55                
13The_Per           41.05               49.228333           4.12                
14_Per              41.021667           44.296944           5.43                
35_Ari              40.862917           27.707222           4.66                
Zet_Hor             40.165              -54.55              5.21                
(40.963,25.638)     40.963333           25.638056           6.35                
86Gam_Cet           40.825              3.235833            3.47                
(40.528,-38.384)    40.5275             -38.383889          6.01                
Eps_Hyi             39.8975             -68.266944          4.11                
(40.535,-46.524)    40.535417           -46.524444          6.1                 
36_Ari              41.079583           17.763889           6.46                
37Omi_Ari           41.137083           15.311667           5.77                
Iot_Hor             40.639583           -50.800278          5.41                
89Pi_Cet            41.030833           -13.858611          4.25                
38_Ari              41.24               12.445833           5.18                
87Mu_Cet            41.235417           10.114167           4.27                
(40.835,-40.528)    40.834583           -40.5275            6.36                
(42.231,69.634)     42.23125            69.634167           6.18                
(41.337,4.712)      41.337083           4.711667            6.03                
(41.085,-32.525)    41.085417           -32.525             6.22                
1Tau1Eri            41.275833           -18.5725            4.47                
(41.743,35.984)     41.742917           35.983611           6.25                
(41.765,35.555)     41.764583           35.555              6.3                 
(41.045,-52.571)    41.044583           -52.570556          6.15                
(41.319,-46.287)    41.31875            -46.287222          6.85                
(40.861,-66.714)    40.860833           -66.714444          6.26                
39_Ari              41.977083           29.247222           4.51                
(42.378,57.084)     42.378333           57.084167           6.25                
(41.688,-21.64)     41.688333           -21.639722          6.49                
(41.797,-22.486)    41.796667           -22.485556          6.47                
40_Ari              42.13375            18.283611           5.82                
(42.995,68.889)     42.994583           68.888611           5.8                 
(42.191,25.188)     42.19125            25.188056           5.86                
(42.363,37.326)     42.362917           37.326111           6.45                
(41.983,-12.461)    41.983333           -12.460556          6.9                 
Gam_Hor             41.364583           -63.704444          5.74                
15Eta_Per           42.674167           55.895556           3.76                
Eta1For             41.890417           -35.550833          6.51                
42Pi_Ari            42.322917           17.464167           5.22                
Zet_Hyi             41.385833           -67.616667          4.84                
41_Ari              42.495833           27.260556           3.63                
(42.94,58.315)      42.939583           58.314722           6.45                
16_Per              42.64625            38.318611           4.23                
Bet_For             42.2725             -32.405833          4.46                
(42.924,46.842)     42.92375            46.841944           5.88                
17_Per              42.878333           35.059722           4.53                
Gam1For             42.4625             -24.560278          6.14                
Gam2For             42.475833           -27.941667          5.39                
(43.217,52.998)     43.216667           52.997778           6.36                
43Sig_Ari           42.873333           15.081944           5.49                
Eta2For             42.561667           -35.843611          5.92                
(43.338,48.569)     43.338333           48.569444           6.26                
2Tau2Eri            42.759583           -21.004167          4.75                
Eta3For             42.668333           -35.676111          5.47                
Nu_Hor              42.25625            -62.806667          5.26                
(42.7,-39.932)      42.699583           -39.931667          6.36                
18Tau_Per           43.564583           52.7625             3.95                
20_Per              43.4275             38.3375             5.33                
(43.299,16.483)     43.29875            16.483333           6.31                
(43.134,-12.769)    43.13375            -12.769444          6.04                
(42.98,-30.814)     42.980417           -30.814444          6.4                 
(43.21,-9.441)      43.210417           -9.441111           6.32                
(43.987,61.521)     43.987083           61.521111           5.59                
(44.103,64.332)     44.103333           64.3325             6.24                
(43.397,-22.376)    43.397083           -22.376389          5.95                
Psi_For             43.393333           -38.436944          5.92                
(44.211,51.261)     44.210833           51.260833           6.22                
(44.139,47.164)     44.139167           47.163889           6.02                
(43.08,-62.91)      43.08               -62.909722          6.03                
45Rho2Ari           43.952083           18.331667           5.91                
(43.47,-49.89)      43.470417           -49.890278          4.0                 
46Rho3Ari           44.10875            18.023056           5.63                
(44.058,8.382)      44.0575             8.381667            5.97                
(43.527,-50.871)    43.527083           -50.871389          6.21                
Nu_Hyi              42.61875            -75.066944          4.75                
21_Per              44.322083           31.934167           5.11                
3Eta_Eri            44.107083           -8.898056           3.89                
(44.156,-3.712)     44.155833           -3.712222           5.17                
(44.51,38.615)      44.509583           38.615              6.04                
(44.269,4.501)      44.269167           4.501111            6.11                
47_Ari              44.521667           20.668611           5.8                 
22Pi_Per            44.690417           39.662778           4.7                 
(43.587,-64.436)    43.587083           -64.435556          6.56                
(46.532,79.419)     46.5325             79.418611           5.49                
24_Per              44.765417           35.183056           4.93                
4_Eri               44.34875            -23.861944          5.45                
(44.305,-29.855)    44.304583           -29.855278          6.29                
(44.958,47.221)     44.957917           47.220833           5.47                
(44.916,41.033)     44.91625            41.033056           5.89                
48Eps_Ari           44.802917           21.340278           4.63                
48Eps_Ari           44.802917           21.340278           4.63                
6_Eri               44.52375            -23.606111          5.84                
(45.218,52.352)     45.2175             52.351667           5.28                
(45.222,52.352)     45.2225             52.352222           6.74                
(44.675,-2.782)     44.675              -2.7825             5.23                
(44.386,-38.191)    44.38625            -38.191111          6.41                
(45.049,38.132)     45.049167           38.131667           6.11                
(44.698,-9.776)     44.6975             -9.776389           6.14                
91Lam_Cet           44.92875            8.9075              4.7                 
The1Eri             44.565417           -40.304722          3.24                
The2Eri             44.567917           -40.304444          4.35                
5_Eri               44.921667           -2.465              5.56                
(44.778,-28.907)    44.7775             -28.906944          6.14                
Zet_For             44.900417           -25.274167          5.71                
(45.184,10.87)      45.18375            10.870278           5.95                
(44.91,-32.507)     44.909583           -32.507222          6.31                
7_Eri               45.2125             -2.878611           6.11                
49_Ari              45.475417           26.462222           5.9                 
(47.928,81.471)     47.928333           81.470556           5.95                
8Rho1Eri            45.291667           -7.662778           5.75                
(45.468,5.336)      45.467917           5.336111            6.25                
Bet_Hor             44.699167           -64.071389          4.99                
93_Cet              45.59375            4.352778            5.61                
92Alp_Cet           45.57               4.089722            2.53                
(45.484,-9.961)     45.48375            -9.961389           5.83                
(45.539,-6.495)     45.53875            -6.494722           6.19                
Eps_For             45.407083           -28.091667          5.89                
23Gam_Per           46.199167           53.506389           2.93                
(45.876,28.27)      45.87625            28.269722           6.36                
9Rho2Eri            45.67625            -7.685278           5.32                
(46.385,56.706)     46.385              56.705833           4.76                
11Tau3Eri           45.597917           -23.624444          4.09                
(46.416,56.069)     46.41625            56.068611           6.11                
25Rho_Per           46.294167           38.840278           3.39                
(46.829,64.058)     46.829167           64.057778           5.89                
(46.337,40.582)     46.336667           40.5825             6.05                
(46.17,15.856)      46.169583           15.856111           6.49                
10Rho3Eri           46.068333           -7.600833           5.26                
(46.159,1.864)      46.15875            1.863611            6.05                
52_Ari              46.36125            25.255278           6.8                 
52_Ari              46.36125            25.255278           7.0                 
(45.733,-46.975)    45.732917           -46.975             5.82                
(47.016,52.213)     47.01625            52.213333           6.31                
(46.599,13.187)     46.59875            13.187222           5.62                
(47.985,74.394)     47.984583           74.393611           4.87                
(46.948,47.308)     46.9475             47.308333           6.41                
Mu_Hor              45.903333           -59.737778          5.11                
(46.64,-6.089)      46.639583           -6.088611           5.27                
26Bet_Per           47.042083           40.955556           2.12                
Iot_Per             47.266667           49.613333           4.05                
53_Ari              46.857083           17.88               6.11                
The_Hyi             45.564167           -71.9025            5.53                
54_Ari              47.088333           18.795              6.27                
27Kap_Per           47.374167           44.857222           3.8                 
(47.161,8.471)      47.16125            8.470833            6.28                
(46.962,-27.831)    46.962083           -27.831111          6.19                
55_Ari              47.402917           29.076944           5.72                
(47.537,27.82)      47.536667           27.82               6.42                
(47.612,26.896)     47.6125             26.896389           6.02                
28Ome_Per           47.8225             39.611667           4.63                
(47.662,11.872)     47.662083           11.8725             5.98                
(48.11,47.726)      48.11               47.725833           6.33                
(48.04,42.376)      48.04               42.376111           6.15                
57Del_Ari           47.9075             19.726667           4.35                
(47.841,13.048)     47.84125            13.047778           6.12                
(47.648,-23.738)    47.6475             -23.738333          6.38                
56_Ari              48.059167           27.256944           5.79                
(47.828,-3.812)     47.828333           -3.811667           6.05                
(48.35,48.177)      48.35               48.176944           5.9                 
(47.82,-16.025)     47.82               -16.025278          6.26                
(48.11,6.661)       48.11               6.660833            5.56                
(46.955,-69.266)    46.955              -69.265556          6.15                
(47.614,-48.734)    47.614167           -48.734167          6.12                
(50.082,77.735)     50.082083           77.734722           5.45                
94_Cet              48.193333           -1.196111           5.06                
Alp_For             48.017917           -28.986944          3.87                
(48.95,57.141)      48.95               57.140833           5.79                
(53.084,84.911)     53.08375            84.911111           5.61                
(48.736,42.504)     48.73625            42.503889           6.07                
(49.382,65.659)     49.381667           65.658611           6.36                
(48.108,-44.42)     48.1075             -44.419722          5.93                
(49.051,50.938)     49.050833           50.937778           5.03                
(48.256,-35.944)    48.25625            -35.943889          6.27                
(48.835,30.557)     48.835417           30.556667           5.52                
58Zet_Ari           48.725417           21.044444           4.89                
(49.02,45.346)      49.019583           45.345833           6.16                
(48.408,-29.804)    48.408333           -29.804167          6.16                
(48.946,32.856)     48.945833           32.856389           6.31                
(49.008,34.689)     49.007917           34.688611           6.25                
(48.138,-57.322)    48.138333           -57.321667          5.74                
(49.146,32.184)     49.14625            32.183611           6.06                
(49.298,40.483)     49.2975             40.483333           6.45                
(48.751,-26.1)      48.750833           -26.100278          6.25                
(46.883,-78.989)    46.883333           -78.989444          5.57                
30_Per              49.4475             44.025              5.47                
(49.004,-5.919)     49.00375            -5.918611           6.17                
13Zet_Eri           48.958333           -8.819722           4.8                 
(49.998,65.652)     49.9975             65.652222           4.84                
(49.441,39.283)     49.440833           39.283333           5.96                
29_Per              49.6575             50.222222           5.15                
14_Eri              49.14875            -9.154444           6.14                
31_Per              49.781667           50.095              5.03                
(49.047,-30.828)    49.047083           -30.8275            6.65                
(49.682,34.223)     49.6825             34.222778           4.82                
95_Cet              49.593333           -0.930278           5.38                
(49.512,-28.797)    49.511667           -28.796944          5.91                
15_Eri              49.592083           -22.511389          4.88                
59_Ari              49.9825             27.071111           5.9                 
96Kap1Cet           49.840417           3.370278            4.83                
(49.672,-18.56)     49.671667           -18.559722          5.71                
(49.361,-47.752)    49.360833           -47.751667          5.85                
(50.085,29.048)     50.085              29.048333           4.47                
60_Ari              50.106667           25.662778           6.12                
(50.469,49.071)     50.469167           49.070833           5.93                
32_Per              50.360417           43.329444           4.95                
16Tau4Eri           49.879167           -21.757778          3.69                
(49.895,-24.123)    49.895              -24.123056          5.61                
61Tau1Ari           50.306667           21.146944           5.28                
Zet1Ret             49.4425             -62.575278          5.54                
97Kap2Cet           50.278333           3.675556            5.69                
(49.982,-43.07)     49.982083           -43.069722          4.27                
(51.169,64.586)     51.16875            64.586111           5.23                
Zet2Ret             49.55375            -62.506389          5.24                
(50.805,49.213)     50.805              49.213333           5.29                
62_Ari              50.549583           27.6075             5.52                
(50.188,-26.606)    50.188333           -26.606389          6.39                
(49.496,-66.927)    49.495833           -66.926944          6.05                
63Tau2Ari           50.688333           20.741944           5.09                
(50.35,-23.635)     50.35               -23.635278          5.52                
33Alp_Per           51.080833           49.861111           1.79                
(50.568,-25.588)    50.567917           -25.587778          6.35                
(51.124,33.536)     51.12375            33.535833           5.61                
(51.452,53.922)     51.451667           53.921667           6.51                
(50.389,-47.777)    50.38875            -47.776944          6.39                
64_Ari              51.077083           24.724167           5.5                 
(50.913,4.882)      50.912917           4.881944            6.38                
(50.824,-7.794)     50.824167           -7.794167           6.2                 
Iot_Hyi             48.99               -77.388333          5.52                
(51.289,41.257)     51.289167           41.257222           6.51                
65_Ari              51.10875            20.803611           6.08                
(51.042,12.629)     51.042083           12.629444           6.04                
(51.489,49.121)     51.489167           49.120833           6.09                
1Omi_Tau            51.203333           9.028889            3.6                 
(50.936,-32.707)    50.935833           -32.707222          6.5                 
(52.581,71.864)     52.58125            71.863889           6.32                
(52.098,60.256)     52.098333           60.255556           6.49                
(52.013,49.063)     52.012917           49.062778           4.98                
(52.267,59.94)      52.267083           59.940278           4.21                
(51.763,18.756)     51.763333           18.756389           6.57                
(52.218,49.848)     52.218333           49.848333           5.58                
2Xi_Tau             51.7925             9.732778            3.74                
(51.828,12.735)     51.827917           12.735              6.28                
(52.479,58.879)     52.47875            58.878611           4.54                
(52.087,33.808)     52.086667           33.8075             5.61                
Chi1For             51.4825             -35.920833          6.39                
(52.547,59.366)     52.547083           59.366111           6.13                
34_Per              52.342083           49.508889           4.67                
(51.594,-27.318)    51.59375            -27.3175            5.93                
(52.501,55.452)     52.500833           55.451944           5.09                
(52.359,46.938)     52.359167           46.937778           6.24                
66_Ari              52.110833           22.804167           6.03                
(51.549,-41.637)    51.54875            -41.636944          6.32                
(52.004,-11.287)    52.004167           -11.286667          5.73                
(52.654,48.104)     52.654167           48.103611           5.82                
35Sig_Per           52.64375            47.995278           4.36                
(51.01,-69.625)     51.010417           -69.624722          6.15                
Chi2For             51.889167           -35.681389          5.71                
(53.802,73.347)     53.801667           73.346944           6.57                
(52.872,49.21)      52.8725             49.209722           6.29                
NOVA_1901           0.0                 0.0                 0.0                 
Chi3For             52.047917           -35.853333          6.5                 
(52.955,49.401)     52.954583           49.400833           6.39                
(52.413,-6.805)     52.412917           -6.805              5.99                
4_Tau               52.602083           11.336389           5.14                
(52.4,-12.675)      52.4                -12.674722          5.59                
(53.036,48.024)     53.035833           48.023611           5.47                
(51.401,-69.336)    51.400833           -69.336389          5.96                
(52.837,27.572)     52.836667           27.571944           5.96                
5_Tau               52.718333           12.936667           4.11                
(52.689,6.189)      52.689167           6.188611            5.94                
(53.384,58.765)     53.38375            58.765              6.4                 
36_Per              53.109583           46.056944           5.31                
17_Eri              52.654583           -5.075278           4.73                
(53.422,57.869)     53.421667           57.868889           6.37                
(53.163,44.856)     53.162917           44.855556           6.41                
(53.412,54.975)     53.4125             54.974722           5.98                
(53.167,35.462)     53.166667           35.461667           5.9                 
(52.479,-42.634)    52.479167           -42.634167          5.78                
(52.557,-41.37)     52.556667           -41.37              6.12                
(53.753,60.041)     53.753333           60.041111           6.46                
(53.396,39.899)     53.39625            39.899444           5.81                
6_Tau               53.15               9.373611            5.77                
(54.853,75.74)      54.853333           75.739722           6.27                
(52.654,-47.375)    52.654167           -47.375278          5.99                
(52.975,-25.614)    52.974583           -25.614167          6.38                
Kap_Ret             52.344583           -62.9375            4.72                
18Eps_Eri           53.2325             -9.458333           3.73                
(53.535,17.833)     53.534583           17.832778           6.17                
7_Tau               53.610833           24.464444           5.92                
37Psi_Per           54.1225             48.192778           4.23                
19Tau5Eri           53.447083           -21.632778          4.27                
(53.705,6.418)      53.705              6.417778            6.49                
(53.145,-50.379)    53.145              -50.378611          5.68                
(53.656,-9.869)     53.655833           -9.868611           6.25                
(52.715,-66.49)     52.715              -66.489722          5.83                
(53.487,-31.08)     53.486667           -31.080278          6.2                 
(54.582,56.933)     54.582083           56.932778           6.3                 
(53.64,-31.875)     53.639583           -31.874722          6.4                 
(53.215,-61.017)    53.215              -61.016944          6.41                
(54.501,42.583)     54.500833           42.583056           6.42                
(53.99,-11.194)     53.990417           -11.193611          5.57                
(54.197,0.588)      54.197083           0.587778            5.71                
20_Eri              54.0725             -17.466944          5.23                
10_Tau              54.218333           0.401667            4.28                
(54.449,15.431)     54.449167           15.430833           6.39                
(54.75,20.916)      54.750417           20.915833           6.5                 
(53.603,-65.764)    53.602917           -65.764444          6.75                
(55.539,63.217)     55.53875            63.216667           5.1                 
(54.274,-40.275)    54.27375            -40.274722          4.58                
(62.506,86.626)     62.50625            86.626111           5.86                
(54.622,-7.392)     54.621667           -7.391667           5.85                
(52.495,-78.352)    52.495              -78.351944          5.7                 
(54.857,16.537)     54.857083           16.536667           6.16                
21_Eri              54.754583           -5.626111           5.96                
(55.678,59.969)     55.677917           59.969444           5.76                
(55.283,37.58)      55.282917           37.58               5.57                
Tau_For             54.69875            -27.943056          6.01                
12_Tau              54.962917           3.056944            5.57                
(54.91,-3.393)      54.909583           -3.393056           6.23                
(54.856,-10.437)    54.855833           -10.437222          6.19                
11_Tau              55.192917           25.329444           6.11                
(54.998,-1.121)     54.997917           -1.120556           6.12                
(55.048,-15.227)    55.0475             -15.226667          6.33                
22_Eri              55.159583           -5.210556           5.53                
39Del_Per           55.73125            47.7875             3.01                
40_Per              55.59375            33.965              4.97                
(56.504,67.202)     56.50375            67.201667           5.8                 
(55.308,-11.803)    55.3075             -11.803056          6.49                
13_Tau              55.57875            19.700278           5.69                
(56.027,48.524)     56.026667           48.523611           6.06                
(55.343,-19.585)    55.343333           -19.584722          6.59                
(56.51,63.345)      56.509583           63.345              4.8                 
(56.17,46.1)        56.170417           46.099722           6.11                
38Omi_Per           56.079583           32.288333           3.83                
14_Tau              55.946667           19.665              6.14                
(56.131,36.46)      56.130833           36.46               5.59                
Del_For             55.562083           -31.938333          5.0                 
41Nu_Per            56.298333           42.578611           3.77                
23Del_Eri           55.812083           -9.763333           3.54                
(56.117,20.929)     56.117083           20.928611           6.1                 
(57.308,70.871)     57.3075             70.871111           5.44                
(55.891,-10.486)    55.890833           -10.485556          5.6                 
16_Tau              56.200833           24.289444           5.46                
(56.497,45.682)     56.497083           45.681944           5.66                
17_Tau              56.21875            24.113333           3.7                 
(55.709,-37.314)    55.70875            -37.313611          4.59                
18_Tau              56.290417           24.839167           5.64                
19_Tau              56.302083           24.467222           4.3                 
24_Eri              56.127083           -1.163056           5.25                
(56.884,55.922)     56.884167           55.9225             6.1                 
Gam_Cam             57.589583           71.332222           4.63                
20_Tau              56.456667           24.367778           3.87                
25_Eri              56.235417           -0.296667           5.55                
21_Tau              56.476667           24.554722           5.76                
22_Tau              56.512083           24.528056           6.43                
29_Tau              56.418333           6.05                5.35                
(54.125,-78.323)    54.125              -78.323056          6.29                
(57.38,65.526)      57.38               65.526111           4.47                
23_Tau              56.581667           23.948333           4.18                
(56.026,-40.66)     56.025833           -40.660278          6.45                
(57.403,63.297)     57.402917           63.297222           5.85                
(56.54,6.803)       56.539583           6.803056            5.91                
(57.076,50.737)     57.07625            50.736667           6.14                
(57.332,57.118)     57.331667           57.118056           6.46                
26Pi_Eri            56.535417           -12.101667          4.42                
(56.969,33.6)       56.969167           33.6                6.57                
(56.954,32.195)     56.95375            32.195              6.25                
25Eta_Tau           56.87125            24.105              2.87                
(57.924,68.508)     57.924167           68.5075             6.32                
(56.211,-48.061)    56.210833           -48.061389          6.49                
(56.141,-54.274)    56.140833           -54.273889          6.3                 
(56.316,-47.36)     56.315833           -47.359722          5.73                
(57.284,43.963)     57.284167           43.963056           6.02                
Sig_For             56.614167           -29.338056          5.9                 
(57.087,23.421)     57.087083           23.421111           5.45                
27Tau6Eri           56.712083           -23.249722          4.23                
30_Tau              57.067917           11.143333           5.07                
Bet_Ret             56.05               -64.806944          3.85                
(57.519,44.968)     57.51875            44.967778           5.66                
42_Per              57.385833           33.091389           5.11                
27_Tau              57.290417           24.053333           3.63                
(56.834,-29.902)    56.83375            -29.901944          6.55                
28_Tau              57.296667           24.136667           5.09                
28Tau7Eri           56.915              -23.874722          5.24                
(57.162,0.228)      57.162083           0.227778            5.91                
(57.431,23.712)     57.43125            23.711667           6.17                
Rho_For             56.983333           -30.167778          5.54                
(57.479,22.244)     57.479167           22.244444           6.07                
(56.957,-36.106)    56.956667           -36.105833          6.21                
(57.149,-20.903)    57.149167           -20.903056          5.81                
(57.579,25.579)     57.57875            25.579444           5.26                
(57.148,-37.622)    57.1475             -37.622222          5.4                 
(57.15,-37.621)     57.149583           -37.620556          4.73                
(57.974,34.359)     57.97375            34.359167           5.77                
(58.43,57.975)      58.430417           57.975              5.8                 
(57.902,22.032)     57.9025             22.031667           6.83                
(57.816,13.046)     57.815833           13.045833           6.3                 
(57.364,-36.2)      57.36375            -36.200278          4.17                
(59.126,71.822)     59.125833           71.821667           6.34                
(58.018,31.168)     58.017917           31.168333           6.25                
(58.411,48.651)     58.41125            48.650556           5.76                
31_Tau              58.000833           6.534722            5.67                
(57.657,-36.425)    57.656667           -36.425278          6.86                
(58.292,17.327)     58.291667           17.326944           5.97                
30_Eri              58.173333           -5.361389           5.48                
44Zet_Per           58.532917           31.883611           2.85                
(59.356,63.072)     59.35625            63.072222           5.03                
(59.285,61.109)     59.284583           61.108889           5.0                 
(58.304,-18.434)    58.304167           -18.434444          6.22                
(58.992,47.871)     58.9925             47.871389           5.37                
Gam_Hyi             56.809583           -74.238889          3.24                
(58.846,31.046)     58.845833           31.045833           6.1                 
43_Per              59.152083           50.695278           5.28                
32_Eri              58.5725             -2.952778           6.14                
32_Eri              58.572917           -2.954722           4.79                
33Tau8Eri           58.4275             -24.6125            4.65                
(58.412,-34.732)    58.412083           -34.732222          5.11                
(59.12,35.081)      59.119583           35.081111           5.49                
(58.389,-46.894)    58.38875            -46.893611          5.93                
(58.818,-12.099)    58.817917           -12.099167          6.0                 
32_Tau              59.217083           22.478056           5.63                
(58.597,-40.357)    58.596667           -40.357222          5.71                
45Eps_Per           59.463333           40.010278           2.89                
33_Tau              59.265833           23.175556           6.06                
(59.36,24.462)      59.36               24.461944           6.16                
(59.513,34.814)     59.512917           34.814444           6.53                
(59.257,6.04)       59.257083           6.04                6.09                
(59.158,-9.751)     59.157917           -9.750833           6.19                
(59.621,38.84)      59.62125            38.840278           6.3                 
(58.642,-52.691)    58.641667           -52.690556          6.46                
46Xi_Per            59.74125            35.791111           4.04                
(59.917,38.821)     59.916667           38.820556           6.38                
(62.512,80.699)     62.511667           80.698611           5.1                 
34Gam_Eri           59.5075             -13.508611          2.95                
(59.718,-5.47)      59.717917           -5.47               5.83                
(59.92,10.331)      59.919583           10.330833           6.37                
(60.311,36.99)      60.31125            36.99               6.41                
(59.875,-12.574)    59.875417           -12.574167          5.6                 
(59.017,-63.464)    59.016667           -63.463611          6.14                
(60.154,17.297)     60.15375            17.296667           6.32                
(60.203,18.194)     60.203333           18.193889           5.89                
35Lam_Tau           60.17               12.490278           3.47                
36Tau9Eri           59.98125            -24.016389          4.66                
(61.513,68.68)      61.512917           68.68               5.87                
(61.113,59.156)     61.113333           59.155556           5.06                
(60.442,9.998)      60.442083           9.997778            5.67                
35_Eri              60.383333           -1.549722           5.28                
(59.679,-57.102)    59.67875            -57.1025            6.05                
(60.17,-30.491)     60.169583           -30.490833          5.93                
Del_Ret             59.68625            -61.400278          4.56                
(61.662,65.521)     61.6625             65.520833           6.17                
(60.653,-0.269)     60.652917           -0.268889           5.38                
(60.065,-51.565)    60.065417           -51.564722          6.51                
38Nu_Tau            60.789167           5.989167            3.91                
36_Tau              61.090417           24.105833           5.47                
40_Tau              60.935833           5.435556            5.33                
(60.986,8.197)      60.985833           8.197222            5.46                
(61.652,54.009)     61.6525             54.008611           6.31                
37_Tau              61.17375            22.081944           4.36                
(61.041,2.827)      61.04125            2.826944            5.36                
(60.853,-20.144)    60.852917           -20.144167          6.46                
(60.903,-20.158)    60.903333           -20.158333          7.01                
(61.963,62.33)      61.962917           62.33               6.99                
47Lam_Per           61.645833           50.351389           4.29                
39_Tau              61.334167           22.008889           5.9                 
(61.036,-16.589)    61.03625            -16.588889          6.39                
Gam_Ret             60.224167           -62.159444          4.51                
(61.095,-12.792)    61.094583           -12.7925            5.61                
Iot_Ret             60.325833           -61.078889          4.97                
(61.171,-20.382)    61.170833           -20.381667          6.13                
41_Tau              61.651667           27.6                5.2                 
42Psi_Tau           61.752083           29.001389           5.23                
(62.365,59.908)     62.365              59.908056           6.28                
(55.634,-85.262)    55.63375            -85.262222          6.41                
(61.485,-8.856)     61.485417           -8.856111           6.26                
48_Per              62.165417           47.7125             4.04                
(61.445,-20.512)    61.444583           -20.512222          6.34                
(61.406,-27.652)    61.405833           -27.651667          5.59                
(62.343,54.829)     62.343333           54.828889           6.18                
49_Per              62.06375            37.727778           6.09                
50_Per              62.1525             38.039722           5.51                
(61.925,15.163)     61.925              15.162778           6.01                
(61.998,17.34)      61.9975             17.339722           5.89                
(63.437,72.126)     63.437083           72.126389           6.03                
(63.215,68.502)     63.215              68.501667           6.32                
43Ome1Tau           62.291667           19.609167           5.5                 
(62.257,13.398)     62.256667           13.398333           5.95                
(61.855,-42.917)    61.854583           -42.916944          6.59                
(62.746,33.587)     62.745833           33.586667           5.72                
44_Tau              62.707917           26.480833           5.41                
(62.324,-16.386)    62.324167           -16.385833          5.37                
(67.054,83.808)     67.054167           83.807778           5.57                
37_Eri              62.59375            -6.923889           5.44                
(62.141,-45.865)    62.14125            -45.864722          6.59                
45_Tau              62.834583           5.523056            5.72                
(62.699,-8.82)      62.69875            -8.819722           5.7                 
(61.84,-64.222)     61.84               -64.2225            6.38                
(63.131,17.278)     63.130833           17.2775             6.09                
(63.758,57.46)      63.7575             57.460278           6.08                
(63.213,22.414)     63.213333           22.413611           6.12                
38Omi1Eri           62.96625            -6.8375             4.04                
(62.691,-35.274)    62.690833           -35.273889          6.44                
(62.901,-20.356)    62.900833           -20.356111          5.79                
(63.498,37.967)     63.498333           37.966944           6.45                
Del_Hor             62.710833           -41.993611          4.93                
51Mu_Per            63.724583           48.409444           4.14                
(67.5,83.341)       67.500417           83.340556           5.46                
(64.223,61.85)      64.223333           61.850278           5.7                 
52_Per              63.722083           40.483611           4.71                
(63.395,10.212)     63.395              10.212222           6.23                
(63.38,8.891)       63.380417           8.890556            6.51                
46_Tau              63.387917           7.716111            5.29                
(63.458,12.753)     63.457917           12.753333           6.25                
47_Tau              63.485              9.263611            4.84                
(63.409,-1.15)      63.409167           -1.149722           6.44                
(64.284,57.861)     64.284167           57.860556           5.71                
(64.18,53.612)      64.179583           53.611944           5.19                
(63.651,10.011)     63.65125            10.011111           5.22                
(63.132,-44.368)    63.131667           -44.368333          6.71                
(66.762,80.824)     66.761667           80.824167           5.43                
39_Eri              63.59875            -10.256389          4.87                
48_Tau              63.942917           15.400556           6.32                
49Mu_Tau            63.88375            8.892222            4.29                
(63.858,6.2)        63.8575             6.199722            6.93                
(63.872,6.187)      63.871667           6.186667            6.31                
(63.399,-40.358)    63.39875            -40.357778          6.37                
(64.561,50.296)     64.560833           50.295556           4.61                
40Omi2Eri           63.817917           -7.652778           4.43                
Alp_Hor             63.500417           -42.294444          3.86                
(65.168,65.141)     65.167917           65.140556           5.27                
(64.534,42.141)     64.534167           42.141111           6.22                
50Ome2Tau           64.315              20.578611           4.94                
(64.805,50.049)     64.805417           50.048889           5.45                
51_Tau              64.596667           21.579167           5.65                
(64.33,-6.472)      64.33               -6.471944           5.94                
(65.048,50.921)     65.047917           50.920833           5.55                
(64.602,9.487)      64.602083           9.486667            6.54                
(65.448,60.736)     65.448333           60.735556           5.39                
Alp_Ret             63.60625            -62.473889          3.35                
(65.06,41.808)      65.06               41.808056           5.92                
Gam_Dor             64.006667           -51.486667          4.25                
53_Tau              64.85875            21.142222           5.35                
(63.703,-62.192)    63.702917           -62.191944          5.45                
56_Tau              64.902917           21.773611           5.38                
(65.466,56.507)     65.465833           56.506667           5.88                
54_Per              65.1025             34.566667           4.93                
(65.042,31.953)     65.041667           31.953333           6.16                
(64.566,-20.716)    64.56625            -20.715556          6.0                 
54Gam_Tau           64.948333           15.6275             3.65                
41Ups4Eri           64.47375            -33.798333          3.56                
52Phi_Tau           65.08875            27.350833           4.95                
(64.906,10.121)     64.90625            10.121389           6.31                
53_Per              65.388333           46.498889           4.85                
57_Tau              64.990417           14.035278           5.59                
(65.741,59.616)     65.74125            59.616389           6.19                
(64.656,-22.97)     64.655833           -22.970278          6.07                
(65.105,18.742)     65.104583           18.7425             6.12                
Eps_Ret             64.120417           -59.301944          4.44                
58_Tau              65.15125            15.095278           5.26                
(64.088,-60.949)    64.087917           -60.948611          6.37                
(65.22,13.864)      65.22               13.864167           6.17                
(64.762,-33.905)    64.7625             -33.905             6.37                
(65.172,6.131)      65.171667           6.130833            5.77                
(65.204,9.226)      65.204167           9.225556            6.53                
(65.161,-6.246)     65.16125            -6.245556           6.27                
(65.178,-7.592)     65.178333           -7.5925             5.85                
(64.819,-44.268)    64.819167           -44.268056          5.34                
(64.667,-52.86)     64.666667           -52.86              6.09                
(65.363,-0.098)     65.362917           -0.098056           5.86                
(65.162,-20.64)     65.1625             -20.639722          5.38                
60_Tau              65.514583           14.077222           5.72                
59Chi_Tau           65.645417           25.629167           5.37                
(65.595,20.821)     65.595              20.821389           5.91                
(65.9,42.428)       65.899583           42.428056           6.23                
The_Ret             64.4175             -63.255556          5.87                
61Del1Tau           65.73375            17.5425             3.76                
(65.38,-25.728)     65.380417           -25.728333          6.01                
(65.885,20.982)     65.885              20.982222           5.99                
63_Tau              65.854167           16.777222           5.64                
55_Per              66.121667           34.130556           5.73                
62_Tau              65.999167           24.301111           6.36                
56_Per              66.155833           33.959722           5.76                
64Del2Tau           66.024167           17.443889           4.8                 
66_Tau              65.96625            9.460833            5.12                
(66.754,57.585)     66.75375            57.585278           6.32                
42Xi_Eri            65.92               -3.745556           5.17                
(65.774,-24.892)    65.77375            -24.892222          5.83                
(66.238,19.042)     66.237917           19.041667           5.98                
(65.782,-35.545)    65.782083           -35.545             6.39                
65Kap1Tau           66.342083           22.293889           4.22                
67Kap2Tau           66.354167           22.199722           5.28                
68Del3Tau           66.3725             17.928056           4.29                
(66.526,31.439)     66.52625            31.438889           5.28                
70_Tau              66.405417           15.940833           6.46                
69Ups_Tau           66.577083           22.813611           4.28                
43_Eri              66.009167           -34.016944          3.96                
71_Tau              66.586667           15.618333           4.49                
Eta_Ret             65.472083           -63.386389          5.24                
73Pi_Tau            66.651667           14.713611           4.69                
(66.588,8.59)       66.587917           8.590278            6.06                
(66.235,-34.758)    66.235              -34.757778          6.55                
72_Tau              66.822917           22.996389           5.53                
(66.753,2.079)      66.752917           2.079444            6.23                
(68.378,72.529)     68.377917           72.528611           5.94                
(66.87,11.212)      66.87               11.2125             5.88                
(67.003,21.62)      67.003333           21.62               5.72                
(66.33,-44.161)     66.329583           -44.160833          6.39                
(66.051,-57.071)    66.050833           -57.071389          6.29                
(67.216,30.361)     67.21625            30.361389           6.4                 
75_Tau              67.11               16.359722           4.97                
76_Tau              67.0975             14.740833           5.9                 
(69.122,23.341)     69.121667           23.340833           6.02                
74Eps_Tau           67.154167           19.180278           3.53                
(66.738,-24.081)    66.7375             -24.081389          6.11                
77The1Tau           67.14375            15.962222           3.84                
78The2Tau           67.165417           15.870833           3.4                 
(67.015,1.859)      67.015              1.858611            6.15                
79_Tau              67.209167           13.0475             5.03                
(67.134,1.381)      67.13375            1.380833            5.55                
(66.272,-61.238)    66.272083           -61.238333          5.94                
1_Cam               68.0075             53.910833           5.77                
(66.775,-46.948)    66.775              -46.9475            6.1                 
(67.66,32.458)      67.659583           32.458056           6.21                
(67.429,10.522)     67.42875            10.521667           6.79                
(67.162,-19.458)    67.1625             -19.458333          5.96                
80_Tau              67.535833           15.638056           5.58                
(67.279,-13.048)    67.27875            -13.048333          5.6                 
(67.85,40.01)       67.85               40.010278           6.26                
(67.51,10.262)      67.51               10.2625             6.48                
Del_Men             64.49625            -80.213889          5.69                
(67.64,16.194)      67.640417           16.193889           4.78                
81_Tau              67.662083           15.691944           5.48                
(67.039,-41.96)     67.039167           -41.96              6.44                
83_Tau              67.655417           13.724444           5.4                 
(67.54,-13.592)     67.540417           -13.592222          6.24                
85_Tau              67.965833           15.851667           6.02                
(67.333,-46.515)    67.333333           -46.515278          6.16                
57_Per              68.35375            43.063889           6.09                
(66.941,-62.521)    66.94125            -62.520833          5.75                
(68.02,5.41)        68.02               5.41                6.39                
45_Eri              67.969583           -0.043889           4.91                
(67.858,-13.645)    67.857917           -13.645             6.21                
(67.668,-35.654)    67.667917           -35.653611          5.96                
(69.101,64.262)     69.100833           64.261667           5.94                
(68.156,-3.209)     68.155833           -3.209167           5.81                
(68.387,18.017)     68.387083           18.016667           6.25                
Del_Cae             67.70875            -44.953889          5.07                
86Rho_Tau           68.462083           14.844444           4.65                
(68.658,28.961)     68.658333           28.961111           5.88                
(68.45,9.413)       68.450417           9.413056            6.01                
(68.342,-10.786)    68.341667           -10.785833          6.06                
(68.535,5.569)      68.534583           5.568611            5.68                
46_Eri              68.478333           -6.738889           5.72                
(68.559,-6.838)     68.559167           -6.837778           6.09                
47_Eri              68.548333           -8.231389           5.11                
(68.549,-8.97)      68.54875            -8.970278           5.26                
50Ups1Eri           68.3775             -29.766667          4.51                
58_Per              69.1725             41.264722           4.25                
(68.928,19.882)     68.927917           19.881667           6.36                
Nu_Men              65.24125            -81.58              5.79                
87Alp_Tau           68.98               16.509167           0.85                
88_Tau              68.91375            10.160833           4.25                
(68.808,-9.737)     68.808333           -9.736667           6.37                
(68.752,-19.921)    68.752083           -19.920556          6.13                
(69.007,-3.612)     69.006667           -3.611944           6.33                
48Nu_Eri            69.079583           -3.3525             3.93                
52Ups2Eri           68.8875             -30.562222          3.82                
Alp_Dor             68.499167           -55.045             3.27                
2_Cam               69.992083           53.473056           5.35                
3_Cam               69.977917           53.079722           5.05                
(71.501,76.611)     71.50125            76.611111           6.49                
(69.307,0.998)      69.307083           0.998333            5.31                
(69.623,26.94)      69.623333           26.94               6.47                
(69.566,20.685)     69.565833           20.684722           5.92                
89_Tau              69.539167           16.033333           5.79                
90_Tau              69.539583           12.510833           4.27                
51_Eri              69.400417           -2.473333           5.23                
(68.392,-62.824)    68.391667           -62.823611          5.79                
(69.212,-30.717)    69.212083           -30.716667          6.3                 
(69.846,25.218)     69.84625            25.218333           6.22                
91Sig1Tau           69.788333           15.799722           5.07                
92Sig2Tau           69.81875            15.918056           4.69                
(69.776,7.871)      69.775833           7.870833            5.39                
53_Eri              69.545              -14.303889          3.87                
(70.35,48.301)      70.350417           48.300833           5.67                
(69.723,-12.123)    69.723333           -12.123056          5.01                
93_Tau              70.014167           12.197778           5.46                
(65.712,-82.899)    65.712083           -82.899167          6.76                
(70.825,59.521)     70.825417           59.520833           6.5                 
(69.832,-14.359)    69.832083           -14.359167          5.45                
(69.947,-1.053)     69.946667           -1.052778           6.1                 
(70.46,38.28)       70.459583           38.280278           5.99                
(70.332,28.615)     70.3325             28.615              5.78                
(72.21,75.941)      72.209583           75.941111           6.06                
(69.19,-62.078)     69.19               -62.0775            5.4                 
(70.84,49.974)      70.84               49.973889           5.87                
59_Per              70.72625            43.365              5.29                
(70.028,-24.482)    70.028333           -24.4825            5.58                
54_Eri              70.110417           -19.671667          4.32                
94Tau_Tau           70.56125            22.956944           4.28                
(69.768,-51.673)    69.767917           -51.672778          6.44                
95_Tau              70.8075             24.088889           6.13                
(71.054,40.787)     71.05375            40.786944           6.08                
(70.951,32.865)     70.95125            32.865278           6.45                
Alp_Cae             70.140417           -41.863889          4.45                
Bet_Cae             70.514583           -37.144444          5.05                
(70.076,-58.944)    70.07625            -58.943611          6.53                
55_Eri              70.894167           -8.793611           6.82                
55_Eri              70.89625            -8.796111           6.7                 
(71.108,11.146)     71.1075             11.146111           5.4                 
56_Eri              71.022083           -8.503611           5.9                 
(70.789,-30.766)    70.78875            -30.765556          5.68                
(72.652,70.942)     72.651667           70.941667           6.37                
4_Cam               72.00125            56.757222           5.3                 
(71.427,23.628)     71.427083           23.628056           6.35                
(71.033,-18.667)    71.033333           -18.666667          5.53                
(71.685,40.313)     71.685              40.312778           5.97                
(72.029,55.602)     72.029167           55.6025             6.26                
Lam_Pic             70.693333           -50.481389          5.31                
(71.57,18.735)      71.57               18.735              6.01                
(70.934,-41.065)    70.934167           -41.064722          6.25                
(71.507,11.706)     71.507083           11.705556           5.37                
57Mu_Eri            71.375417           -3.254722           4.02                
(71.268,-21.284)    71.2675             -21.283611          5.72                
(71.6,-2.954)       71.600417           -2.954444           6.33                
(75.086,81.194)     75.08625            81.193889           5.07                
(71.457,-34.005)    71.456667           -34.005             6.86                
(71.608,-28.088)    71.6075             -28.0875            6.19                
(71.481,-39.357)    71.480833           -39.356667          6.05                
(73.022,63.505)     73.021667           63.505278           5.44                
(72.329,32.588)     72.329167           32.588333           5.86                
(72.303,31.437)     72.303333           31.437222           5.58                
Kap_Dor             71.087917           -59.732778          5.27                
(69.59,-77.656)     69.590417           -77.656111          6.05                
58_Eri              71.90125            -16.934444          5.51                
(72.478,37.488)     72.4775             37.488333           4.88                
(72.186,3.588)      72.185833           3.588333            6.03                
(72.789,48.741)     72.78875            48.740833           5.66                
(72.151,-5.674)     72.15125            -5.673889           5.78                
96_Tau              72.43375            15.904167           6.08                
59_Eri              72.135417           -16.329444          5.77                
Zet_Cae             71.956667           -30.020278          6.37                
(71.241,-63.23)     71.24125            -63.229722          6.46                
Mu_Men              70.76625            -70.931111          5.54                
9Alp_Cam            73.5125             66.342778           4.29                
1Pi_3Ori            72.46               6.961389            3.19                
2Pi_2Ori            72.652917           8.900278            4.36                
(72.426,-13.77)     72.425833           -13.769722          6.26                
(73.291,52.841)     73.290833           52.840833           6.41                
97_Tau              72.84375            18.839722           5.1                 
(72.141,-43.98)     72.140833           -43.98              6.72                
60_Eri              72.548333           -16.217222          5.03                
(73.199,42.587)     73.199167           42.586667           5.71                
2_Aur               73.158333           36.703056           4.78                
3Pi_4Ori            72.801667           5.605               3.69                
(72.931,9.975)      72.930833           9.975               6.11                
(73.196,27.898)     73.19625            27.8975             5.97                
5_Cam               73.762917           55.259167           5.52                
4Omi1Ori            73.133333           14.250556           4.74                
(72.568,-41.321)    72.5675             -41.320833          6.07                
(73.714,44.061)     73.71375            44.060833           6.08                
(72.868,-34.906)    72.8675             -34.906389          5.86                
61Ome_Eri           73.22375            -5.452778           4.39                
(74.03,52.869)      74.029583           52.869444           5.75                
5_Ori               73.345              2.508056            5.33                
Iot_Pic             72.73               -53.461389          5.61                
Iot_Pic             72.734583           -53.459722          6.42                
(73.482,1.569)      73.4825             1.569444            6.61                
(73.743,19.485)     73.742917           19.485278           6.37                
8Pi_5Ori            73.562917           2.440556            3.72                
7_Cam               74.321667           53.752222           4.47                
6_Ori               73.695417           11.426111           5.19                
7Pi_1Ori            73.724167           10.150833           4.65                
(73.699,7.779)      73.699167           7.779167            5.33                
(75.584,74.269)     75.58375            74.269167           6.06                
(74.083,36.169)     74.082917           36.168889           6.07                
(73.711,0.468)      73.71125            0.4675              5.99                
(74.065,24.592)     74.065              24.592222           6.37                
(73.96,15.04)       73.959583           15.04               5.81                
3Iot_Aur            74.248333           33.166111           2.69                
(73.993,5.399)      73.993333           5.399167            6.5                 
(73.778,-16.741)    73.778333           -16.740556          5.7                 
9Omi2Ori            74.092917           13.514444           4.07                
(73.828,-16.418)    73.8275             -16.417778          5.72                
62_Eri              74.100833           -5.171389           5.51                
(73.876,-25.728)    73.875833           -25.727778          6.72                
(73.728,-39.629)    73.728333           -39.628611          6.1                 
(74.343,17.154)     74.342917           17.153611           5.48                
99_Tau              74.452917           23.948611           5.79                
(76.054,73.764)     76.054167           73.763889           6.66                
8_Cam               74.942917           53.155556           6.08                
(76.166,74.067)     76.165833           74.066944           5.96                
98_Tau              74.539167           25.050278           5.81                
(74.322,-1.067)     74.321667           -1.067222           6.23                
4Ome_Aur            74.814167           37.890278           4.94                
(75.4,61.078)       75.399583           61.078056           6.03                
(75.71,66.823)      75.71               66.822778           6.19                
(74.437,-14.231)    74.436667           -14.231389          6.15                
(74.545,-2.212)     74.545              -2.2125             6.35                
(73.721,-58.547)    73.720833           -58.547222          6.12                
(73.377,-66.676)    73.377083           -66.675556          6.41                
5_Aur               75.07625            39.394722           5.95                
(74.748,14.543)     74.7475             14.542778           6.09                
10Pi_6Ori           74.637083           1.714167            4.47                
6_Aur               75.096667           39.655              6.58                
10Bet_Cam           75.854583           60.442222           4.03                
(74.755,-16.376)    74.755417           -16.375833          5.66                
7Eps_Aur            75.492083           43.823333           2.99                
(73.273,-72.408)    73.272917           -72.4075            6.28                
(74.902,-14.806)    74.902083           -14.805833          7.71                
63_Eri              74.96               -10.263333          5.38                
(75.136,3.615)      75.135833           3.615278            7.03                
(75.141,3.616)      75.14125            3.616111            6.66                
64_Eri              74.9825             -12.5375            4.79                
8Zet_Aur            75.619583           41.075833           3.75                
(75.166,-2.066)     75.165833           -2.065556           6.32                
(75.204,-5.753)     75.204167           -5.753333           6.22                
(75.828,41.442)     75.8275             41.441667           6.14                
(82.95,85.939)      82.95               85.938611           6.51                
65Psi_Eri           75.359583           -7.173889           4.81                
(75.46,0.722)       75.459583           0.722222            5.92                
(75.5,1.609)        75.5                1.608889            6.24                
102Iot_Tau          75.77375            21.59               4.64                
(75.357,-20.052)    75.356667           -20.051944          4.91                
11_Cam              76.535417           58.9725             5.08                
12_Cam              76.550833           59.021111           6.08                
(76.624,61.17)      76.62375            61.17               6.04                
(75.69,-4.21)       75.689583           -4.209722           5.85                
(76.06,30.495)      76.060417           30.494722           6.14                
(76.154,32.32)      76.15375            32.320278           6.62                
(75.541,-26.275)    75.540833           -26.275             5.02                
Eta_Men             73.796667           -74.936944          5.47                
(76.592,54.406)     76.591667           54.405833           7.24                
(75.394,-39.718)    75.39375            -39.718056          6.03                
(76.158,27.696)     76.157917           27.696111           6.6                 
(76.09,21.278)      76.09               21.278056           6.19                
1_Lep               75.687083           -22.795             5.75                
(75.595,-31.771)    75.595              -31.771389          5.94                
(77.403,69.639)     77.402917           69.639444           6.41                
9_Aur               76.669167           51.597778           5.0                 
11_Ori              76.142083           15.404167           4.68                
(76.504,35.936)     76.50375            35.936389           6.52                
(75.967,-14.369)    75.966667           -14.369444          6.41                
10Eta_Aur           76.62875            41.234444           3.17                
(76.384,19.806)     76.38375            19.806389           6.44                
(78.093,73.947)     78.093333           73.946667           5.43                
(76.707,43.175)     76.706667           43.174722           6.2                 
(75.972,-24.388)    75.972083           -24.387778          5.61                
(76.227,-3.04)      76.227083           -3.039722           6.05                
(77.435,64.919)     77.435417           64.919444           6.41                
(76.349,1.178)      76.34875            1.1775              6.17                
Eta1Pic             75.7025             -49.151389          5.38                
(78.648,76.473)     78.648333           76.472778           6.37                
(75.975,-41.745)    75.975              -41.745             6.31                
Gam1Cae             76.101667           -35.483333          4.55                
Gam2Cae             76.10875            -35.705278          6.34                
2Eps_Lep            76.365417           -22.371111          3.19                
(76.318,-26.152)    76.3175             -26.1525            5.73                
104_Tau             76.8625             18.645              5.0                 
66_Eri              76.690417           -4.655              5.12                
106_Tau             76.951667           20.418333           5.3                 
103_Tau             77.0275             24.265278           5.5                 
105_Tau             76.98125            21.704722           5.89                
(76.653,-13.122)    76.652917           -13.121944          6.05                
13_Ori              76.909583           9.471944            6.17                
Eta2Pic             76.241667           -49.577778          5.03                
14_Ori              76.970417           8.498333            5.34                
(76.854,-12.491)    76.854167           -12.490556          5.97                
67Bet_Eri           76.9625             -5.086389           2.79                
(76.252,-54.408)    76.2525             -54.4075            6.27                
(77.679,46.962)     77.67875            46.962222           5.68                
(77.579,37.302)     77.57875            37.301944           6.02                
(77.438,28.031)     77.437917           28.030556           6.01                
(77.084,-8.665)     77.084167           -8.665              5.78                
16_Ori              77.331667           9.829444            5.43                
68_Eri              77.181667           -4.456111           5.12                
Zet_Dor             76.3775             -57.472778          4.72                
(78.263,61.85)      78.263333           61.85               6.17                
15_Ori              77.425              15.597222           4.82                
Bet_Men             75.679167           -71.314444          5.31                
14_Cam              78.380417           62.691389           6.5                 
69Lam_Eri           77.286667           -8.754167           4.27                
(77.062,-35.718)    77.061667           -35.718333          6.52                
(77.513,-0.565)     77.513333           -0.565278           6.1                 
(75.055,-78.3)      75.055              -78.300278          6.29                
(79.555,73.268)     79.555417           73.268056           5.74                
(77.923,16.046)     77.923333           16.045556           5.18                
(77.742,-2.254)     77.741667           -2.253889           6.25                
(80.64,79.231)      80.639583           79.231111           5.05                
(77.83,-2.491)      77.83               -2.490833           5.9                 
(78.797,59.406)     78.797083           59.405556           6.15                
11Mu_Aur            78.357083           38.484444           4.86                
(77.922,0.515)      77.9225             0.514722            6.67                
(77.939,1.037)      77.93875            1.036944            5.89                
(78.685,53.214)     78.684583           53.213889           6.2                 
(77.845,-11.849)    77.845              -11.849167          5.68                
(77.685,-25.909)    77.685417           -25.909444          6.41                
(76.892,-63.4)      76.891667           -63.399722          5.2                 
3Iot_Lep            78.074583           -11.869167          4.45                
(78.201,-6.057)     78.200833           -6.057222           5.91                
17Rho_Ori           78.322917           2.861111            4.46                
(77.9,-37.395)      77.899583           -37.395278          6.57                
(76.539,-73.038)    76.53875            -73.037778          6.27                
(78.382,1.968)      78.381667           1.968056            6.09                
5Mu_Lep             78.232917           -16.205556          3.31                
(78.447,0.56)       78.446667           0.560278            6.32                
(78.389,-8.148)     78.38875            -8.147778           6.37                
4Kap_Lep            78.307917           -12.941389          4.36                
14_Aur              78.851667           32.687778           5.02                
(79.324,53.586)     79.324167           53.586111           6.5                 
13Alp_Aur           79.1725             45.998056           0.08                
(78.684,5.156)      78.68375            5.156111            5.5                 
(78.5,-14.607)      78.499583           -14.606667          6.21                
108_Tau             78.865417           22.284722           6.27                
(79.076,34.312)     79.075833           34.311944           5.96                
19Bet_Ori           78.634583           -8.201667           0.12                
(85.953,85.668)     85.952917           85.668056           6.6                 
(78.444,-35.826)    78.44375            -35.825556          6.98                
Xi_Men              74.712083           -82.470556          5.85                
(78.827,-1.409)     78.826667           -1.409167           6.15                
18_Ori              79.017083           11.341389           5.56                
15_Cam              79.865833           58.117222           6.13                
(80.094,62.654)     80.094167           62.653611           5.61                
(78.62,-35.977)     78.62               -35.977222          5.76                
(79.566,42.792)     79.56625            42.792222           5.48                
(78.851,-26.943)    78.85125            -26.943333          5.07                
(79.171,1.947)      79.17125            1.947222            6.42                
(79.668,40.465)     79.668333           40.465              6.18                
16_Aur              79.544583           33.371667           4.54                
(78.472,-52.031)    78.472083           -52.031111          6.05                
17_Aur              79.57875            33.767222           6.14                
15Lam_Aur           79.785417           40.099167           4.71                
(78.946,-34.927)    78.945833           -34.926667          6.66                
(79.2,-17.142)      79.200417           -17.141667          6.56                
(79.75,33.748)      79.75               33.748333           5.41                
(80.01,44.426)      80.009583           44.425556           6.62                
18_Aur              79.848333           33.985556           6.49                
20Tau_Ori           79.401667           -6.844444           3.6                 
(80.164,46.964)     80.16375            46.963889           6.54                
(79.418,-13.52)     79.4175             -13.519722          5.5                 
(80.062,41.086)     80.061667           41.086111           5.52                
109_Tau             79.819167           22.096389           4.94                
19_Aur              80.00375            33.958056           5.03                
(79.811,20.135)     79.81125            20.134722           6.08                
(78.912,-52.182)    78.912083           -52.181944          6.49                
Omi_Col             79.37125            -34.895278          4.83                
The_Dor             78.439167           -67.185278          4.83                
(82.357,77.978)     82.357083           77.9775             6.56                
21_Ori              79.796667           2.595833            5.34                
(79.71,-18.13)      79.71               -18.13              5.96                
(79.897,-1.412)     79.896667           -1.412222           6.34                
20Rho_Aur           80.451667           41.804444           5.23                
(80.247,27.957)     80.247083           27.957222           6.33                
16_Cam              80.865833           57.544444           5.28                
(80.303,29.57)      80.302917           29.57               5.76                
(79.823,-18.52)     79.822917           -18.52              6.36                
(79.826,-18.51)     79.82625            -18.509722          6.54                
(80.236,19.814)     80.235833           19.814167           6.18                
6Lam_Lep            79.89375            -13.176667          4.29                
7Nu_Lep             79.99625            -12.315556          5.3                 
(79.849,-27.369)    79.84875            -27.368889          5.99                
(80.11,-5.367)      80.11               -5.366667           6.39                
(80.71,41.029)      80.709583           41.029444           5.54                
(80.33,4.012)       80.330417           4.011944            6.57                
(80.112,-21.239)    80.112083           -21.239444          4.71                
(80.432,8.429)      80.431667           8.428611            5.8                 
(80.382,-0.416)     80.3825             -0.416389           5.68                
22_Ori              80.440417           -0.3825             4.73                
(80.086,-34.699)    80.085833           -34.698889          6.34                
Zet_Pic             79.842083           -50.606111          5.45                
22_Aur              80.845417           28.936667           6.46                
(80.462,-13.756)    80.4625             -13.756111          6.56                
23_Ori              80.708333           3.544444            5.0                 
(80.442,-24.773)    80.4425             -24.773056          5.06                
(80.32,-34.345)     80.320417           -34.345278          6.09                
21Sig_Aur           81.163333           37.385556           4.99                
110_Tau             80.907083           16.699444           6.08                
(81.16,31.224)      81.159583           31.223889           6.28                
(81.16,31.143)      81.160417           31.143056           5.94                
(80.88,5.322)       80.879583           5.3225              6.35                
(80.827,-8.416)     80.827083           -8.415833           5.9                 
(81.304,34.855)     81.304167           34.855278           6.55                
111_Tau             81.105833           17.383333           4.99                
(80.926,-0.16)      80.92625            -0.159722           5.7                 
(80.964,-0.867)     80.964167           -0.867222           6.11                
8_Lep               80.875833           -13.927222          5.25                
29_Ori              80.986667           -7.808056           4.14                
(80.8,-26.706)      80.8                -26.705833          6.49                
(81.151,2.353)      81.150833           2.352778            6.32                
27_Ori              81.120417           -0.891389           5.08                
28Eta_Ori           81.119167           -2.396944           3.36                
25Psi1Ori           81.186667           1.846389            4.95                
24Gam_Ori           81.282917           6.349722            1.64                
112Bet_Tau          81.572917           28.6075             1.65                
(81.118,-16.976)    81.118333           -16.976111          5.65                
(80.85,-39.679)     80.85               -39.678611          5.71                
(81.726,35.457)     81.72625            35.457222           6.15                
(81.704,34.392)     81.70375            34.391667           5.94                
(81.714,33.263)     81.71375            33.262778           6.15                
(80.912,-37.337)    80.9125             -37.336667          6.82                
113_Tau             81.52375            16.700278           6.25                
(81.257,-10.329)    81.256667           -10.329167          5.61                
(81.38,-0.544)      81.38               -0.544167           6.57                
Kap_Pic             80.592083           -56.134444          6.11                
17_Cam              82.5425             63.067222           5.42                
(81.446,0.521)      81.445833           0.520833            6.16                
(81.785,30.209)     81.784583           30.208611           5.74                
24Phi_Aur           81.912083           34.475833           5.07                
(81.51,-5.518)      81.51               -5.518333           6.23                
(81.662,6.869)      81.661667           6.869167            6.42                
115_Tau             81.792083           17.962222           5.42                
(81.808,15.258)     81.8075             15.257778           6.16                
114_Tau             81.90875            21.936944           4.88                
30Psi2Ori           81.709167           3.095556            4.59                
(81.499,-19.696)    81.499167           -19.695556          5.89                
(81.232,-44.226)    81.231667           -44.225833          6.08                
116_Tau             81.94               15.874167           5.5                 
(78.107,-81.542)    78.107083           -81.541667          6.51                
117_Tau             82.006667           17.238889           5.77                
(81.77,-11.901)     81.77               -11.900833          6.35                
The_Pic             81.1925             -52.316389          6.27                
(82.145,13.679)     82.145              13.678889           6.35                
(82.007,1.298)      82.006667           1.298333            6.41                
118_Tau             82.31875            25.150556           5.47                
(82.419,29.186)     82.419167           29.186389           6.24                
(81.902,-21.376)    81.902083           -21.375556          6.07                
(82.702,41.462)     82.7025             41.461944           6.0                 
(82.688,39.826)     82.687917           39.825833           6.37                
(82.236,-3.308)     82.23625            -3.3075             6.39                
(81.772,-40.944)    81.772083           -40.943611          5.87                
18_Cam              83.140833           57.221111           6.48                
9Bet_Lep            82.06125            -20.759444          2.84                
(82.348,-3.446)     82.348333           -3.446389           5.79                
(82.681,22.462)     82.680833           22.4625             6.29                
(82.609,15.36)      82.60875            15.360278           5.94                
(82.478,1.789)      82.478333           1.789167            5.78                
31_Ori              82.433333           -1.092222           4.71                
(82.064,-37.231)    82.06375            -37.230556          5.57                
Lam_Dor             81.580417           -58.9125            5.14                
(82.582,4.204)      82.5825             4.204167            6.21                
(82.278,-30.117)    82.277917           -30.116667          6.75                
32_Ori              82.69625            5.948056            4.2                 
(82.586,-7.435)     82.58625            -7.434722           6.33                
NOVA_1891           0.0                 0.0                 0.0                 
33_Ori              82.810417           3.292222            5.46                
25Chi_Aur           83.182083           32.191944           4.76                
(84.932,75.044)     84.932083           75.043889           6.17                
119_Tau             83.053333           18.594444           4.38                
(83.37,42.109)      83.369583           42.108889           6.55                
(83.059,17.058)     83.059167           17.058056           5.46                
(82.837,-6.708)     82.837083           -6.708333           6.22                
10_Lep              82.781667           -20.863611          5.55                
(83.365,32.801)     83.364583           32.801111           6.48                
34Del_Ori           83.002083           -0.284444           6.85                
34Del_Ori           83.001667           -0.299167           2.23                
(84.318,66.696)     84.3175             66.696111           6.26                
(83.408,34.726)     83.408333           34.725833           6.27                
36Ups_Ori           82.9825             -7.301389           4.62                
(82.54,-47.078)     82.539583           -47.077778          5.46                
19_Cam              84.312917           64.154722           6.15                
120_Tau             83.381667           18.540278           5.69                
(81.75,-68.623)     81.75               -68.622778          6.03                
(83.412,20.474)     83.411667           20.474167           6.18                
(83.172,-1.592)     83.172083           -1.591944           5.35                
Eps_Col             82.802917           -35.470556          3.87                
(83.28,-1.718)      83.28               -1.718333           6.46                
35_Ori              83.47625            14.305556           5.64                
11Alp_Lep           83.1825             -17.822222          2.58                
(84.147,54.429)     84.146667           54.428889           5.73                
(82.322,-62.314)    82.3225             -62.314444          6.59                
(83.381,-1.156)     83.380833           -1.156111           5.34                
(84.066,47.715)     84.06625            47.715278           6.11                
(82.9,-45.925)      82.900417           -45.925278          5.86                
(83.49,1.408)       83.49               1.407778            6.59                
38_Ori              83.569583           3.766944            5.36                
(83.516,-1.036)     83.51625            -1.035556           6.22                
(83.517,-1.471)     83.516667           -1.470556           5.93                
121_Tau             83.862917           24.039444           5.38                
37Phi1Ori           83.705              9.489444            4.41                
(83.214,-38.513)    83.21375            -38.513056          5.48                
(83.981,27.662)     83.98125            27.662222           6.27                
39Lam_Ori           83.784583           9.934167            3.54                
39Lam_Ori           83.785417           9.935               5.61                
(83.281,-35.14)     83.280833           -35.139722          5.78                
(82.566,-63.928)    82.56625            -63.927778          6.19                
(83.806,10.24)      83.805833           10.24               5.6                 
(84.218,40.182)     84.218333           40.182222           6.09                
(90.334,85.182)     90.334167           85.182222           6.11                
(83.754,-6.009)     83.75375            -6.009167           5.67                
(83.761,-6.002)     83.76125            -6.001944           4.78                
(83.467,-29.849)    83.467083           -29.848889          6.53                
(84.126,25.939)     84.125833           25.939444           6.49                
(83.841,-4.493)     83.840833           -4.493333           6.56                
(83.844,-4.425)     83.84375            -4.425278           6.24                
42_Ori              83.846667           -4.838333           4.59                
41The1Ori           83.81625            -5.387222           6.73                
41The1Ori           83.817083           -5.385278           7.96                
41The1Ori           83.81875            -5.389722           5.13                
41The1Ori           83.822083           -5.387778           6.7                 
43The2Ori           83.845417           -5.416111           5.08                
(83.88,-4.365)      83.879583           -4.364722           6.38                
44Iot_Ori           83.858333           -5.91               2.77                
(83.899,-3.253)     83.899167           -3.252778           6.4                 
45_Ori              83.914583           -4.855833           5.26                
(84.287,26.924)     84.286667           26.924167           5.83                
46Eps_Ori           84.053333           -1.201944           1.7                 
(84.44,33.559)      84.440417           33.559167           6.33                
122_Tau             84.265833           17.040278           5.54                
(84.062,-5.648)     84.0625             -5.648056           6.54                
40Phi2Ori           84.22625            9.290556            4.09                
(84.268,11.035)     84.268333           11.035              5.94                
(83.814,-33.08)     83.814167           -33.08              5.78                
123Zet_Tau          84.41125            21.1425             3.0                 
(84.149,-6.065)     84.14875            -6.065              5.72                
(83.435,-54.902)    83.435              -54.902222          6.43                
(84.33,8.952)       84.330417           8.951944            6.12                
26_Aur              84.65875            30.4925             5.4                 
(84.043,-28.708)    84.042917           -28.707778          6.26                
(85.61,65.698)      85.61               65.697778           5.6                 
(83.248,-64.228)    83.248333           -64.2275            5.34                
(84.364,-5.938)     84.364167           -5.938333           6.05                
(84.287,-11.776)    84.286667           -11.775556          6.11                
(84.505,7.541)      84.504583           7.541389            5.88                
(84.739,26.618)     84.739167           26.617778           6.37                
Bet_Dor             83.40625            -62.489722          3.76                
(84.472,-4.814)     84.4725             -4.813611           6.19                
(84.827,29.215)     84.826667           29.215278           5.96                
(85.335,53.481)     85.334583           53.481111           6.23                
Nu_1Col             84.31875            -27.871389          6.16                
(84.011,-47.314)    84.01125            -47.313889          6.11                
125_Tau             84.934167           25.896944           5.18                
(84.862,21.763)     84.8625             21.762778           6.34                
(83.76,-58.871)     83.76               -58.871111          6.75                
48Sig_Ori           84.686667           -2.6                3.81                
(84.696,-2.594)     84.69625            -2.594167           6.65                
(84.658,-6.574)     84.6575             -6.573889           5.96                
47Ome_Ori           84.79625            4.121389            4.57                
Nu_2Col             84.435833           -28.689444          5.31                
(83.74,-61.176)     83.74               -61.175833          6.32                
49_Ori              84.72125            -7.213056           4.8                 
(85.15,31.358)      85.149583           31.358056           6.04                
(85.175,31.921)     85.175417           31.920833           6.11                
(84.88,-3.565)      84.88               -3.564722           6.0                 
24_Cam              85.756667           56.581667           6.05                
(84.878,-9.707)     84.878333           -9.706667           6.5                 
23_Cam              86.035833           61.476667           6.15                
(84.818,-17.849)    84.817917           -17.849444          6.38                
(85.338,29.488)     85.3375             29.4875             6.43                
126_Tau             85.32375            16.533889           4.86                
(84.682,-40.708)    84.681667           -40.7075            5.82                
50Zet_Ori           85.189583           -1.942778           2.05                
50Zet_Ori           85.19               -1.942778           4.21                
(85.155,-2.825)     85.155417           -2.825              6.22                
(85.478,23.326)     85.4775             23.326389           6.59                
(85.211,-1.129)     85.210833           -1.128889           4.95                
Gam_Men             82.970417           -76.341111          5.19                
(85.516,22.66)      85.51625            22.660278           6.36                
(85.273,0.338)      85.273333           0.337778            5.93                
Alp_Col             84.912083           -34.074167          2.64                
(85.192,-10.409)    85.191667           -10.409444          6.52                
(84.958,-32.629)    84.9575             -32.629167          5.45                
(85.418,-2.896)     85.417917           -2.896111           6.42                
(84.228,-66.56)     84.227917           -66.560278          6.31                
(85.831,23.204)     85.83125            23.204167           6.21                
(85.423,-16.726)    85.422917           -16.725556          6.21                
51_Ori              85.619167           1.474722            4.91                
(83.686,-73.741)    83.68625            -73.741389          5.78                
(85.56,-17.53)      85.559583           -17.530278          6.15                
(85.362,-33.401)    85.3625             -33.400556          6.34                
(85.724,-6.796)     85.724167           -6.796111           6.02                
12_Lep              85.557917           -22.373611          5.87                
26_Cam              86.626667           56.115556           5.94                
(85.789,-1.613)     85.78875            -1.613056           6.31                
27Omi_Aur           86.475              49.826389           5.47                
(85.548,-30.536)    85.548333           -30.535556          6.19                
(85.563,-34.668)    85.562917           -34.667778          5.29                
(86.456,40.507)     86.45625            40.507222           6.58                
(85.84,-18.558)     85.84               -18.5575            5.73                
(87.27,62.808)      87.270417           62.808056           6.13                
(86.414,20.695)     86.414167           20.695              6.95                
(86.258,4.008)      86.257917           4.008056            6.09                
(86.811,42.527)     86.81125            42.526667           6.29                
(86.118,-20.126)    86.118333           -20.126389          6.34                
(85.876,-39.407)    85.875833           -39.406944          6.25                
(86.11,-22.422)     86.110417           -22.421667          6.15                
13Gam_Lep           86.115833           -22.448333          3.6                 
(85.921,-45.833)    85.92125            -45.833056          6.39                
129_Tau             86.689583           15.8225             6.0                 
(86.512,-4.268)     86.511667           -4.268333           6.34                
(86.717,9.522)      86.717083           9.522222            5.79                
(86.646,1.168)      86.645833           1.168056            5.95                
131_Tau             86.805              14.488333           5.72                
130_Tau             86.859167           17.729167           5.49                
Iot_Men             83.90125            -78.820833          6.05                
29_Cam              87.641667           56.918889           6.54                
133_Tau             86.92875            13.899722           5.29                
(88.231,68.471)     88.23125            68.471389           6.2                 
29Tau_Aur           87.29375            39.181111           4.52                
Mu_Col              86.499583           -32.306389          5.17                
(87.093,20.869)     87.093333           20.869444           6.07                
14Zet_Lep           86.73875            -14.821944          3.55                
52_Ori              87.000833           6.454167            5.27                
(86.782,-16.238)    86.781667           -16.237778          6.17                
(86.861,-10.533)    86.86125            -10.533056          6.03                
132_Tau             87.254167           24.5675             4.86                
(87.735,51.515)     87.735              51.514722           6.29                
53Kap_Ori           86.939167           -9.669722           2.06                
(86.77,-28.639)     86.769583           -28.639167          6.22                
30_Cam              88.0725             58.964167           6.14                
(87.145,-4.095)     87.145417           -4.094722           5.97                
(86.614,-46.597)    86.614167           -46.597222          5.31                
(86.828,-35.675)    86.8275             -35.674722          6.32                
134_Tau             87.387083           12.651111           4.91                
31Ups_Aur           87.76               37.305556           4.74                
32Nu_Aur            87.8725             39.148611           3.97                
(87.742,27.968)     87.742083           27.967778           5.56                
(87.511,9.871)      87.510833           9.871111            5.8                 
Del_Dor             86.193333           -65.735556          4.35                
135_Tau             87.620417           14.305556           5.52                
(86.992,-40.652)    86.992083           -40.6525            6.61                
(87.857,32.125)     87.857083           32.125              6.25                
(87.555,4.423)      87.554583           4.423333            5.97                
Bet_Pic             86.82125            -51.066389          3.85                
(87.402,-14.484)    87.402083           -14.483611          5.49                
Pi_Men              84.290833           -80.469167          5.65                
(86.804,-54.361)    86.804167           -54.360833          6.18                
(87.625,2.024)      87.625              2.024444            5.98                
(88.165,39.574)     88.164583           39.574444           6.45                
(87.473,-22.972)    87.472917           -22.971667          5.87                
31_Cam              88.740833           59.888333           5.2                 
(88.167,33.918)     88.167083           33.9175             5.98                
30Xi_Aur            88.711667           55.706944           4.99                
(88.098,19.868)     88.0975             19.868056           6.06                
55_Ori              87.841667           -7.518056           5.35                
(87.392,-44.875)    87.392083           -44.875278          6.38                
137_Tau             88.092917           14.171667           5.59                
136_Tau             88.331667           27.612222           4.58                
15Del_Lep           87.830417           -20.879167          3.81                
(87.869,-22.926)    87.869167           -22.926111          6.17                
56_Ori              88.11               1.855               4.78                
(88.33,20.299)      88.329583           20.299167           6.71                
(88.032,-9.041)     88.031667           -9.041389           5.97                
Bet_Col             87.74               -35.768333          3.12                
(89.396,66.096)     89.395833           66.096111           6.25                
Gam_Pic             87.457083           -56.166667          4.51                
(87.998,-29.449)    87.997917           -29.448611          6.45                
(87.619,-52.768)    87.619167           -52.767778          6.35                
(89.06,51.804)      89.06               51.803889           6.49                
(88.746,31.702)     88.745833           31.701667           5.9                 
54Chi1Ori           88.595417           20.276111           4.41                
(88.556,10.587)     88.555833           10.586944           6.12                
(87.722,-52.109)    87.721667           -52.108889          5.17                
(88.634,11.762)     88.634167           11.7625             6.59                
(88.565,3.225)      88.565417           3.225278            6.31                
57_Ori              88.73625            19.749722           5.92                
(88.138,-37.631)    88.138333           -37.631111          5.63                
(89.27,49.029)      89.270417           49.029444           6.47                
(88.199,-38.526)    88.19875            -38.525833          6.7                 
Lam_Col             88.27875            -33.801389          4.87                
(88.684,0.968)      88.68375            0.968333            6.0                 
(88.645,-4.064)     88.644583           -4.063889           6.57                
(82.558,-84.785)    82.557917           -84.785             6.2                 
(88.489,-19.638)    88.489167           -19.638333          6.69                
58Alp_Ori           88.792917           7.406944            0.5                 
Lam_Men             86.950417           -72.702222          6.53                
(88.955,20.175)     88.955417           20.175              5.4                 
Eps_Dor             87.473333           -66.901111          5.11                
(88.682,-11.774)    88.681667           -11.773889          5.66                
(89.141,28.942)     89.140833           28.942222           6.32                
(89.015,13.925)     89.014583           13.925278           6.6                 
(88.559,-29.148)    88.55875            -29.147778          6.36                
(88.345,-42.921)    88.345417           -42.921389          6.55                
(88.876,-4.616)     88.87625            -4.616389           5.87                
(88.898,-4.788)     88.8975             -4.788333           6.28                
(88.085,-57.156)    88.084583           -57.156111          5.94                
(87.846,-64.034)    87.845833           -64.033611          6.36                
(89.234,24.25)      89.23375            24.249722           6.02                
(89.117,9.51)       89.116667           9.509722            5.99                
(89.206,11.521)     89.20625            11.521111           5.87                
33Del_Aur           89.881667           54.284722           3.72                
(91.289,75.586)     91.28875            75.585833           6.4                 
(89.94,55.321)      89.940417           55.320833           6.44                
(89.95,54.547)      89.950417           54.547222           6.14                
(89.841,49.924)     89.840833           49.924444           5.89                
(88.719,-39.958)    88.71875            -39.958056          5.57                
(88.545,-50.362)    88.544583           -50.361944          6.52                
139_Tau             89.49875            25.953889           4.82                
16Eta_Lep           89.10125            -14.167778          3.71                
(89.06,-22.84)      89.059583           -22.840278          5.96                
Xi_Col              88.874583           -37.120833          4.97                
34Bet_Aur           89.882083           44.9475             1.9                 
(88.671,-49.627)    88.67125            -49.626944          6.1                 
(89.144,-23.216)    89.14375            -23.215556          6.36                
35Pi_Aur            89.98375            45.936944           4.26                
Sig_Col             89.087083           -31.3825            5.5                 
(89.476,1.224)      89.475833           1.224444            6.22                
(88.709,-52.635)    88.709167           -52.635278          5.29                
37The_Aur           89.930417           37.2125             2.62                
(90.079,44.592)     90.079167           44.591944           6.22                
(89.549,-0.994)     89.54875            -0.994167           6.22                
(89.204,-31.976)    89.204167           -31.976111          6.44                
(89.722,12.809)     89.721667           12.808611           5.7                 
59_Ori              89.601667           1.836944            5.9                 
36_Aur              90.244167           47.901944           5.73                
(88.525,-63.09)     88.525417           -63.09              4.65                
60_Ori              89.706667           0.553056            5.22                
(88.55,-64.482)     88.549583           -64.482222          6.63                
(90.43,48.959)      90.429583           48.959444           5.96                
Gam_Col             89.384167           -35.283333          4.36                
1_Mon               89.754167           -9.382222           6.12                
2_Mon               89.767917           -9.558333           5.03                
(89.907,-1.444)     89.907083           -1.444444           6.63                
(90.292,31.035)     90.2925             31.034722           5.98                
(90.252,27.572)     90.251667           27.572222           6.05                
(90.703,49.906)     90.702917           49.905556           6.05                
(90.014,-3.074)     90.014167           -3.074167           4.53                
(89.31,-53.426)     89.31               -53.426111          6.45                
(90.723,43.379)     90.723333           43.378611           6.42                
(90.423,22.401)     90.423333           22.400833           6.37                
(89.657,-44.034)    89.656667           -44.034444          5.81                
(90.074,-12.9)      90.07375            -12.899722          6.22                
38_Aur              90.825              42.911667           6.1                 
Eta_Col             89.786667           -42.815278          3.96                
(91.285,59.393)     91.284583           59.393056           6.34                
(90.73,32.636)      90.729583           32.635833           6.24                
(91.121,51.573)     91.12125            51.573333           6.45                
61Mu_Ori            90.595833           9.6475              4.12                
Kap_Men             87.569583           -79.361389          5.47                
(91.663,63.454)     91.663333           63.453611           6.39                
(90.571,1.694)      90.57125            1.694444            6.59                
3_Mon               90.46               -10.598056          4.95                
(90.305,-25.418)    90.304583           -25.417778          6.05                
64_Ori              90.86375            19.690556           5.14                
(90.318,-33.912)    90.318333           -33.911667          5.55                
39_Aur              91.264167           42.981667           5.87                
(90.853,11.681)     90.852917           11.680833           6.08                
1_Gem               91.03               23.263333           4.16                
62Chi2Ori           90.98               20.138333           4.63                
(90.641,-14.497)    90.640833           -14.497222          6.2                 
(91.261,37.964)     91.260833           37.964167           6.34                
(90.205,-51.216)    90.205              -51.216389          5.67                
(91.392,33.599)     91.391667           33.599167           6.23                
(90.815,-26.284)    90.814583           -26.284444          5.04                
(91.535,35.388)     91.535417           35.3875             6.12                
(91.056,-6.709)     91.05625            -6.709167           5.21                
40_Aur              91.64625            38.482778           5.36                
63_Ori              91.2425             5.42                5.67                
66_Ori              91.243333           4.158611            5.63                
(91.594,29.512)     91.59375            29.5125             6.08                
(91.862,41.854)     91.862083           41.854167           6.12                
17_Lep              91.24625            -16.484444          4.93                
(91.085,-32.172)    91.084583           -32.1725            5.65                
(91.362,-10.243)    91.3625             -10.242778          5.87                
(90.538,-60.097)    90.538333           -60.096944          6.45                
37_Cam              92.49625            58.935833           5.36                
(92.096,41.056)     92.095833           41.055556           6.36                
(91.661,-4.194)     91.66125            -4.193889           5.38                
18The_Lep           91.53875            -14.935278          4.67                
(91.44,-24.196)     91.440417           -24.195556          6.95                
(91.118,-45.037)    91.118333           -45.036667          6.35                
(91.168,-45.079)    91.1675             -45.078889          5.93                
67Nu_Ori            91.892917           14.768333           4.42                
(91.363,-35.514)    91.362917           -35.513611          5.8                 
(91.716,-11.174)    91.71625            -11.173611          6.66                
(91.195,-48.459)    91.195417           -48.458611          6.58                
(91.633,-23.111)    91.633333           -23.110556          5.47                
(91.523,-29.759)    91.522917           -29.758611          5.81                
36_Cam              93.212917           65.718333           5.32                
(91.74,-21.813)     91.74               -21.812778          5.78                
(92.197,8.67)       92.196667           8.67                6.55                
19_Lep              91.923333           -19.165833          5.31                
(92.385,22.19)      92.385              22.19               5.93                
(91.765,-34.312)    91.765417           -34.311944          5.83                
Pi_1Col             91.670833           -42.298611          6.12                
(92.942,52.647)     92.941667           52.647222           6.3                 
3_Gem               92.433333           23.113333           5.75                
(92.241,2.499)      92.24125            2.499444            5.73                
41_Aur              92.902083           48.713056           6.82                
41_Aur              92.9025             48.711111           6.09                
The_Col             91.881667           -37.253056          5.02                
(91.758,-45.091)    91.757917           -45.091389          6.51                
(92.401,-5.711)     92.400833           -5.711111           6.17                
(92.241,-22.428)    92.24125            -22.4275            5.5                 
Pi_2Col             91.970417           -42.153889          5.5                 
(92.335,-18.126)    92.334583           -18.126111          6.35                
(92.393,-14.584)    92.392917           -14.584167          5.56                
(92.758,18.129)     92.7575             18.129444           6.33                
5_Gem               92.884583           24.420278           5.8                 
(92.45,-22.774)     92.449583           -22.774167          5.71                
(92.144,-44.356)    92.144167           -44.356111          6.27                
(93.439,51.172)     93.43875            51.1725             6.04                
(93.084,32.693)     93.08375            32.693333           5.78                
(92.964,21.869)     92.964167           21.868611           6.56                
(92.866,13.639)     92.86625            13.638611           6.04                
(92.447,-26.701)    92.446667           -26.700833          6.27                
68_Ori              93.005417           19.790556           5.75                
Eta1Dor             91.539167           -66.039722          5.71                
(92.755,-6.754)     92.755417           -6.754167           6.15                
(91.764,-62.155)    91.764167           -62.154722          5.05                
6_Gem               93.079583           22.908333           6.39                
69_Ori              93.01375            16.130556           4.95                
70Xi_Ori            92.985              14.208889           4.48                
(92.644,-27.154)    92.644167           -27.154167          5.72                
40_Cam              93.919167           59.999167           5.35                
(92.932,-4.666)     92.932083           -4.665556           6.18                
(92.543,-40.354)    92.542917           -40.353611          5.58                
(92.347,-49.563)    92.347083           -49.562778          6.49                
(92.966,-6.55)      92.965833           -6.550278           5.05                
(92.806,-26.482)    92.80625            -26.482222          6.09                
(93.389,18.68)      93.389167           18.680278           6.58                
(93.302,10.628)     93.3025             10.6275             6.45                
(94.712,69.32)      94.711667           69.319722           4.8                 
(93.185,-2.504)     93.185              -2.504444           6.62                
(92.666,-45.282)    92.66625            -45.281944          6.31                
Del_Pic             92.574583           -54.968611          4.81                
(93.193,-17.763)    93.192917           -17.763056          6.52                
(93.619,17.906)     93.619167           17.906389           5.88                
1_Lyn               94.478333           61.515278           4.98                
7Eta_Gem            93.719167           22.506667           3.28                
(93.912,36.149)     93.9125             36.148611           6.92                
(93.476,-3.741)     93.47625            -3.741389           5.83                
44Kap_Aur           93.844583           29.498056           4.35                
71_Ori              93.712083           19.156389           5.2                 
Nu_Dor              92.184167           -68.843333          5.06                
(93.785,13.851)     93.785417           13.851111           5.91                
72_Ori              93.854583           16.143056           5.3                 
(93.653,-4.568)     93.652917           -4.568333           5.83                
(93.438,-23.862)    93.437917           -23.861944          6.39                
(93.389,-29.396)    93.38875            -29.396111          6.54                
5Gam_Mon            93.71375            -6.274722           3.98                
42_Aur              94.394583           46.424167           6.52                
73_Ori              93.9375             12.551111           5.33                
8_Gem               94.079167           23.97               6.08                
(93.917,6.066)      93.917083           6.066111            6.07                
(93.946,4.284)      93.945833           4.283611            6.64                
(93.893,-0.512)     93.892917           -0.512222           5.65                
(93.874,-4.915)     93.87375            -4.915278           5.99                
(94.099,17.181)     94.099167           17.181389           6.39                
(93.975,1.169)      93.975              1.169167            6.37                
(93.858,-9.035)     93.858333           -9.035278           6.1                 
2_Lyn               94.905833           59.010833           4.48                
43_Aur              94.570417           46.360556           6.38                
9_Gem               94.244583           23.740833           6.25                
74_Ori              94.110833           12.272222           5.04                
(93.785,-20.272)    93.785              -20.272222          5.91                
(93.823,-18.477)    93.822917           -18.476667          5.99                
(93.937,-13.718)    93.937083           -13.718333          5.01                
Eta2Dor             92.8125             -65.589444          5.01                
(94.088,1.08)       94.088333           1.080278            6.63                
75_Ori              94.2775             9.9425              5.39                
(94.243,7.053)      94.243333           7.053056            6.57                
(94.032,-16.618)    94.032083           -16.617778          5.92                
(94.389,14.058)     94.38875            14.058333           6.59                
(94.317,5.1)        94.317083           5.100278            5.71                
(93.988,-29.788)    93.988333           -29.788333          6.67                
(94.523,14.383)     94.523333           14.382778           6.16                
(94.265,-22.715)    94.264583           -22.715             6.07                
6_Mon               94.396667           -10.725278          6.75                
Kap_Col             94.137917           -35.140556          4.37                
4_Lyn               95.515              59.372222           5.94                
(94.758,17.325)     94.7575             17.325              6.32                
(94.669,9.047)      94.66875            9.047222            6.24                
(94.424,-16.816)    94.42375            -16.815833          5.14                
Alp_Men             92.56               -74.753056          5.09                
(94.148,-39.264)    94.148333           -39.264444          6.0                 
(94.255,-37.738)    94.255              -37.7375            5.53                
45_Aur              95.442083           53.452222           5.36                
(94.29,-37.253)     94.289583           -37.253056          5.87                
(94.557,-19.967)    94.557083           -19.966944          5.52                
(94.711,-9.39)      94.710833           -9.390278           5.36                
(94.703,-15.025)    94.703333           -15.024722          6.06                
(95.018,14.651)     95.0175             14.651111           5.69                
(94.783,-8.586)     94.782917           -8.586389           6.22                
(94.746,-20.926)    94.745833           -20.926111          5.81                
(95.3,29.541)       95.300417           29.541111           6.43                
7_Mon               94.928333           -7.823056           5.27                
(94.077,-59.214)    94.077083           -59.213611          6.43                
(94.998,-2.944)     94.998333           -2.944444           4.9                 
(95.218,11.756)     95.217917           11.756389           6.54                
(95.358,17.764)     95.357917           17.763611           6.35                
(94.465,-52.733)    94.465417           -52.733056          6.41                
(94.921,-34.397)    94.920833           -34.396667          5.78                
(95.358,2.269)      95.3575             2.268611            6.31                
(94.695,-50.359)    94.695              -50.359167          7.04                
1Zet_CMa            95.078333           -30.063333          3.02                
(93.775,-71.703)    93.774583           -71.702778          6.64                
(95.353,-11.773)    95.352917           -11.773333          5.64                
(97.061,70.536)     97.060833           70.535556           5.97                
13Mu_Gem            95.74               22.513611           2.88                
(95.652,12.57)      95.652083           12.57               6.0                 
(95.151,-34.144)    95.15125            -34.143889          5.53                
46Psi1Aur           96.224583           49.288056           4.91                
(95.025,-48.741)    95.025417           -48.741111          6.6                 
(96.608,56.285)     96.6075             56.285              5.64                
(95.827,3.764)      95.827083           3.764444            6.4                 
5_Lyn               96.70375            58.417222           5.21                
2Bet_CMa            95.675              -17.955833          1.98                
(95.845,-4.687)     95.844583           -4.687222           6.67                
Del_Col             95.528333           -33.436389          3.85                
(96.219,29.707)     96.219167           29.707222           6.71                
8Eps_Mon            95.942083           4.592778            4.44                
(95.944,4.596)      95.94375            4.595556            6.72                
(96.01,8.885)       96.009583           8.884722            6.26                
(95.9,-9.874)       95.9                -9.874444           6.19                
(96.22,16.057)      96.220417           16.056944           6.33                
(95.942,-15.072)    95.941667           -15.071667          6.24                
(96.387,23.327)     96.387083           23.326944           6.06                
(96.043,-11.53)     96.042917           -11.530278          5.22                
(95.948,-19.785)    95.948333           -19.785278          6.6                 
(95.81,-31.79)      95.81               -31.79              6.34                
(96.367,14.722)     96.367083           14.721944           6.24                
(96.085,-12.962)    96.085417           -12.9625            6.12                
(96.305,7.086)      96.304583           7.085833            5.98                
(95.983,-25.578)    95.982917           -25.577778          5.63                
(96.327,1.501)      96.326667           1.501111            6.66                
(96.318,-0.946)     96.318333           -0.946111           5.87                
(96.963,47.405)     96.962917           47.405278           6.56                
(96.444,2.272)      96.444167           2.272222            6.51                
(96.004,-36.708)    96.004167           -36.707778          5.62                
(96.446,-3.889)     96.44625            -3.889167           6.35                
(96.183,-28.78)     96.182917           -28.78              6.39                
(96.898,32.563)     96.897917           32.563056           6.43                
Nu_Pic              95.7325             -56.37              5.61                
(96.495,-7.894)     96.495              -7.894167           6.4                 
(95.907,-52.181)    95.907083           -52.181111          5.98                
(96.185,-40.284)    96.185417           -40.284167          6.31                
(96.665,-1.507)     96.665              -1.507222           5.87                
(96.644,-4.597)     96.64375            -4.597222           6.15                
Alp_Car             95.987917           -52.695833          -0.72               
(96.745,0.841)      96.744583           0.840833            6.71                
(96.687,-7.511)     96.687083           -7.511389           6.27                
(96.375,-35.064)    96.374583           -35.063889          6.25                
16_Gem              96.985833           20.496111           6.22                
6_Lyn               97.696667           58.162778           5.88                
48_Aur              97.142083           30.493056           5.55                
(96.835,2.908)      96.835              2.908056            5.55                
(96.808,0.299)      96.8075             0.299167            5.2                 
(96.815,-0.276)     96.815              -0.276111           5.55                
(95.945,-58.544)    95.945417           -58.543889          6.48                
(95.755,-63.683)    95.755417           -63.683056          6.27                
47_Aur              97.5125             46.685556           5.9                 
(97.236,26.968)     97.235833           26.967778           6.47                
(97.117,16.238)     97.116667           16.238333           6.23                
(96.201,-52.806)    96.200833           -52.806389          6.51                
(97.078,10.304)     97.078333           10.303889           6.15                
18Nu_Gem            97.240833           20.212222           4.15                
10_Mon              96.99               -4.762222           5.06                
(96.057,-60.281)    96.057083           -60.281111          5.8                 
(100.07,79.599)     100.07              79.599444           6.54                
(97.07,1.912)       97.07               1.912222            6.48                
(96.432,-48.177)    96.431667           -48.177222          5.76                
(96.797,-25.857)    96.796667           -25.856667          6.07                
(101.126,82.115)    101.125833          82.115278           6.65                
(97.25,11.019)      97.25               11.019444           6.59                
Pi_1Dor             95.659167           -69.984167          5.56                
(96.781,-37.896)    96.78125            -37.895556          6.48                
(96.11,-63.429)     96.109583           -63.428889          6.46                
(97.312,2.646)      97.312083           2.646111            6.16                
11Bet_Mon           97.204167           -7.032778           4.6                 
11Bet_Mon           97.20625            -7.034444           5.4                 
11Bet_Mon           97.20625            -7.034444           5.6                 
(97.155,-17.466)    97.155417           -17.466111          5.77                
(96.232,-63.828)    96.231667           -63.827778          6.27                
Lam_CMa             97.042083           -32.58              4.48                
(97.523,9.029)      97.522917           9.029167            6.57                
(100.12,77.996)     100.12              77.995833           5.73                
(97.163,-32.371)    97.163333           -32.371111          5.74                
(99.479,73.696)     99.47875            73.695556           6.24                
(97.792,16.939)     97.792083           16.938611           6.2                 
(97.547,-10.081)    97.547083           -10.081389          5.93                
(97.176,-41.074)    97.17625            -41.074444          6.32                
(96.767,-58.002)    96.766667           -58.002222          5.82                
(97.79,11.251)      97.789583           11.250833           6.14                
19_Gem              97.905833           15.903333           6.4                 
(98.113,32.455)     98.113333           32.454722           5.87                
(97.645,-13.148)    97.644583           -13.148056          6.16                
(97.913,11.792)     97.913333           11.792222           6.65                
(97.951,11.544)     97.95125            11.544444           5.23                
7_Lyn               98.636667           55.353056           6.45                
Pi_2Dor             96.369167           -69.690278          5.38                
(98.097,11.674)     98.097083           11.673611           6.03                
(97.846,-12.392)    97.845833           -12.391667          5.15                
(97.693,-27.769)    97.692917           -27.769444          5.93                
(97.959,-8.158)     97.95875            -8.158056           5.43                
12_Mon              98.08               4.855833            5.84                
(98.428,33.024)     98.427917           33.024167           6.42                
(97.455,-50.239)    97.454583           -50.239167          5.27                
13_Mon              98.225833           7.333056            4.5                 
(98.096,-5.869)     98.09625            -5.868889           5.6                 
4Xi_1CMa            97.96375            -23.418333          4.33                
(97.804,-35.259)    97.804167           -35.259167          5.84                
(97.369,-56.853)    97.36875            -56.852778          5.22                
(97.749,-40.916)    97.749167           -40.916389          6.2                 
(98.4,14.155)       98.400417           14.155278           5.53                
(98.195,-11.166)    98.195417           -11.166389          6.24                
(97.896,-36.94)     97.895833           -36.94              6.34                
8_Lyn               99.4225             61.481111           5.94                
(98.408,-1.22)      98.407917           -1.220278           5.1                 
(100.134,71.749)    100.134167          71.748889           5.92                
(98.162,-32.031)    98.1625             -32.030556          5.69                
49_Aur              98.800417           28.022222           5.27                
(98.089,-37.697)    98.08875            -37.696667          5.24                
(97.826,-51.826)    97.82625            -51.826111          5.6                 
(101.559,79.565)    101.55875           79.564722           5.45                
11_Lyn              99.410417           56.8575             5.85                
(98.361,-20.924)    98.360833           -20.923889          6.4                 
14_Mon              98.693333           7.5725              6.45                
(99.137,38.445)     99.137083           38.445278           5.29                
(98.823,9.988)      98.823333           9.988333            5.88                
(98.293,-38.625)    98.292917           -38.625278          6.44                
(97.512,-65.568)    97.5125             -65.568333          6.29                
(98.816,0.89)       98.815833           0.89                5.8                 
(97.794,-61.88)     97.794167           -61.879722          6.15                
(98.456,-36.232)    98.45625            -36.232222          5.42                
Mu_Pic              97.993333           -58.754167          5.7                 
(99.0,4.498)        99.0                4.4975              6.55                
5Xi_2CMa            98.764167           -22.964722          4.54                
(98.647,-32.716)    98.647083           -32.716389          5.62                
(98.359,-52.329)    98.35875            -52.328889          6.19                
(99.363,24.591)     99.363333           24.590833           6.44                
(99.147,-5.211)     99.147083           -5.211111           5.52                
51_Aur              99.664583           39.390833           5.69                
52Psi3Aur           99.705              39.9025             5.2                 
24Gam_Gem           99.427917           16.399167           1.93                
(99.35,6.135)       99.350417           6.135278            6.06                
6Nu_1CMa            99.095              -18.66              5.7                 
(98.85,-36.78)      98.850417           -36.78              5.59                
53_Aur              99.595833           28.984167           5.79                
(99.404,10.853)     99.40375            10.853056           6.38                
50Psi2Aur           99.832917           42.488889           4.79                
(99.195,-13.321)    99.194583           -13.320833          5.97                
7Nu_2CMa            99.170833           -19.255833          3.95                
(99.418,2.704)      99.417917           2.704167            6.17                
(98.975,-36.089)    98.975              -36.088889          6.35                
(99.47,4.957)       99.469583           4.957222            6.15                
(99.17,-22.615)     99.170417           -22.615             6.35                
(99.992,44.014)     99.991667           44.013889           6.41                
(98.744,-52.976)    98.744167           -52.975556          4.39                
(99.772,22.031)     99.772083           22.030833           6.04                
(99.42,-12.985)     99.420417           -12.985             6.12                
54_Aur              99.887917           28.263056           6.03                
(99.881,24.6)       99.880833           24.6                6.38                
(99.585,-2.544)     99.585417           -2.543611           6.14                
(99.706,4.701)      99.70625            4.700556            6.57                
(99.659,1.614)      99.65875            1.613611            6.21                
8Nu_3CMa            99.4725             -18.2375            4.43                
(99.258,-38.147)    99.257917           -38.146667          6.04                
(99.214,-41.557)    99.21375            -41.556944          6.34                
(99.308,-36.991)    99.3075             -36.990556          5.71                
(99.448,-32.34)     99.448333           -32.339722          5.27                
(99.648,-16.874)    99.6475             -16.873611          6.03                
(99.948,12.983)     99.948333           12.983056           5.97                
(99.82,-14.146)     99.819583           -14.145833          4.82                
Nu_Pup              99.440417           -43.196111          3.17                
(100.407,35.932)    100.407083          35.931944           6.46                
25_Gem              100.3375            28.196389           6.42                
(100.132,6.372)     100.1325            6.371667            6.51                
(99.901,-23.696)    99.90125            -23.695556          6.05                
15_Mon              100.244583          9.895556            4.66                
(100.341,16.398)    100.340833          16.3975             6.28                
(100.322,11.003)    100.321667          11.003333           6.11                
55Psi4Aur           100.770833          44.524444           5.02                
(99.928,-30.47)     99.927917           -30.470278          5.71                
(100.272,0.495)     100.2725            0.495278            5.79                
(99.657,-48.22)     99.656667           -48.220278          4.93                
(101.048,53.296)    101.048333          53.296389           6.27                
(100.808,37.147)    100.8075            37.146944           6.19                
(99.987,-38.159)    99.987083           -38.158889          6.58                
26_Gem              100.60125           17.645278           5.21                
(100.497,6.345)     100.497083          6.345               6.37                
(99.502,-61.533)    99.5025             -61.533056          6.18                
(100.485,-9.167)    100.485             -9.167222           5.19                
12_Lyn              101.55875           59.441667           4.87                
(101.052,36.11)     101.0525            36.109722           6.31                
NOVA_1903           0.0                 0.0                 0.0                 
27Eps_Gem           100.982917          25.131111           2.98                
(100.777,3.033)     100.777083          3.033333            6.19                
(100.309,-40.35)    100.30875           -40.349722          6.12                
(100.205,-47.675)   100.205417          -47.674722          6.65                
13_Lyn              101.70625           57.169167           5.35                
30_Gem              100.997083          13.227778           4.49                
(100.911,3.932)     100.91125           3.932222            5.9                 
28_Gem              101.189583          28.970833           5.44                
(100.691,-22.449)   100.690833          -22.449167          6.13                
(100.568,-38.399)   100.568333          -38.398611          6.29                
56Psi5Aur           101.684583          43.5775             5.25                
31Xi_Gem            101.3225            12.895556           3.36                
(102.054,55.704)    102.05375           55.704444           6.33                
(102.051,55.704)    102.05125           55.704444           6.28                
57Psi6Aur           101.915             48.789444           5.22                
(100.847,-39.193)   100.847083          -39.193333          6.3                 
32_Gem              101.475833          12.693611           6.46                
42_Cam              102.737917          67.571944           5.14                
9Alp_CMa            101.287083          -16.716111          -1.46               
10_CMa              101.118333          -31.070556          5.2                 
(101.216,-27.341)   101.21625           -27.341389          6.45                
16_Mon              101.635             8.587222            5.93                
(101.347,-23.462)   101.347083          -23.461944          6.05                
NGC_2281            0.0                 0.0                 0.0                 
(101.26,-30.586)    101.26              -30.586111          6.54                
(101.497,-14.796)   101.497083          -14.796111          5.32                
(101.848,18.193)    101.847917          18.193333           6.2                 
(101.345,-31.794)   101.345             -31.793611          5.92                
(101.38,-30.949)    101.380417          -30.948889          5.8                 
(101.662,-10.107)   101.6625            -10.107222          5.66                
17_Mon              101.8325            8.037222            4.77                
11_CMa              101.712917          -14.425833          5.29                
(100.241,-71.776)   100.240833          -71.775556          6.51                
18_Mon              101.965             2.412222            4.47                
(101.514,-39.54)    101.51375           -39.54              6.62                
(101.905,-8.998)    101.904583          -8.998333           5.07                
12_CMa              101.75625           -21.015556          6.08                
(101.55,-37.776)    101.550417          -37.775556          6.21                
43_Cam              103.425833          68.888333           5.12                
(102.422,32.607)    102.422083          32.606667           5.71                
(101.359,-52.201)   101.35875           -52.201111          6.57                
(102.079,-1.319)    102.079167          -1.319167           5.75                
(101.474,-52.41)    101.47375           -52.41              5.8                 
58Psi7Aur           102.69125           41.781389           5.02                
(102.265,1.002)     102.265417          1.001944            6.15                
(101.839,-37.93)    101.839167          -37.929722          5.26                
33_Gem              102.4575            16.202778           5.85                
14_Lyn              103.27125           59.448611           5.33                
(102.318,-2.272)    102.318333          -2.271944           5.74                
(102.241,-15.145)   102.240833          -15.144722          5.39                
(101.72,-51.266)    101.72              -51.265833          5.4                 
(101.673,-54.695)   101.672917          -54.694722          6.46                
35_Gem              102.60625           13.413333           5.65                
(101.828,-55.54)    101.827917          -55.54              5.61                
(105.017,76.978)    105.016667          76.9775             4.55                
(102.433,-24.076)   102.433333          -24.075833          6.33                
36_Gem              102.8875            21.761111           5.27                
(102.708,-0.541)    102.707917          -0.540833           5.77                
(100.903,-73.118)   100.903333          -73.118056          6.37                
(103.282,44.839)    103.281667          44.839444           6.26                
(103.0,23.602)      103.0               23.601667           5.65                
(102.676,-8.041)    102.67625           -8.041111           6.29                
(102.591,-17.084)   102.59125           -17.083889          5.79                
(101.234,-70.434)   101.23375           -70.433889          6.11                
(102.525,-27.334)   102.525             -27.333889          7.04                
13Kap_CMa           102.460417          -32.508611          3.96                
59_Aur              103.25625           38.869167           6.12                
34The_Gem           103.197083          33.961111           3.6                 
60_Aur              103.305833          38.438056           6.3                 
(103.264,35.789)    103.264167          35.788611           6.01                
(102.914,3.042)     102.91375           3.041667            6.38                
(102.654,-25.778)   102.65375           -25.778056          6.33                
(102.597,-31.706)   102.597083          -31.706111          5.7                 
(102.491,-45.45)    102.490833          -45.45              6.55                
61Psi8Aur           103.4875            38.505              6.48                
(102.478,-46.615)   102.4775            -46.614722          5.14                
(102.718,-34.367)   102.718333          -34.367222          4.99                
Alp_Pic             102.0475            -61.941389          3.27                
(103.206,8.38)      103.205833          8.380278            5.77                
(103.095,-5.316)    103.095417          -5.316111           6.3                 
Tau_Pup             102.484167          -50.614722          2.93                
(102.464,-53.622)   102.46375           -53.622222          4.4                 
(103.344,10.996)    103.34375           10.996389           6.24                
(103.813,45.826)    103.813333          45.826389           6.34                
(103.811,43.91)     103.81125           43.91               6.13                
(102.926,-36.23)    102.92625           -36.230278          5.96                
Zet_Men             100.01125           -80.813611          5.64                
15_Lyn              104.31875           58.4225             4.35                
(104.305,57.563)    104.305             57.563333           6.05                
(102.505,-60.249)   102.504583          -60.249167          6.11                
(102.887,-48.292)   102.886667          -48.2925            6.42                
38_Gem              103.66125           13.177778           4.65                
(103.328,-19.033)   103.328333          -19.032778          5.64                
(103.34,-18.933)    103.340417          -18.933333          6.14                
(103.25,-26.958)    103.250417          -26.9575            6.4                 
Psi9Aur             104.134583          46.274167           5.87                
37_Gem              103.8275            25.375556           5.73                
(103.535,-5.852)    103.535417          -5.8525             6.41                
15_CMa              103.387083          -20.224167          4.83                
(103.602,-1.127)    103.6025            -1.126944           5.45                
(104.233,46.705)    104.233333          46.705              5.86                
14The_CMa           103.5475            -12.038611          4.07                
(103.165,-42.504)   103.165417          -42.504444          6.52                
(103.391,-28.54)    103.39125           -28.539722          6.04                
(103.675,-1.756)    103.675417          -1.756389           6.21                
(103.48,-24.539)    103.480417          -24.539167          6.21                
(103.196,-43.976)   103.19625           -43.975833          6.46                
16Omi1CMa           103.532917          -24.183889          3.87                
(105.34,70.808)     105.339583          70.808056           5.68                
(103.745,-2.804)    103.745             -2.803611           6.04                
(103.554,-23.928)   103.554167          -23.928333          6.91                
(103.894,8.325)     103.894167          8.324722            6.29                
16_Lyn              104.404583          45.094167           4.9                 
(104.252,33.681)    104.252083          33.681111           5.89                
(103.195,-54.09)    103.195417          -54.09              6.57                
17_CMa              103.76125           -20.404722          5.74                
(104.108,9.956)     104.1075            9.956389            5.92                
19Pi_CMa            103.905833          -20.136389          4.68                
(103.611,-42.366)   103.61125           -42.365556          6.32                
(103.189,-59.341)   103.189167          -59.341111          6.41                
18Mu_CMa            104.0275            -14.043611          5.0                 
(103.51,-50.612)    103.509583          -50.611667          6.26                
(103.945,-22.941)   103.945             -22.941389          5.3                 
20Iot_CMa           104.034167          -17.054167          4.37                
(104.357,11.908)    104.357083          11.9075             6.27                
(103.978,-31.79)    103.978333          -31.79              6.36                
(104.25,-8.179)     104.250417          -8.178889           6.34                
62_Aur              104.761667          38.052222           6.0                 
39_Gem              104.6975            26.081111           6.1                 
Iot_Vol             102.8625            -70.963333          5.4                 
(104.312,-22.203)   104.311667          -22.203333          6.61                
(104.19,-35.342)    104.190417          -35.341667          6.29                
40_Gem              104.86625           25.914167           6.4                 
(104.662,7.622)     104.6625            7.621944            6.27                
(104.391,-24.631)   104.39125           -24.630556          5.46                
(104.067,-48.721)   104.066667          -48.721111          4.95                
(115.127,87.02)     115.127083          87.02               5.07                
(104.738,3.602)     104.7375            3.602222            5.97                
(104.427,-27.538)   104.426667          -27.5375            6.23                
(104.323,-35.508)   104.323333          -35.5075            6.23                
(104.834,7.317)     104.83375           7.316944            6.35                
(104.532,-27.165)   104.531667          -27.164722          6.37                
41_Gem              105.065833          16.078889           5.68                
(104.65,-25.414)    104.649583          -25.413889          5.59                
(106.466,70.732)    106.465833          70.731944           6.5                 
21Eps_CMa           104.65625           -28.972222          1.5                 
(104.605,-34.112)   104.604583          -34.111667          5.06                
(105.322,32.414)    105.321667          32.414444           6.59                
(104.682,-30.998)   104.6825            -30.997778          6.42                
(105.075,-5.367)    105.075             -5.366944           6.3                 
(104.914,-21.603)   104.91375           -21.603333          6.26                
(105.099,-8.407)    105.09875           -8.406944           5.96                
(105.034,-20.159)   105.03375           -20.158889          6.31                
(104.674,-45.768)   104.674167          -45.768056          6.22                
(105.164,-9.203)    105.16375           -9.203056           6.49                
(105.08,-22.119)    105.080417          -22.119444          6.53                
(105.422,4.818)     105.4225            4.818056            6.63                
42Ome_Gem           105.603333          24.215278           5.18                
(105.606,17.756)    105.60625           17.755556           5.94                
(105.572,15.336)    105.5725            15.336111           5.74                
(105.479,5.558)     105.479167          5.5575              6.59                
(104.665,-55.729)   104.665             -55.729444          6.27                
(105.64,16.674)     105.639583          16.674167           5.82                
(105.47,-1.346)     105.470417          -1.345556           6.17                
(105.178,-28.489)   105.1775            -28.489444          6.27                
(104.651,-56.395)   104.650833          -56.394722          6.45                
(105.485,-5.722)    105.485             -5.722222           5.2                 
(105.275,-25.215)   105.274583          -25.215278          5.63                
(105.208,-33.465)   105.2075            -33.465278          6.4                 
(106.505,59.802)    106.505417          59.801944           6.44                
(105.877,29.337)    105.876667          29.337222           5.93                
(106.416,52.758)    106.415833          52.758056           6.12                
(106.288,47.775)    106.2875            47.775              6.38                
22Sig_CMa           105.429583          -27.934722          3.47                
(105.825,9.138)     105.824583          9.138333            5.97                
19_Mon              105.728333          -4.239167           4.99                
(105.908,10.952)    105.908333          10.951667           5.13                
43Zet_Gem           106.027083          20.570278           3.79                
(105.965,12.594)    105.965             12.594444           5.98                
(105.215,-51.402)   105.214583          -51.4025            5.14                
24Omi2CMa           105.75625           -23.833333          3.02                
(106.084,1.488)     106.084167          1.488333            6.57                
(106.022,-5.324)    106.021667          -5.323611           5.62                
(105.989,-10.124)   105.98875           -10.124167          6.45                
23Gam_CMa           105.939583          -15.633333          4.12                
(105.565,-43.404)   105.565             -43.404167          6.43                
44_Gem              106.326667          22.637222           6.02                
(106.548,34.474)    106.548333          34.473889           5.55                
(105.271,-58.94)    105.27125           -58.94              6.02                
(104.96,-67.916)    104.960417          -67.916111          5.17                
(106.413,9.186)     106.412917          9.185833            5.78                
(106.196,-22.032)   106.19625           -22.032222          6.09                
(106.843,34.009)    106.842917          34.009444           5.91                
(106.012,-42.337)   106.011667          -42.337222          5.2                 
(105.989,-43.608)   105.98875           -43.608056          5.54                
(105.995,-43.612)   105.995             -43.611667          6.79                
(106.854,28.177)    106.854167          28.177222           6.48                
(106.457,-10.661)   106.457083          -10.661111          6.49                
(106.839,22.704)    106.839167          22.703611           7.68                
(105.974,-49.584)   105.97375           -49.583889          4.93                
(107.055,33.832)    107.055417          33.832222           6.28                
(105.815,-59.178)   105.815             -59.178056          5.5                 
(107.151,37.445)    107.15125           37.445              6.16                
(106.777,4.91)      106.776667          4.910278            6.11                
(106.383,-34.778)   106.383333          -34.777778          6.14                
(106.67,-11.294)    106.669583          -11.294167          5.39                
(106.65,-12.394)    106.649583          -12.393889          6.48                
(106.502,-30.656)   106.5025            -30.655556          6.34                
(108.492,71.817)    108.492083          71.816667           6.35                
(106.956,7.471)     106.95625           7.471111            5.75                
(106.076,-56.75)    106.07625           -56.749722          5.17                
45_Gem              107.091667          15.930833           5.44                
(106.51,-38.383)    106.509583          -38.382778          6.11                
(106.718,-24.961)   106.717917          -24.960556          6.08                
(106.319,-50.36)    106.31875           -50.360278          6.46                
(106.75,-26.658)    106.750417          -26.657778          6.62                
The_Men             104.143333          -79.420278          5.45                
(106.844,-23.84)    106.844167          -23.840278          5.71                
(106.78,-40.893)    106.779583          -40.893333          5.79                
(107.528,21.247)    107.527917          21.246944           6.43                
25Del_CMa           107.097917          -26.393333          1.84                
(107.335,-10.347)   107.334583          -10.347222          6.21                
(107.205,-24.044)   107.205417          -24.044167          6.65                
63_Aur              107.91375           39.320556           4.9                 
46Tau_Gem           107.785             30.245278           4.41                
(106.805,-51.968)   106.805417          -51.967778          5.96                
(107.388,-16.235)   107.388333          -16.234722          6.03                
47_Gem              107.84625           26.856667           5.78                
20_Mon              107.557083          -4.237222           4.92                
(107.213,-39.656)   107.212917          -39.655833          4.83                
(108.348,51.429)    108.3475            51.428889           5.47                
(107.429,-25.231)   107.42875           -25.231111          5.69                
(107.539,-18.685)   107.53875           -18.685278          6.23                
48_Gem              108.11              24.128333           5.85                
21_Mon              107.848333          -0.301944           5.45                
(107.581,-27.491)   107.580833          -27.491389          5.46                
(111.341,81.258)    111.34125           81.2575             6.31                
(107.964,5.655)     107.96375           5.654722            6.09                
(108.204,27.225)    108.204167          27.224722           6.43                
(106.559,-68.837)   106.55875           -68.837222          6.47                
(108.031,5.475)     108.030833          5.474722            6.16                
22Del_Mon           107.96625           -0.492778           4.15                
18_Lyn              108.97875           59.6375             5.2                 
(107.923,-20.883)   107.923333          -20.883056          5.84                
51_Gem              108.342917          16.158889           5.0                 
26_CMa              108.050833          -25.9425            5.92                
(107.698,-48.932)   107.697917          -48.932222          5.14                
(108.017,-30.822)   108.017083          -30.821667          6.1                 
(108.959,47.24)     108.95875           47.24               5.58                
(108.611,24.711)    108.610833          24.710833           6.89                
(108.28,-11.251)    108.28              -11.251389          5.78                
(108.1,-27.474)     108.100417          -27.474167          6.59                
52_Gem              108.674583          24.885              5.82                
(108.107,-36.544)   108.107083          -36.544444          5.96                
(108.066,-40.499)   108.065833          -40.498889          5.31                
(108.636,12.116)    108.635833          12.115833           5.62                
(108.583,3.111)     108.583333          3.111389            5.35                
(108.35,-22.673)    108.349583          -22.673333          6.01                
(108.546,-3.901)    108.545833          -3.901389           5.75                
(108.565,-9.948)    108.564583          -9.9475             5.9                 
(108.451,-22.906)   108.45125           -22.906389          6.36                
(108.401,-27.356)   108.40125           -27.356389          6.12                
Gam1Vol             107.175833          -70.497222          5.69                
Gam2Vol             107.187083          -70.498889          3.78                
(109.39,52.131)     109.390417          52.130833           5.92                
53_Gem              108.987917          27.8975             5.71                
(108.618,-10.317)   108.6175            -10.316667          6.03                
(108.14,-46.759)    108.14              -46.759444          4.49                
(108.446,-31.084)   108.44625           -31.083889          6.6                 
(112.768,82.411)    112.768333          82.411389           4.96                
(108.488,-30.34)    108.488333          -30.34              6.33                
24_Mon              108.830417          -0.161389           6.41                
27_CMa              108.563333          -26.3525            4.66                
(108.306,-45.183)   108.305833          -45.183056          4.89                
(108.914,7.978)     108.914167          7.977778            5.82                
(108.385,-44.64)    108.385             -44.639722          5.1                 
28Ome_CMa           108.702917          -26.772778          3.85                
(108.713,-27.038)   108.712917          -27.038056          5.58                
(109.633,49.465)    109.632917          49.465              5.05                
(108.93,-10.584)    108.929583          -10.583889          5.95                
64_Aur              109.509167          40.883333           5.78                
(108.008,-63.19)    108.008333          -63.19              6.02                
(108.948,-23.741)   108.947917          -23.740556          6.32                
(108.838,-30.686)   108.8375            -30.686389          5.36                
(109.517,30.956)    109.517083          30.955833           6.24                
(109.06,-15.586)    109.060417          -15.585833          5.46                
(108.738,-41.426)   108.737917          -41.425833          5.94                
(109.324,6.681)     109.324167          6.680556            6.65                
(108.691,-46.85)    108.69125           -46.849722          5.72                
(108.659,-48.272)   108.659167          -48.271667          4.76                
54Lam_Gem           109.523333          16.540278           3.58                
(109.153,-23.316)   109.153333          -23.315556          4.79                
(109.382,-6.68)     109.382083          -6.68               6.29                
(109.146,-27.881)   109.145833          -27.881111          4.64                
(108.838,-52.5)     108.8375            -52.499722          5.97                
(109.238,-30.897)   109.238333          -30.896667          6.32                
(109.132,-38.319)   109.1325            -38.318889          5.8                 
(109.206,-36.593)   109.20625           -36.592778          5.03                
(109.065,-46.774)   109.064583          -46.774444          5.66                
47_Cam              110.571667          59.901944           6.35                
Pi_Pup              109.285833          -37.0975            2.7                 
(109.45,-26.798)    109.449583          -26.7975            6.46                
(110.263,42.656)    110.262917          42.655556           6.35                
(110.323,45.228)    110.322917          45.228056           5.77                
55Del_Gem           110.030833          21.982222           3.53                
(109.843,2.741)     109.843333          2.740556            5.89                
(109.948,7.143)     109.948333          7.142778            5.91                
(110.029,15.143)    110.02875           15.142778           6.45                
29_CMa              109.667917          -24.558889          4.98                
30Tau_CMa           109.676667          -24.954167          4.4                 
19_Lyn              110.712083          55.284444           6.53                
19_Lyn              110.717083          55.281389           5.45                
(109.758,-19.28)    109.758333          -19.280278          6.09                
(109.713,-26.586)   109.713333          -26.585833          5.28                
(109.577,-36.734)   109.576667          -36.734167          4.66                
(109.867,-16.395)   109.867083          -16.395             5.7                 
(109.518,-43.987)   109.5175            -43.986667          5.85                
(109.659,-36.743)   109.659167          -36.742778          5.11                
(109.64,-39.21)     109.64              -39.210278          5.25                
(110.556,38.996)    110.555833          38.996111           6.4                 
65_Aur              110.510833          36.760556           5.13                
(109.807,-33.727)   109.807083          -33.727222          6.3                 
56_Gem              110.486667          20.443611           5.1                 
(110.242,-14.36)    110.2425            -14.36              5.45                
(113.665,80.897)    113.665417          80.896667           6.41                
(110.32,-8.878)     110.320417          -8.878333           6.55                
(110.222,-22.852)   110.221667          -22.851667          6.61                
(110.229,-26.964)   110.229167          -26.963611          6.01                
(110.515,0.177)     110.514583          0.177222            5.99                
(110.268,-25.891)   110.267917          -25.891389          5.87                
Del_Vol             109.2075            -67.957222          3.98                
(111.238,51.887)    111.238333          51.887222           5.8                 
66_Aur              111.035417          40.672222           5.19                
(110.508,-8.979)    110.508333          -8.979167           6.43                
(110.577,-2.979)    110.577083          -2.978889           6.23                
57_Gem              110.86875           25.050556           5.03                
(111.858,66.332)    111.8575            66.331667           6.47                
58_Gem              110.8675            22.945278           6.02                
(110.606,-5.983)    110.605833          -5.982778           5.82                
(110.556,-19.017)   110.55625           -19.016667          4.96                
(110.089,-52.312)   110.089167          -52.311667          6.05                
(110.09,-52.31)     110.090417          -52.309722          6.6                 
(110.161,-52.086)   110.16125           -52.086111          5.39                
59_Gem              111.139167          27.638056           5.76                
(111.115,15.517)    111.115417          15.517222           6.41                
21_Lyn              111.678333          49.211389           4.64                
(110.752,-31.924)   110.7525            -31.923889          5.43                
1_CMi               111.2425            11.669722           5.3                 
60Iot_Gem           111.431667          27.798056           3.79                
(110.871,-27.834)   110.87125           -27.834167          5.38                
(110.883,-32.202)   110.882917          -32.202222          5.39                
(110.976,-30.217)   110.97625           -30.216944          6.6                 
(111.167,-16.201)   111.167083          -16.201111          5.33                
(111.072,-22.913)   111.071667          -22.912778          6.19                
31Eta_CMa           111.02375           -29.303056          2.45                
2Eps_CMi            111.412083          9.276111            4.99                
(110.993,-35.838)   110.992917          -35.837778          6.31                
(112.72,68.466)     112.719583          68.465556           5.64                
(111.211,-19.012)   111.21125           -19.012222          6.24                
(111.285,-13.752)   111.284583          -13.751944          5.78                
(111.462,-5.775)    111.4625            -5.775              5.97                
(111.182,-31.809)   111.1825            -31.808889          5.35                
(111.709,21.536)    111.709167          21.535833           6.54                
(111.616,10.608)    111.61625           10.608333           6.37                
61_Gem              111.734583          20.257222           5.93                
(111.515,-4.538)    111.514583          -4.5375             6.76                
(111.333,-21.983)   111.332917          -21.982778          6.05                
(111.672,11.009)    111.672083          11.009167           6.41                
(111.355,-25.218)   111.355417          -25.217778          5.78                
(111.197,-37.29)    111.196667          -37.29              6.97                
(111.197,-37.291)   111.197083          -37.290833          6.84                
(112.215,48.184)    112.215             48.183889           5.72                
3Bet_CMi            111.7875            8.289444            2.9                 
63_Gem              111.935             21.445              5.22                
(111.429,-31.739)   111.429167          -31.738611          6.31                
(101.745,-87.025)   101.744583          -87.025             6.47                
22_Lyn              112.483333          49.6725             5.36                
(111.67,-23.712)    111.669583          -23.712222          6.56                
5Eta_CMi            112.00875           6.941944            5.25                
62Rho_Gem           112.277917          31.784444           4.18                
(111.783,-17.864)   111.783333          -17.864444          5.63                
4Gam_CMi            112.040833          8.925556            4.32                
(111.748,-23.086)   111.7475            -23.086111          5.61                
(111.676,-34.141)   111.67625           -34.140833          5.9                 
64_Gem              112.335             28.118056           5.05                
(112.197,15.109)    112.197083          15.109444           6.22                
(111.965,-11.557)   111.965417          -11.556944          5.79                
(111.929,-22.86)    111.92875           -22.859722          5.95                
65_Gem              112.452917          27.916111           5.01                
(111.591,-51.018)   111.59125           -51.018333          5.1                 
(111.997,-29.156)   111.996667          -29.155833          5.54                
6_CMi               112.449167          12.006667           4.54                
(112.328,-1.905)    112.327917          -1.905278           5.59                
(112.357,-7.551)    112.357083          -7.551111           5.86                
(112.342,-10.327)   112.342083          -10.326667          5.75                
(112.341,-14.999)   112.34125           -14.999167          6.05                
(112.095,-37.81)    112.095             -37.810278          6.58                
(112.214,-31.848)   112.21375           -31.848333          6.38                
(112.215,-31.847)   112.214583          -31.846944          7.13                
(112.982,38.896)    112.982083          38.896389           6.54                
(112.27,-31.456)    112.270417          -31.456389          5.77                
(112.464,-23.024)   112.464167          -23.024444          4.85                
(112.274,-38.812)   112.27375           -38.812222          5.43                
(112.713,-5.226)    112.712917          -5.226389           6.24                
(112.952,17.086)    112.951667          17.086111           5.42                
Sig_Pup             112.3075            -43.301389          3.25                
(113.211,22.888)    113.210833          22.887778           6.54                
7Del1CMi            113.024583          1.914444            5.25                
(112.677,-30.962)   112.677083          -30.962222          4.65                
(112.677,-37.34)    112.676667          -37.339722          6.65                
(113.024,-8.881)    113.024167          -8.880833           5.9                 
(112.498,-52.651)   112.498333          -52.651111          5.87                
(112.858,-36.153)   112.8575            -36.152778          6.68                
68_Gem              113.402083          15.826667           5.25                
8Del2CMi            113.298333          3.290278            5.59                
(112.214,-64.51)    112.21375           -64.51              6.39                
(112.928,-35.888)   112.928333          -35.887778          6.61                
66Alp_Gem           113.65              31.888611           2.88                
66Alp_Gem           113.65              31.888333           1.98                
(112.629,-54.399)   112.62875           -54.399444          5.96                
(113.521,10.568)    113.52125           10.568333           6.28                
(114.196,55.755)    114.195833          55.755278           5.92                
(113.093,-35.961)   113.092917          -35.961389          6.3                 
(113.786,30.961)    113.78625           30.961111           5.33                
(113.342,-14.338)   113.342083          -14.338333          6.21                
(113.983,43.031)    113.983333          43.031111           6.3                 
(113.331,-19.412)   113.33125           -19.4125            5.66                
(113.29,-24.711)    113.290417          -24.710833          5.85                
9Del3CMi            113.565833          3.371389            5.81                
(113.45,-14.524)    113.449583          -14.523889          4.97                
(114.132,46.18)     114.131667          46.180278           5.65                
(113.692,2.725)     113.691667          2.725               6.55                
69Ups_Gem           113.980417          26.895833           4.06                
(113.513,-22.296)   113.513333          -22.296111          4.45                
(113.306,-40.059)   113.30625           -40.058889          6.26                
(113.305,-43.086)   113.305417          -43.086389          6.52                
(113.578,-23.474)   113.5775            -23.473611          5.83                
(113.58,-23.475)    113.579583          -23.474722          5.87                
(113.462,-36.338)   113.4625            -36.338333          5.54                
(113.62,-26.117)    113.62              -26.116667          6.65                
(113.553,-33.463)   113.553333          -33.463333          6.11                
(114.475,48.774)    114.474583          48.773611           5.92                
(114.324,40.025)    114.324167          40.025278           6.38                
(113.645,-27.012)   113.645417          -27.011944          5.77                
(113.494,-39.906)   113.49375           -39.905833          6.76                
(114.145,5.862)     114.144583          5.861667            5.91                
Eps_Men             111.408333          -79.094167          5.53                
(114.069,-8.311)    114.069167          -8.311389           6.27                
(114.016,-14.493)   114.01625           -14.492778          5.7                 
(113.845,-28.369)   113.845             -28.369444          4.64                
(114.032,-22.161)   114.0325            -22.160556          6.34                
70_Gem              114.636667          35.048611           5.56                
(113.665,-51.475)   113.664583          -51.474722          6.28                
(114.56,24.36)      114.560417          24.360278           6.27                
25_Mon              114.319583          -4.111111           5.13                
(114.171,-19.702)   114.170833          -19.702222          5.74                
23_Lyn              115.20625           57.082778           6.06                
71Omi_Gem           114.79125           34.584167           4.9                 
(114.8,24.222)      114.799583          24.2225             6.17                
(114.412,-14.441)   114.412083          -14.441111          6.53                
(114.32,-23.775)    114.32              -23.775             6.37                
(113.915,-52.534)   113.915417          -52.533889          4.94                
(115.061,38.344)    115.060833          38.344444           5.73                
(114.975,32.01)     114.975417          32.009722           6.17                
(114.342,-34.969)   114.342083          -34.968611          4.53                
74_Gem              114.869167          17.674722           5.05                
(115.302,48.132)    115.301667          48.131667           5.56                
(114.183,-48.83)    114.182917          -48.830278          5.72                
(114.007,-55.888)   114.007083          -55.8875            6.39                
(114.437,-35.277)   114.436667          -35.277222          6.6                 
10Alp_CMi           114.825417          5.225               0.38                
(114.575,-25.365)   114.575             -25.364722          4.7                 
(114.438,-38.011)   114.438333          -38.010556          6.38                
24_Lyn              115.751667          58.710278           4.99                
(114.78,-18.679)    114.779583          -18.679167          6.72                
(114.705,-26.802)   114.705417          -26.801667          4.5                 
(114.708,-26.804)   114.7075            -26.803611          4.62                
(115.029,5.231)     115.029167          5.230833            6.02                
(115.244,23.019)    115.24375           23.018611           5.89                
(114.601,-39.991)   114.600833          -39.991389          6.59                
(115.197,13.771)    115.197083          13.770833           6.24                
(114.683,-36.497)   114.682917          -36.496944          5.8                 
(114.636,-38.781)   114.635833          -38.781111          6.19                
(114.862,-26.863)   114.862083          -26.863056          6.5                 
(114.576,-48.601)   114.575833          -48.601111          5.68                
(115.148,-8.186)    115.147917          -8.185833           6.01                
(115.097,-15.264)   115.096667          -15.263611          4.94                
(115.057,-19.661)   115.056667          -19.660833          5.93                
(114.864,-38.308)   114.864167          -38.308333          4.84                
(115.681,34.0)      115.68125           34.000278           6.02                
(114.932,-38.139)   114.9325            -38.139444          5.73                
(114.949,-38.261)   114.949167          -38.260833          5.76                
(115.466,13.481)    115.465833          13.480556           5.77                
(115.397,3.625)     115.396667          3.624722            5.94                
(115.513,14.208)    115.513333          14.208333           5.56                
(114.992,-37.579)   114.991667          -37.579444          6.0                 
(116.018,50.434)    116.0175            50.433889           5.27                
26Alp_Mon           115.311667          -9.551111           3.93                
(114.752,-53.273)   114.751667          -53.273333          6.06                
(115.181,-27.946)   115.180833          -27.945833          6.76                
75Sig_Gem           115.827917          28.883611           4.28                
(115.22,-31.661)    115.219583          -31.660833          6.56                
51_Cam              116.667083          65.455833           5.92                
(115.348,-22.337)   115.348333          -22.337222          6.18                
49_Cam              116.614167          62.830556           6.49                
(115.842,22.399)    115.8425            22.399444           6.21                
(113.84,-74.276)    113.840417          -74.275556          7.16                
(113.841,-74.276)   113.840833          -74.275556          7.26                
(115.316,-38.534)   115.315833          -38.533611          5.42                
(115.772,0.189)     115.7725            0.189444            6.19                
76_Gem              116.02875           25.784167           5.31                
(115.341,-44.632)   115.340833          -44.632222          6.41                
77Kap_Gem           116.111667          24.398056           3.57                
(115.492,-38.529)   115.491667          -38.528889          6.54                
(116.058,12.859)    116.058333          12.859444           6.43                
(115.7,-26.351)     115.700417          -26.351111          5.64                
(116.031,2.405)     116.030833          2.405               6.47                
78Bet_Gem           116.32875           28.026111           1.14                
79_Gem              116.28875           20.316389           6.33                
(115.913,-25.504)   115.912917          -25.503889          6.55                
1_Pup               115.885             -28.411111          4.59                
(115.8,-36.05)      115.8               -36.050278          5.6                 
(115.779,-38.864)   115.779167          -38.864167          6.89                
3_Pup               115.952083          -28.954722          3.96                
(119.072,80.266)    119.072083          80.265556           6.56                
(115.738,-45.173)   115.738333          -45.173333          5.06                
(116.664,37.518)    116.66375           37.5175             5.18                
(114.018,-77.634)   114.0175            -77.634167          6.18                
(115.929,-38.202)   115.92875           -38.201944          6.4                 
(115.925,-40.934)   115.924583          -40.933889          5.17                
81_Gem              116.530833          18.51               4.88                
(116.142,-24.674)   116.141667          -24.673889          5.62                
(115.779,-49.993)   115.77875           -49.992778          6.57                
(115.542,-58.631)   115.5425            -58.630833          6.43                
(116.04,-36.063)    116.04              -36.062778          5.8                 
11_CMi              116.5675            10.768333           5.3                 
2_Pup               116.369583          -14.686111          6.89                
2_Pup               116.37125           -14.690833          6.07                
(116.142,-37.943)   116.1425            -37.943056          5.88                
(115.722,-58.23)    115.722083          -58.23              6.21                
80Pi_Gem            116.87625           33.415556           5.14                
(116.509,-6.772)    116.509167          -6.7725             5.49                
4_Pup               116.487083          -14.563889          5.04                
(116.269,-37.888)   116.269167          -37.887778          6.54                
(116.314,-37.969)   116.31375           -37.968611          3.61                
(116.396,-34.173)   116.395833          -34.173056          5.37                
(116.687,-12.675)   116.687083          -12.675278          6.39                
(116.325,-43.752)   116.325417          -43.752222          6.03                
82_Gem              117.14              23.141111           6.18                
(116.543,-37.934)   116.543333          -37.933889          5.88                
(116.802,-22.52)    116.802083          -22.519722          5.9                 
Zet_Vol             115.455             -72.606111          3.95                
(116.639,-40.06)    116.639167          -40.059722          6.57                
(116.91,-15.991)    116.910417          -15.990833          6.34                
(116.938,-16.014)   116.938333          -16.014444          6.43                
(117.774,54.129)    117.77375           54.129167           6.02                
5_Pup               116.98625           -12.193056          5.48                
(117.258,13.371)    117.258333          13.370833           6.04                
(116.398,-56.722)   116.398333          -56.7225            6.12                
(116.774,-39.331)   116.774167          -39.331389          6.31                
(117.245,4.333)     117.245417          4.332778            6.53                
Omi_Pup             117.021667          -25.937222          4.5                 
(116.854,-38.511)   116.854167          -38.511111          5.08                
(116.183,-66.072)   116.182917          -66.071944          6.38                
(116.881,-46.609)   116.88125           -46.608611          5.23                
(116.054,-69.821)   116.054167          -69.821389          6.18                
(118.152,55.209)    118.1525            55.209444           6.38                
(117.76,33.234)     117.759583          33.233611           6.03                
(117.035,-40.652)   117.035417          -40.652222          6.14                
(117.369,-13.353)   117.369167          -13.353333          6.23                
(117.257,-24.912)   117.257083          -24.912222          5.33                
6_Pup               117.421667          -17.228333          5.18                
7Xi_Pup             117.32375           -24.859722          3.34                
(117.085,-47.078)   117.084583          -47.077778          4.71                
(117.544,-9.183)    117.544167          -9.183333           5.61                
(117.438,-20.207)   117.438333          -20.206944          6.56                
(117.311,-35.243)   117.31125           -35.243333          5.93                
(117.698,3.277)     117.6975            3.277222            6.18                
(117.524,-19.524)   117.52375           -19.523611          6.12                
(117.398,-33.289)   117.3975            -33.288889          5.6                 
(117.986,19.325)    117.98625           19.325278           5.99                
(117.73,-11.129)    117.73              -11.128611          6.16                
(117.31,-46.373)    117.309583          -46.373333          4.11                
(117.08,-56.471)    117.08              -56.471111          6.33                
(117.368,-44.752)   117.3675            -44.751944          6.32                
(117.304,-46.858)   117.30375           -46.857778          5.84                
13Zet_CMi           117.925             1.766944            5.14                
(117.75,-24.528)    117.75              -24.528333          6.45                
(118.03,3.277)      118.03              3.277222            6.31                
(117.278,-56.411)   117.277917          -56.410556          5.59                
8_Pup               117.920417          -12.819444          6.36                
9_Pup               117.942917          -13.898056          5.17                
25_Lyn              118.622083          47.386111           6.25                
26_Lyn              118.677917          47.564722           5.45                
83Phi_Gem           118.374167          26.765833           4.97                
(117.929,-21.174)   117.92875           -21.173889          5.63                
(117.677,-44.58)    117.676667          -44.579722          6.45                
(117.304,-60.284)   117.30375           -60.283611          5.78                
(117.6,-50.51)      117.599583          -50.509722          5.91                
(118.2,-5.428)      118.199583          -5.428056           5.76                
10_Pup              118.07875           -14.846389          5.69                
(117.835,-43.096)   117.835417          -43.095556          6.32                
(120.049,73.918)    120.04875           73.918056           5.41                
(117.478,-60.051)   117.478333          -60.051111          6.72                
(119.112,56.504)    119.111667          56.504444           6.72                
(117.918,-42.888)   117.917917          -42.888333          6.04                
(118.065,-34.705)   118.065417          -34.705278          5.01                
(118.054,-40.576)   118.054167          -40.575833          3.73                
(117.421,-66.196)   117.420833          -66.195833          5.79                
(121.196,79.48)     121.19625           79.479722           5.42                
(118.92,35.413)     118.92              35.412778           6.23                
(118.161,-38.863)   118.16125           -38.863056          4.49                
(118.265,-36.364)   118.264583          -36.363889          5.43                
85_Gem              118.91625           19.883889           5.35                
(118.881,8.863)     118.880833          8.862778            5.86                
(118.124,-54.367)   118.12375           -54.367222          5.7                 
(118.265,-49.613)   118.265417          -49.613056          4.63                
(118.326,-48.103)   118.325833          -48.103056          4.24                
(118.546,-35.878)   118.545833          -35.8775            5.49                
(118.666,-34.847)   118.66625           -34.846944          6.15                
(119.1,4.486)       119.099583          4.485833            6.17                
(119.569,43.978)    119.569167          43.9775             6.34                
1_Cnc               119.2475            15.790278           5.78                
(118.807,-30.918)   118.807083          -30.9175            6.44                
(119.316,8.641)     119.31625           8.641389            6.05                
(119.318,1.127)     119.3175            1.126944            6.35                
(119.095,-30.285)   119.095             -30.285278          6.33                
(118.752,-52.583)   118.752083          -52.583056          6.38                
(118.944,-43.845)   118.94375           -43.845             6.02                
11_Pup              119.214583          -22.88              4.2                 
(119.524,7.214)     119.524167          7.213611            6.41                
(119.631,16.519)    119.63125           16.518611           5.99                
(118.722,-57.303)   118.721667          -57.303056          5.63                
(120.336,59.048)    120.33625           59.0475             5.77                
(119.101,-40.736)   119.10125           -40.736389          6.78                
(124.224,84.058)    124.224167          84.057778           6.49                
53_Cam              120.426667          60.324444           6.01                
14_CMi              119.585833          2.224722            5.29                
(119.241,-42.406)   119.24125           -42.406111          6.09                
(120.628,63.09)     120.628333          63.090278           6.4                 
(119.417,-30.335)   119.417083          -30.334722          4.79                
(119.241,-43.5)     119.24125           -43.500278          5.35                
(119.896,13.242)    119.89625           13.242222           6.02                
(119.327,-44.11)    119.326667          -44.109722          5.09                
Chi_Car             119.194583          -52.982222          3.47                
(119.333,-47.89)    119.333333          -47.890278          6.22                
(120.649,57.274)    120.649167          57.273611           6.49                
(119.078,-60.526)   119.0775            -60.526389          5.74                
(119.466,-45.578)   119.465833          -45.577778          5.17                
27_Mon              119.93375           -3.679722           4.93                
12_Pup              119.77375           -23.310556          5.11                
2Ome1Cnc            120.232917          25.392778           5.83                
(120.2,19.816)      120.2               19.816111           6.25                
(119.211,-59.126)   119.21125           -59.126389          6.25                
(120.253,23.583)    120.252917          23.583056           6.34                
3_Cnc               120.197083          17.308611           5.55                
(119.56,-49.245)    119.56              -49.245             4.41                
(120.48,35.413)     120.479583          35.413056           6.34                
(119.967,-18.399)   119.966667          -18.399167          4.61                
4Ome2Cnc            120.4325            25.089722           6.31                
(119.589,-51.449)   119.589167          -51.448611          6.44                
5_Cnc               120.37625           16.455278           5.99                
(120.184,-2.882)    120.18375           -2.881667           6.51                
(120.308,4.88)      120.3075            4.879722            5.65                
(119.758,-45.216)   119.7575            -45.216111          5.99                
(119.445,-60.303)   119.445417          -60.303333          5.6                 
(119.302,-63.297)   119.302083          -63.296944          6.14                
(119.868,-39.297)   119.868333          -39.297222          5.24                
28_Mon              120.305417          -1.3925             4.68                
(119.801,-49.977)   119.80125           -49.976667          6.32                
(119.806,-49.974)   119.805833          -49.973611          6.34                
(120.461,8.914)     120.46125           8.913889            6.22                
(120.566,2.334)     120.56625           2.334444            4.39                
(120.082,-45.457)   120.081667          -45.456944          6.61                
(119.71,-60.824)    119.710417          -60.824444          5.81                
(120.062,-48.981)   120.062083          -48.981389          6.02                
Chi_Gem             120.879583          27.794167           4.94                
(120.608,-6.337)    120.608333          -6.337222           6.33                
(120.12,-48.871)    120.120417          -48.871389          6.12                
(119.918,-60.208)   119.9175            -60.2075            6.33                
(119.907,-60.587)   119.906667          -60.586944          5.17                
(120.406,-37.284)   120.405833          -37.283611          5.95                
(120.526,-37.051)   120.525833          -37.050556          6.34                
(120.208,-54.151)   120.207917          -54.151389          5.87                
(120.345,-54.515)   120.345417          -54.515             6.1                 
(121.188,18.842)    121.188333          18.842222           6.15                
(120.083,-63.568)   120.083333          -63.5675            4.82                
(120.767,-32.464)   120.767083          -32.463889          5.82                
(120.381,-55.455)   120.38125           -55.455             6.28                
(120.687,-41.31)    120.686667          -41.31              5.52                
8_Cnc               121.26875           13.118056           5.12                
(121.404,27.53)     121.404167          27.529722           6.21                
Zet_Pup             120.89625           -40.003333          2.25                
(120.873,-42.949)   120.872917          -42.948611          6.29                
28_Lyn              121.79125           43.260278           6.26                
14_Pup              121.172917          -19.728056          6.13                
9Mu_1Cnc            121.576667          22.635556           5.99                
(121.068,-32.675)   121.0675            -32.675             5.31                
(119.817,-73.245)   119.817083          -73.244722          6.34                
(121.457,-0.574)    121.456667          -0.573611           6.41                
27_Lyn              122.114167          51.506667           4.84                
(121.615,-9.245)    121.614583          -9.245              6.23                
(122.516,58.248)    122.515833          58.248056           5.93                
10Mu_2Cnc           121.940833          21.581667           5.3                 
(121.437,-33.569)   121.437083          -33.569167          6.14                
(121.177,-50.591)   121.176667          -50.590556          5.95                
(121.335,-46.979)   121.335             -46.978889          6.19                
(121.267,-53.108)   121.266667          -53.108056          5.53                
(122.346,42.431)    122.34625           42.430556           6.27                
(123.203,68.474)    123.203333          68.474167           5.32                
(121.825,-20.555)   121.825             -20.554722          5.38                
12_Cnc              122.176667          13.640833           6.27                
15Rho_Pup           121.885833          -24.304167          2.81                
(121.179,-62.836)   121.17875           -62.836111          6.3                 
(121.668,-45.266)   121.668333          -45.266389          5.05                
29Zet_Mon           122.148333          -2.983889           4.34                
(122.237,-11.34)    122.237083          -11.339722          6.32                
(122.181,-20.363)   122.18125           -20.363056          6.36                
14Psi_Cnc           122.613333          25.507222           5.73                
16_Pup              122.256667          -19.245             4.4                 
(122.84,38.731)     122.84              38.731389           6.58                
(122.369,-16.249)   122.36875           -16.248889          5.68                
(122.157,-37.681)   122.156667          -37.681389          6.37                
(122.278,-30.322)   122.277917          -30.3225            6.65                
(126.137,82.431)    126.137083          82.430833           6.32                
(122.745,14.629)    122.745             14.629444           6.23                
(122.292,-35.455)   122.2925            -35.455             6.2                 
(123.459,56.452)    123.459167          56.452222           5.85                
(122.819,9.821)     122.819167          9.821111            6.07                
18_Pup              122.665833          -13.799167          5.54                
(122.29,-48.684)    122.29              -48.684444          5.7                 
(122.4,-44.123)     122.399583          -44.122778          5.21                
(122.449,-42.641)   122.44875           -42.640556          6.26                
Gam1Vel             122.372083          -47.345833          4.27                
Gam2Vel             122.383333          -47.336667          1.78                
16Zet1Cnc           123.052917          17.647778           5.63                
16Zet1Cnc           123.052917          17.647778           6.02                
16Zet2Cnc           123.055417          17.647778           6.2                 
19_Pup              122.817917          -12.926944          4.72                
(122.888,-7.772)    122.8875            -7.7725             5.36                
(122.43,-47.938)    122.43              -47.9375            5.23                
(123.092,14.004)    123.092083          14.003889           6.54                
15_Cnc              123.287083          29.656667           5.64                
(124.884,75.757)    124.884167          75.756944           5.54                
(122.102,-63.801)   122.102083          -63.801111          6.28                
(122.39,-56.086)    122.39              -56.085556          5.66                
(122.757,-37.292)   122.756667          -37.292222          6.44                
(122.253,-61.302)   122.252917          -61.3025            4.76                
(123.96,60.381)     123.960417          60.380556           6.45                
(123.249,16.514)    123.249167          16.514167           6.01                
Eps_Vol             121.9825            -68.617222          4.35                
(123.424,23.138)    123.42375           23.137778           6.56                
(122.84,-39.619)    122.839583          -39.618611          4.45                
(122.858,-42.987)   122.857917          -42.987222          4.75                
(122.796,-48.462)   122.79625           -48.461944          5.82                
(123.546,17.676)    123.54625           17.675833           6.47                
20_Pup              123.333333          -15.788333          4.99                
(123.192,-29.911)   123.191667          -29.910833          6.52                
(123.588,13.048)    123.5875            13.048333           6.38                
(123.0,-46.644)     123.0               -46.644167          5.76                
(123.215,-37.924)   123.214583          -37.924444          6.43                
(123.129,-46.264)   123.12875           -46.264167          6.03                
29_Lyn              124.46              59.571111           5.64                
(125.168,72.407)    125.167917          72.407222           5.98                
(123.373,-35.9)     123.373333          -35.899722          4.78                
(123.421,-33.569)   123.42125           -33.569167          6.37                
(123.546,-32.141)   123.545833          -32.140833          6.06                
(123.493,-36.322)   123.493333          -36.3225            5.08                
(123.495,-36.341)   123.495             -36.341111          6.11                
(123.555,-35.491)   123.555             -35.490556          5.78                
(123.512,-40.348)   123.512083          -40.348056          4.44                
(123.401,-46.992)   123.400833          -46.991944          5.13                
(124.822,62.507)    124.822083          62.507222           5.71                
(124.566,54.144)    124.565833          54.143611           6.27                
(123.392,-50.196)   123.392083          -50.196111          5.51                
(124.141,11.726)    124.14125           11.726389           7.13                
17Bet_Cnc           124.12875           9.185556            3.52                
(123.6,-45.834)     123.599583          -45.834444          5.83                
(123.969,-30.926)   123.96875           -30.925833          6.21                
(124.382,8.866)     124.382083          8.866111            6.29                
(123.995,-35.903)   123.995417          -35.902778          6.16                
30_Lyn              125.10875           57.743333           5.89                
(124.226,-21.32)    124.225833          -21.320278          6.6                 
(123.847,-50.449)   123.847083          -50.449444          6.44                
21_Pup              124.34625           -16.285             6.16                
(125.121,53.574)    125.12125           53.574444           6.49                
(124.6,-12.632)     124.599583          -12.631944          5.98                
(123.816,-62.916)   123.81625           -62.915833          5.16                
(124.493,-30.003)   124.492917          -30.003333          6.45                
18Chi_Cnc           125.01625           27.217778           5.14                
(125.684,60.631)    125.68375           60.631111           6.41                
(125.088,20.748)    125.0875            20.747778           5.83                
(124.813,-10.166)   124.812917          -10.165833          6.32                
(124.572,-35.452)   124.5725            -35.451667          5.58                
(124.552,-37.374)   124.5525            -37.374167          6.7                 
19Lam_Cnc           125.13375           24.022222           5.98                
(124.958,3.948)     124.957917          3.947778            6.05                
(124.639,-36.659)   124.63875           -36.659444          4.45                
(125.055,-0.909)    125.054583          -0.909444           6.18                
(125.071,-5.329)    125.07125           -5.329167           6.13                
(124.872,-34.59)    124.8725            -34.590278          6.43                
(124.482,-59.167)   124.4825            -59.166944          6.42                
31_Lyn              125.70875           43.188056           4.25                
(125.114,-22.925)   125.114167          -22.924722          6.13                
(125.952,53.22)     125.952083          53.219722           5.51                
(125.334,-1.602)    125.334167          -1.602222           6.5                 
(125.338,-20.079)   125.338333          -20.079167          5.58                
(124.579,-65.613)   124.57875           -65.613333          5.07                
(125.478,-17.586)   125.4775            -17.586389          5.75                
(125.346,-33.054)   125.345833          -33.054444          4.83                
(125.338,-36.484)   125.3375            -36.484444          5.2                 
20_Cnc              125.840833          18.332222           5.95                
(125.626,-6.179)    125.625833          -6.179167           6.15                
(125.351,-39.621)   125.350833          -39.620833          6.16                
(126.178,42.005)    126.178333          42.005              6.02                
(125.725,-7.543)    125.725             -7.543333           5.96                
22_Pup              125.695             -13.054722          6.11                
21_Cnc              125.98              10.631944           6.08                
(125.708,-26.348)   125.707917          -26.348056          5.9                 
(126.27,35.011)     126.270417          35.011389           6.06                
(125.3,-57.973)     125.3               -57.973056          5.97                
(125.632,-48.49)    125.631667          -48.490278          4.82                
(126.152,-4.717)    126.151667          -4.716944           6.01                
(125.822,-38.286)   125.821667          -38.285833          6.32                
1_Hya               126.145833          -3.751111           5.61                
(125.282,-64.106)   125.282083          -64.106111          6.12                
25_Cnc              126.457917          17.046111           6.14                
(125.73,-52.124)    125.73              -52.123889          5.85                
Kap1Vol             124.954167          -71.515             5.37                
Kap2Vol             125.002917          -71.505278          5.65                
(127.442,67.298)    127.4425            67.2975             5.88                
22Phi1Cnc           126.615417          27.893611           5.57                
(126.398,2.102)     126.397917          2.102222            5.73                
(126.478,7.564)     126.478333          7.564444            5.13                
Eps_Car             125.628333          -59.509722          1.86                
(126.23,-23.154)    126.229583          -23.153611          5.68                
(126.903,45.653)    126.903333          45.653056           6.32                
23Phi2Cnc           126.695             26.934444           6.32                
23Phi2Cnc           126.695833          26.935278           6.3                 
24_Cnc              126.665833          24.534167           7.02                
24_Cnc              126.667083          24.535278           7.81                
(126.415,-3.906)    126.415             -3.906389           3.9                 
(126.265,-24.046)   126.265417          -24.046111          5.28                
(126.33,-21.046)    126.329583          -21.045833          6.01                
(126.414,-17.439)   126.414167          -17.439444          6.44                
Alp_Cha             124.631667          -76.919722          4.07                
27_Cnc              126.682917          12.654444           5.5                 
(126.482,-14.93)    126.481667          -14.929722          5.98                
2_Hya               126.613333          -3.9875             5.59                
(126.238,-42.769)   126.238333          -42.769444          5.98                
1Omi_UMa            127.56625           60.718056           3.36                
(126.675,-12.534)   126.674583          -12.534444          5.54                
(126.822,-6.41)     126.821667          -6.409722           6.59                
(126.466,-42.153)   126.46625           -42.153333          5.47                
(126.573,-39.059)   126.573333          -39.059444          6.53                
(126.576,-39.06)    126.575833          -39.060278          7.25                
28_Cnc              127.153333          24.144722           6.1                 
(126.379,-51.728)   126.379167          -51.728056          5.17                
(126.712,-29.215)   126.711667          -29.215278          6.73                
(128.222,69.32)     128.2225            69.32               6.31                
29_Cnc              127.155417          14.210833           5.95                
Eta_Vol             125.518333          -73.4               5.29                
(126.889,-20.844)   126.88875           -20.843889          6.56                
(126.818,-31.673)   126.818333          -31.673056          6.33                
(127.122,-2.517)    127.121667          -2.517222           6.39                
(127.082,-8.816)    127.082083          -8.816111           6.43                
(126.973,-26.132)   126.972917          -26.1325            6.62                
The_Cha             125.160417          -77.484444          4.35                
(126.605,-52.808)   126.605             -52.8075            6.05                
(127.212,-9.748)    127.212083          -9.748333           6.0                 
(126.997,-35.114)   126.997083          -35.113889          5.75                
(127.15,-23.072)    127.149583          -23.071667          6.51                
(127.222,-20.95)    127.222083          -20.950278          6.67                
(126.465,-64.601)   126.465             -64.600833          5.97                
Bet_Vol             126.434167          -66.136944          3.77                
(127.833,37.266)    127.832917          37.265833           6.18                
(126.864,-55.012)   126.864167          -55.011667          6.53                
(126.902,-53.089)   126.902083          -53.088611          5.09                
(128.14,53.115)     128.139583          53.114722           6.24                
(129.203,74.724)    129.202917          74.723611           6.31                
(127.365,-27.332)   127.365             -27.3325            6.7                 
2_UMa               128.650833          65.145              5.47                
30Ups1Cnc           127.877083          24.081111           5.75                
(127.282,-44.161)   127.281667          -44.160556          5.79                
31The_Cnc           127.89875           18.094444           5.35                
(127.27,-47.929)    127.269583          -47.929167          5.33                
(127.365,-44.725)   127.365             -44.725             4.99                
(128.229,38.016)    128.229167          38.016389           5.9                 
(127.978,9.814)     127.9775            9.814444            6.83                
(127.619,-32.159)   127.619167          -32.159444          5.65                
(127.44,-46.332)    127.44              -46.331944          5.99                
(127.623,-36.721)   127.623333          -36.721111          6.69                
32_Lyn              128.340833          36.436389           6.24                
33Eta_Cnc           128.177083          20.441111           5.33                
(127.879,-19.578)   127.87875           -19.5775            5.42                
(127.401,-55.191)   127.40125           -55.191111          6.36                
32Ups2Cnc           128.250417          24.084722           6.36                
(126.82,-70.093)    126.820417          -70.093333          5.53                
(127.663,-44.737)   127.663333          -44.737222          6.3                 
34_Cnc              128.16625           10.066111           6.46                
(127.852,-39.064)   127.8525            -39.064167          6.31                
(128.139,-15.029)   128.13875           -15.029444          6.38                
(127.795,-47.867)   127.795             -47.866667          6.39                
(128.438,13.257)    128.437917          13.257222           6.28                
33_Lyn              128.6825            36.419444           5.78                
(128.431,4.757)     128.43125           4.756667            5.87                
(129.928,73.63)     129.9275            73.629722           6.15                
(128.555,8.452)     128.555417          8.451944            6.03                
(128.27,-24.606)    128.27              -24.606389          6.19                
(127.873,-54.394)   127.873333          -54.394167          6.34                
(128.507,-2.152)    128.506667          -2.151667           5.81                
(128.215,-31.501)   128.214583          -31.500833          6.38                
(128.244,-34.634)   128.244167          -34.633889          6.36                
(128.02,-53.212)    128.02              -53.212222          5.69                
35_Cnc              128.830833          19.59               6.58                
(128.333,-38.371)   128.332917          -38.371111          6.49                
(128.41,-38.849)    128.409583          -38.848889          5.96                
(128.377,-46.971)   128.376667          -46.971111          6.24                
3Pi_1UMa            129.79875           65.020833           5.64                
(128.854,2.744)     128.85375           2.743611            6.33                
(126.082,-80.914)   126.0825            -80.914167          5.69                
(129.032,15.314)    129.032083          15.313611           6.32                
(128.962,6.62)      128.9625            6.62                5.99                
(128.964,6.622)     128.96375           6.6225              7.25                
(128.632,-32.599)   128.632083          -32.598611          6.43                
3_Hya               128.8675            -7.982222           5.72                
(128.622,-37.611)   128.622083          -37.611389          6.3                 
(129.592,53.401)    129.5925            53.401389           5.66                
(129.792,59.939)    129.7925            59.939444           6.48                
(128.87,-26.844)    128.87              -26.843611          5.96                
4Pi_2UMa            130.053333          64.327778           4.6                 
(128.803,-39.97)    128.8025            -39.97              6.47                
(129.75,52.925)     129.75              52.925              6.42                
36_Cnc              129.274167          9.655556            5.88                
(128.682,-49.944)   128.681667          -49.944167          5.01                
(129.823,52.712)    129.823333          52.711667           5.91                
(129.579,32.802)    129.579167          32.801944           5.94                
4Del_Hya            129.414167          5.703611            4.16                
(129.363,-4.934)    129.362917          -4.933611           6.19                
37_Cnc              129.521667          9.574722            6.53                
(128.967,-50.97)    128.967083          -50.97              5.8                 
(128.832,-58.009)   128.831667          -58.009167          4.86                
(128.814,-58.225)   128.814167          -58.225             5.26                
(129.585,-6.662)    129.584583          -6.6625             6.51                
(128.176,-73.357)   128.175833          -73.356667          6.12                
5Sig_Hya            129.689167          3.341389            4.44                
(129.374,-33.746)   129.37375           -33.745833          6.48                
Eta_Pyx             129.4675            -26.255             5.27                
(129.333,-40.148)   129.332917          -40.1475            6.55                
34_Lyn              130.254583          45.833889           5.37                
(130.076,31.942)    130.07625           31.941944           6.1                 
(129.852,8.017)     129.8525            8.017222            6.45                
(129.668,-19.737)   129.667917          -19.736944          6.33                
(129.411,-42.989)   129.41125           -42.989167          4.14                
39_Cnc              130.026667          20.007778           6.39                
(130.092,19.67)     130.092083          19.67               6.44                
41Eps_Cnc           130.1125            19.545              6.3                 
(129.783,-22.662)   129.783333          -22.661944          5.05                
6_Hya               130.00625           -12.475278          4.98                
(129.328,-62.854)   129.328333          -62.853611          5.47                
Zet_Pyx             129.927083          -29.561111          4.89                
(129.842,-36.607)   129.842083          -36.606944          6.13                
(129.687,-53.091)   129.687083          -53.090556          6.47                
(130.751,46.901)    130.750833          46.901111           6.22                
(130.257,-9.052)    130.256667          -9.051944           6.63                
Bet_Pyx             130.025833          -35.308333          3.97                
(130.08,-40.264)    130.080417          -40.264167          5.2                 
(129.849,-53.44)    129.849167          -53.439722          5.48                
9_Hya               130.430417          -15.943333          4.88                
(129.99,-53.055)    129.99              -53.055             5.19                
(129.805,-60.317)   129.805             -60.317222          6.36                
(130.147,-45.191)   130.147083          -45.191389          5.71                
(130.157,-46.649)   130.156667          -46.648889          3.84                
(130.541,-11.966)   130.540833          -11.966111          6.45                
(130.073,-52.922)   130.073333          -52.921944          3.62                
(130.072,-53.015)   130.0725            -53.015278          5.61                
43Gam_Cnc           130.82125           21.468611           4.66                
45_Cnc              130.80125           12.680833           5.64                
(131.042,36.918)    131.042083          36.918056           6.33                
(130.305,-47.317)   130.304583          -47.316944          4.77                
(130.272,-48.922)   130.272083          -48.9225            5.9                 
7Eta_Hya            130.80625           3.398611            4.3                 
(130.182,-57.545)   130.181667          -57.545278          6.34                
(130.487,-45.411)   130.487083          -45.410833          5.23                
(130.154,-59.761)   130.154167          -59.761111          4.33                
(130.999,4.335)     130.99875           4.334722            6.37                
(130.918,-7.234)    130.918333          -7.233611           4.62                
The_Vol             129.771667          -70.386944          5.2                 
47Del_Cnc           131.17125           18.154167           3.94                
(130.567,-48.099)   130.566667          -48.099167          5.51                
(130.738,-35.943)   130.7375            -35.943333          6.42                
46_Cnc              131.339167          30.697778           6.13                
49_Cnc              131.1875            10.081667           5.66                
(130.579,-53.1)     130.57875           -53.1               5.52                
(130.606,-53.114)   130.60625           -53.113889          4.86                
Alp_Pyx             130.897917          -33.186389          3.68                
10_Hya              131.255417          5.680556            6.13                
(132.206,66.708)    132.205833          66.708056           6.2                 
(130.587,-55.774)   130.587083          -55.774167          6.29                
(131.337,-2.601)    131.336667          -2.600833           6.41                
(131.23,-21.168)    131.23              -21.167778          6.11                
48Iot_Cnc           131.666667          28.765278           6.57                
48Iot_Cnc           131.674167          28.76               4.02                
(130.918,-49.823)   130.917917          -49.822778          5.16                
(131.1,-42.649)     131.1               -42.649167          4.07                
(131.51,-2.049)     131.510417          -2.048889           5.7                 
(131.216,-37.147)   131.21625           -37.147222          5.76                
(131.529,-11.006)   131.52875           -11.006389          6.25                
50_Cnc              131.733333          12.11               5.87                
11Eps_Hya           131.694167          6.418889            3.38                
(131.455,-25.388)   131.455417          -25.3875            6.1                 
12_Hya              131.59375           -13.547778          4.32                
Del_Vel             131.175833          -54.708333          1.96                
(131.812,-1.897)    131.8125            -1.897222           5.29                
(131.507,-46.042)   131.507083          -46.041667          3.91                
(131.599,-41.126)   131.599167          -41.125556          6.21                
(131.272,-58.725)   131.272083          -58.725             6.21                
(131.705,-34.623)   131.705             -34.622778          6.37                
(130.976,-68.212)   130.97625           -68.211667          6.32                
13Rho_Hya           132.108333          5.837778            4.36                
(132.02,-6.559)     132.020417          -6.558611           6.09                
(131.628,-45.913)   131.6275            -45.912778          5.46                
(131.125,-65.826)   131.125             -65.825556          6.05                
(131.829,-46.156)   131.82875           -46.155556          5.75                
(131.919,-41.737)   131.91875           -41.737222          6.36                
(131.677,-56.77)    131.677083          -56.769722          4.49                
(132.634,33.285)    132.634167          33.285278           6.25                
14_Hya              132.340417          -3.443056           5.31                
(132.037,-42.464)   132.036667          -42.463889          6.43                
Eta_Cha             130.33125           -78.963333          5.47                
(132.001,-52.851)   132.000833          -52.850556          6.3                 
(132.688,18.832)    132.687917          18.832222           6.16                
5_UMa               133.344167          61.962222           5.73                
(133.275,59.056)    133.274583          59.056111           6.25                
(132.437,-21.049)   132.437083          -21.048611          6.47                
35_Lyn              132.986667          43.726667           5.15                
(133.048,45.312)    133.048333          45.3125             5.99                
54_Cnc              132.75625           15.350556           6.38                
(133.042,42.002)    133.041667          42.0025             5.99                
(132.465,-32.781)   132.464583          -32.780556          5.21                
(132.509,-29.463)   132.509167          -29.463056          5.87                
(132.413,-40.321)   132.413333          -40.320556          5.48                
M_67                0.0                 0.0                 0.0                 
(132.59,-28.618)    132.59              -28.618056          6.17                
(132.468,-39.142)   132.468333          -39.141667          6.39                
Gam_Pyx             132.632917          -27.71              4.01                
51Sig1Cnc           133.144167          32.474167           5.66                
(132.449,-45.308)   132.44875           -45.308056          4.93                
53_Cnc              133.119167          28.259167           6.23                
55Rho1Cnc           133.149167          28.330833           5.95                
15_Hya              132.89375           -7.177222           5.54                
(130.802,-79.07)    130.801667          -79.069722          6.05                
(132.588,-42.09)    132.5875            -42.09              6.0                 
(133.101,5.34)      133.100833          5.34                6.33                
(132.64,-46.529)    132.639583          -46.529167          5.1                 
(133.482,35.538)    133.482083          35.538333           6.14                
(133.128,-13.234)   133.127917          -13.233611          6.13                
(132.866,-42.504)   132.86625           -42.504444          6.55                
6_UMa               134.15625           64.603889           5.58                
57_Cnc              133.56125           30.579444           5.39                
(133.109,-32.509)   133.10875           -32.509167          6.5                 
(133.161,-36.546)   133.160833          -36.545556          6.42                
(133.2,-38.724)     133.2               -38.724167          5.82                
(132.902,-57.634)   132.9025            -57.633611          5.59                
(132.645,-66.793)   132.645             -66.793056          5.35                
(133.575,-5.434)    133.574583          -5.434444           6.0                 
(133.161,-48.359)   133.160833          -48.359167          5.91                
58Rho2Cnc           133.915417          27.9275             5.22                
(133.845,17.231)    133.845417          17.231389           6.64                
(133.17,-52.129)    133.17              -52.129167          6.39                
(131.48,-79.504)    131.48              -79.504444          5.79                
(132.46,-72.551)    132.459583          -72.550833          6.11                
(134.208,45.632)    134.208333          45.631944           5.74                
(134.127,40.202)    134.127083          40.201667           5.89                
16Zet_Hya           133.848333          5.945556            3.11                
(133.461,-40.448)   133.46125           -40.4475            6.47                
(133.266,-56.649)   133.265833          -56.649444          6.03                
60_Cnc              133.981667          11.626111           5.41                
(133.461,-47.521)   133.46125           -47.520833          5.33                
17_Hya              133.872917          -7.970278           6.91                
17_Hya              133.873333          -7.971111           6.67                
(133.802,-18.241)   133.801667          -18.241389          5.75                
59Sig2Cnc           134.235833          32.910278           5.45                
Del_Pyx             133.88125           -27.681944          4.89                
(134.154,4.237)     134.15375           4.236667            6.14                
(134.284,17.144)    134.284167          17.143889           6.17                
(133.983,-23.818)   133.982917          -23.818333          6.39                
(133.453,-60.354)   133.452917          -60.354167          5.78                
62Omi1Cnc           134.312083          15.322778           5.2                 
(133.83,-45.042)    133.830417          -45.041667          6.26                
61_Cnc              134.494583          30.233611           6.29                
(134.142,-16.709)   134.142083          -16.709444          5.96                
63Omi2Cnc           134.396667          15.581389           5.67                
(134.615,35.802)    134.614583          35.8025             6.51                
(134.425,9.388)     134.425             9.387778            6.19                
(133.725,-58.24)    133.725             -58.24              6.38                
9Iot_UMa            134.801667          48.041667           3.14                
(133.8,-54.966)     133.799583          -54.965556          5.71                
(133.762,-60.645)   133.761667          -60.644722          3.84                
65Alp_Cnc           134.621667          11.857778           4.25                
(134.534,1.542)     134.534167          1.541667            6.59                
(134.081,-52.724)   134.080833          -52.723611          4.69                
64Sig3Cnc           134.885833          32.418611           5.2                 
8Rho_UMa            135.63625           67.629722           4.76                
(134.795,18.135)    134.795             18.134722           6.38                
(134.683,-16.133)   134.682917          -16.132778          5.86                
(135.16,41.783)     135.16              41.782778           3.97                
(135.128,37.604)    135.128333          37.604444           6.44                
(138.838,84.181)    138.838333          84.181111           6.33                
(134.243,-59.229)   134.243333          -59.229444          4.92                
(134.482,-48.573)   134.4825            -48.573333          5.87                
(134.916,-19.208)   134.91625           -19.208056          6.18                
(134.815,-28.806)   134.815417          -28.806111          6.25                
(135.419,39.713)    135.419167          39.713333           6.36                
66_Cnc              135.350417          32.2525             5.82                
(134.718,-47.235)   134.717917          -47.234722          5.18                
67_Cnc              135.45375           27.902778           6.07                
(135.381,5.641)     135.380833          5.640833            6.07                
(135.022,-41.254)   135.0225            -41.253889          4.45                
(136.002,54.284)    136.001667          54.283889           5.75                
(135.092,-43.173)   135.0925            -43.173333          6.07                
12Kap_UMa           135.90625           47.156667           3.6                 
69Nu_Cnc            135.684583          24.452778           5.45                
(135.492,-0.483)    135.491667          -0.482778           5.67                
(135.298,-26.664)   135.2975            -26.663889          6.2                 
(134.85,-59.084)    134.850417          -59.083611          5.16                
(135.687,7.298)     135.686667          7.298056            5.85                
(135.337,-41.864)   135.336667          -41.864444          5.55                
70_Cnc              136.04125           27.898333           6.38                
(135.527,-39.402)   135.526667          -39.4025            6.27                
(136.35,48.53)      136.350417          48.530278           5.95                
(135.19,-60.964)    135.190417          -60.963889          5.79                
(135.436,-52.188)   135.435833          -52.188333          5.23                
(136.23,32.377)     136.23              32.376944           6.46                
(135.787,-25.504)   135.786667          -25.504444          6.74                
(136.68,59.344)     136.679583          59.344444           6.45                
11Sig1UMa           137.098333          66.873333           5.14                
(135.285,-68.684)   135.285417          -68.683889          5.88                
(135.772,-53.55)    135.771667          -53.549722          6.4                 
(136.632,38.452)    136.6325            38.452222           4.56                
18Ome_Hya           136.493333          5.092222            4.97                
(136.039,-47.098)   136.03875           -47.097778          3.75                
Alp_Vol             135.611667          -66.396111          4.0                 
13Sig2UMa           137.596667          67.134722           4.8                 
(136.862,22.981)    136.862083          22.981111           6.4                 
(136.75,1.463)      136.749583          1.462778            6.17                
15_UMa              137.217917          51.604722           4.48                
(137.017,32.541)    137.017083          32.540556           6.5                 
72Tau_Cnc           137.000417          29.654167           5.43                
(136.2,-57.852)     136.2               -57.8525            6.44                
76Kap_Cnc           136.936667          10.668056           5.24                
14Tau_UMa           137.729583          63.513611           4.67                
(137.213,33.882)    137.212917          33.882222           5.93                
75_Cnc              137.197083          26.629167           5.98                
77Xi_Cnc            137.339583          22.045556           5.14                
Kap_Pyx             137.012083          -25.858333          4.58                
(136.642,-55.803)   136.641667          -55.803333          6.11                
19_Hya              137.175833          -8.589444           5.6                 
(136.811,-51.212)   136.81125           -51.211944          6.73                
(136.532,-64.5)     136.531667          -64.499722          6.37                
(138.513,71.656)    138.513333          71.655833           6.55                
Lam_Vel             136.999167          -43.4325            2.21                
(137.443,11.564)    137.443333          11.564444           6.48                
(137.298,-12.358)   137.297917          -12.357778          5.77                
(137.181,-26.768)   137.18125           -26.767778          6.15                
(137.268,-18.329)   137.267917          -18.328611          5.73                
(137.661,30.963)    137.66125           30.963056           5.95                
79_Cnc              137.587083          21.996389           6.01                
20_Hya              137.397917          -8.787778           5.46                
(136.41,-70.539)    136.409583          -70.538889          4.71                
(136.287,-72.603)   136.286667          -72.602778          4.48                
Eps_Pyx             137.485             -30.365278          5.59                
(138.969,72.946)    138.969167          72.946111           5.96                
(137.596,-23.177)   137.595833          -23.176667          6.53                
(137.438,-49.425)   137.437917          -49.424722          6.48                
16_UMa              138.585833          61.423333           5.13                
(137.982,5.468)     137.981667          5.468333            6.35                
81Pi_1Cnc           138.073333          14.996111           6.51                
(138.054,3.867)     138.05375           3.867222            6.14                
36_Lyn              138.450833          43.217778           5.32                
(137.995,-19.748)   137.994583          -19.747778          5.73                
(137.768,-44.868)   137.768333          -44.868056          5.0                 
21_Hya              138.108333          -7.109722           6.11                
(137.921,-39.259)   137.920833          -39.258889          6.0                 
(138.405,21.283)    138.405417          21.283333           6.48                
(137.888,-46.584)   137.888333          -46.583889          5.79                
(137.742,-58.967)   137.741667          -58.966944          3.44                
17_UMa              138.957917          56.741389           5.27                
(138.128,-43.614)   138.1275            -43.613611          5.57                
18_UMa              139.047083          54.021944           4.83                
(137.819,-62.317)   137.819167          -62.317222          3.97                
(138.81,34.634)     138.809583          34.633611           5.97                
22The_Hya           138.59125           2.314167            3.88                
(139.982,74.016)    139.9825            74.016389           6.5                 
(138.358,-38.616)   138.357917          -38.616389          6.31                
(138.328,-42.274)   138.3275            -42.273611          6.29                
82Pi_2Cnc           138.8075            14.941389           5.34                
(138.394,-47.339)   138.39375           -47.338611          5.92                
NGC_2808            0.0                 0.0                 0.0                 
(138.534,-44.146)   138.534167          -44.145833          5.85                
(138.232,-59.414)   138.231667          -59.414444          5.54                
(138.602,-43.228)   138.602083          -43.2275            5.25                
(138.854,-15.025)   138.85375           -15.024722          6.35                
(139.38,46.817)     139.38              46.817222           5.97                
(138.738,-37.602)   138.738333          -37.6025            5.86                
Zet_Oct             134.17125           -85.663056          5.42                
(138.575,-55.57)    138.575             -55.569722          5.27                
(138.811,-45.556)   138.810833          -45.555556          6.25                
23_Hya              139.17375           -6.353056           5.24                
(138.903,-38.57)    138.902917          -38.57              4.94                
24_Hya              139.172083          -8.744722           5.47                
(138.938,-37.413)   138.937917          -37.413333          4.62                
Bet_Car             138.3               -69.717222          1.68                
(139.608,35.364)    139.608333          35.364167           5.75                
(139.281,-14.574)   139.28125           -14.573611          5.84                
(139.018,-44.899)   139.0175            -44.898611          6.04                
(139.464,11.501)    139.464167          11.501111           6.41                
38_Lyn              139.71125           36.8025             3.82                
(138.823,-58.389)   138.822917          -58.388611          6.02                
(139.096,-44.266)   139.09625           -44.265833          5.12                
(138.896,-57.578)   138.895833          -57.578056          6.32                
(139.238,-39.401)   139.238333          -39.401389          5.33                
(138.051,-76.663)   138.05125           -76.663056          6.14                
(139.051,-57.541)   139.050833          -57.541389          4.34                
(140.182,51.266)    140.1825            51.266111           6.13                
(140.43,56.699)     140.430417          56.699167           5.47                
Iot_Car             139.2725            -59.275278          2.25                
(139.426,-54.495)   139.42625           -54.495278          6.33                
(140.247,38.188)    140.247083          38.188333           6.12                
(139.89,-11.314)    139.890417          -11.314167          6.62                
(139.524,-51.051)   139.524167          -51.051111          5.26                
(139.888,-15.834)   139.888333          -15.834444          5.78                
40Alp_Lyn           140.26375           34.3925             3.13                
26_Hya              139.943333          -11.975             4.79                
(140.363,32.902)    140.363333          32.901944           6.16                
(139.676,-51.561)   139.675833          -51.560556          5.87                
27_Hya              140.120833          -9.555833           4.8                 
(139.95,-34.103)    139.949583          -34.103333          6.39                
(140.314,15.371)    140.314167          15.371111           6.53                
(139.322,-68.689)   139.321667          -68.689444          5.39                
(139.465,-67.051)   139.465417          -67.050833          6.11                
(140.231,-15.618)   140.23125           -15.617778          6.33                
(140.184,-31.761)   140.184167          -31.760556          6.82                
(140.123,-37.581)   140.123333          -37.581389          6.05                
(139.886,-55.187)   139.885833          -55.186667          6.28                
The_Pyx             140.373333          -25.965556          4.72                
(141.965,75.098)    141.965             75.098333           6.29                
(139.356,-74.894)   139.355833          -74.894444          5.29                
(139.364,-74.735)   139.364167          -74.734722          5.86                
(141.434,63.941)    141.434167          63.940833           6.28                
(140.882,25.183)    140.8825            25.183056           6.41                
(140.712,-9.839)    140.712083          -9.838889           6.53                
(141.232,51.574)    141.232083          51.573889           6.31                
(140.462,-42.195)   140.462083          -42.195             5.58                
(141.094,36.587)    141.09375           36.586944           6.67                
(140.237,-62.405)   140.236667          -62.404722          4.81                
(140.653,-39.775)   140.652917          -39.774722          6.54                
(140.6,-46.048)     140.6               -46.0475            5.75                
1Kap_Leo            141.16375           26.182222           4.46                
(140.458,-55.515)   140.458333          -55.515             5.63                
Lam_Pyx             140.80125           -28.833889          4.69                
Kap_Vel             140.528333          -55.010833          2.5                 
(140.937,-37.757)   140.936667          -37.757222          6.48                
(141.385,16.586)    141.385417          16.585556           6.29                
(141.068,-39.426)   141.067917          -39.425833          6.06                
28_Hya              141.35              -5.1175             5.59                
(140.998,-51.737)   140.997917          -51.737222          6.08                
(140.864,-60.302)   140.864167          -60.3025            6.3                 
(141.593,-1.464)    141.592917          -1.463889           6.01                
(141.024,-61.649)   141.02375           -61.648889          5.99                
(142.167,45.601)    142.166667          45.601389           5.41                
29_Hya              141.810833          -9.223611           6.54                
(141.687,-28.788)   141.686667          -28.7875            6.1                 
(141.619,-40.502)   141.61875           -40.501944          6.2                 
(142.448,55.746)    142.448333          55.745556           6.45                
30Alp_Hya           141.896667          -8.658611           1.98                
(141.827,-22.344)   141.826667          -22.343889          4.69                
(141.945,-6.071)    141.945             -6.071111           5.38                
(144.272,81.326)    144.271667          81.326389           4.29                
(141.363,-61.95)    141.362917          -61.950278          5.77                
(141.575,-53.379)   141.575417          -53.379167          5.11                
2Ome_Leo            142.114583          9.056667            5.41                
3_Leo               142.121667          8.188333            5.71                
(141.91,-35.008)    141.91              -35.007778          6.65                
23_UMa              142.882083          63.061944           3.67                
(142.259,-1.257)    142.259167          -1.256944           6.27                
31Tau1Hya           142.287083          -2.768889           4.6                 
(142.352,-2.205)    142.352083          -2.205278           6.14                
(141.684,-64.93)    141.684167          -64.929722          6.05                
(142.385,-4.247)    142.385             -4.247222           6.26                
(142.302,-20.749)   142.3025            -20.748611          5.66                
7_LMi               142.68              33.655556           5.85                
Eps_Ant             142.31125           -35.951389          4.51                
(142.318,-38.404)   142.317917          -38.403889          6.19                
(142.458,-23.345)   142.457917          -23.345278          6.24                
22_UMa              143.723333          72.205556           5.72                
8_LMi               142.885             35.103056           5.37                
(142.477,-26.59)    142.477083          -26.589722          5.48                
24_UMa              143.620417          69.830278           4.56                
(142.594,-15.577)   142.594167          -15.577222          5.85                
4Lam_Leo            142.93              22.968056           4.31                
(144.028,74.318)    144.028333          74.317778           6.46                
25The_UMa           143.214167          51.677222           3.17                
(142.196,-62.273)   142.195833          -62.273056          5.92                
(141.777,-71.602)   141.776667          -71.602222          5.47                
(143.28,49.439)     143.28              49.438611           6.76                
6_Leo               142.99              9.715833            5.07                
Zet1Ant             142.689167          -31.891389          7.0                 
Zet1Ant             142.692083          -31.889444          6.18                
5Xi_Leo             142.98625           11.299722           4.97                
(142.128,-66.702)   142.1275            -66.701944          5.91                
(142.522,-51.517)   142.521667          -51.517222          5.45                
(142.912,-10.552)   142.912083          -10.552222          6.14                
Psi_Vel             142.675             -40.466667          3.6                 
32Tau2Hya           142.995417          -1.185              4.57                
(142.982,-10.371)   142.9825            -10.370556          6.13                
Zet2Ant             142.884167          -31.871944          5.93                
(142.887,-35.715)   142.887083          -35.715             5.87                
9_LMi               143.37625           36.486944           6.18                
(143.326,28.368)    143.32625           28.368056           6.53                
(142.598,-58.362)   142.5975            -58.361667          5.88                
(143.172,1.864)     143.1725            1.864167            6.11                
Iot_Cha             141.037917          -80.786944          5.36                
(143.085,-19.4)     143.085             -19.400278          5.74                
(143.582,46.902)    143.581667          46.902222           6.52                
(143.077,-28.628)   143.077083          -28.628056          6.46                
26_UMa              143.70625           52.051389           4.5                 
10_LMi              143.555833          36.3975             4.55                
(143.259,-8.505)    143.25875           -8.505278           6.12                
(143.232,-13.517)   143.2325            -13.516944          5.94                
(142.805,-57.034)   142.805417          -57.034444          3.13                
(143.496,23.454)    143.49625           23.453889           6.25                
(143.334,-7.19)     143.33375           -7.19               6.24                
(144.484,73.081)    144.484167          73.080556           6.42                
(143.08,-40.649)    143.080417          -40.649444          5.35                
(143.302,-21.116)   143.302083          -21.115833          5.01                
(143.766,39.621)    143.765833          39.621389           4.81                
(143.359,-22.864)   143.359167          -22.863889          5.91                
(143.843,39.963)    143.843333          39.963333           6.76                
(143.282,-39.129)   143.2825            -39.128889          6.43                
(142.887,-66.719)   142.887083          -66.719444          6.27                
33_Hya              143.63625           -5.915              5.56                
11_LMi              143.915             35.810278           5.41                
(143.061,-62.789)   143.060833          -62.788889          6.1                 
(143.435,-49.005)   143.435417          -49.005             5.12                
7_Leo               143.970417          14.379722           6.36                
(143.537,-51.255)   143.536667          -51.255278          5.01                
(144.179,31.162)    144.17875           31.161667           5.56                
(142.901,-73.081)   142.90125           -73.080833          5.47                
(143.89,-19.584)    143.890417          -19.583611          6.31                
(143.799,-35.824)   143.799167          -35.823889          6.49                
(144.866,67.272)    144.86625           67.272222           5.94                
(143.611,-59.229)   143.61125           -59.229444          4.08                
8_Leo               144.260833          16.437778           5.69                
10_Leo              144.302917          6.835833            5.0                 
(144.14,-24.703)    144.140417          -24.702778          6.53                
42_Lyn              144.590417          40.239722           5.25                
(144.251,-25.297)   144.250833          -25.296667          5.7                 
(144.105,-48.751)   144.105417          -48.751389          6.17                
34_Hya              144.464583          -9.424444           6.4                 
(144.291,-32.179)   144.29125           -32.178611          5.63                
(144.614,4.649)     144.61375           4.649167            4.68                
(144.368,-36.096)   144.367917          -36.095833          5.98                
(144.207,-49.355)   144.206667          -49.355278          4.35                
(144.193,-52.944)   144.192917          -52.944167          6.19                
(145.562,69.238)    145.561667          69.2375             5.69                
27_UMa              145.738333          72.2525             5.17                
(144.301,-53.669)   144.30125           -53.668611          5.45                
(144.021,-64.951)   144.02125           -64.950556          6.56                
(144.506,-43.191)   144.50625           -43.191111          5.5                 
(146.378,78.135)    146.378333          78.134722           6.23                
(144.67,-39.614)    144.669583          -39.614167          6.7                 
35Iot_Hya           144.964167          -1.142778           3.91                
37_Hya              144.9475            -10.570278          6.31                
(146.825,79.137)    146.825             79.136667           6.17                
(145.084,-10.769)   145.08375           -10.769167          6.37                
38Kap_Hya           145.076667          -14.332222          5.06                
(145.397,31.278)    145.396667          31.278056           5.89                
43_Lyn              145.50125           39.757778           5.62                
14Omi_Leo           145.2875            9.892222            3.52                
13_Leo              145.410417          25.912778           6.24                
(145.68,48.431)     145.679583          48.431111           6.39                
(145.779,54.364)    145.779167          54.363611           6.47                
(144.838,-61.328)   144.8375            -61.328056          4.52                
13_LMi              145.677917          35.093333           6.14                
(145.321,-23.592)   145.320833          -23.591667          4.77                
(146.153,64.984)    146.152917          64.983889           6.17                
Zet_Cha             143.471667          -80.941389          5.11                
15_Leo              145.88875           29.974444           5.64                
(145.56,-23.916)    145.56              -23.915556          4.94                
(145.177,-57.984)   145.177083          -57.983611          5.32                
(145.259,-57.26)    145.259167          -57.259722          5.8                 
28_UMa              146.480833          63.653333           6.34                
16Psi_Leo           145.932917          14.021667           5.35                
(145.672,-35.502)   145.6725            -35.501667          6.41                
(145.449,-55.214)   145.449167          -55.214167          6.0                 
(146.125,18.864)    146.125             18.863611           6.5                 
(146.632,57.128)    146.632083          57.128056           5.2                 
The_Ant             146.050417          -27.769444          4.79                
(145.865,-51.228)   145.864583          -51.228333          6.15                
17Eps_Leo           146.462917          23.774167           2.98                
(146.066,-39.571)   146.065833          -39.571111          6.82                
(145.926,-53.892)   145.925833          -53.891667          5.56                
(146.542,6.709)     146.541667          6.708611            5.79                
18_Leo              146.597083          11.81               5.63                
(146.341,-30.203)   146.340833          -30.202778          6.45                
(146.598,1.786)     146.598333          1.785556            5.65                
19_Leo              146.857917          11.568333           6.45                
(147.148,46.021)    147.1475            46.021111           5.09                
(146.89,11.429)     146.889583          11.428889           6.02                
(146.419,-57.186)   146.41875           -57.185556          6.46                
(146.312,-62.508)   146.311667          -62.507778          3.69                
(147.599,65.593)    147.59875           65.593333           6.31                
(146.627,-44.755)   146.626667          -44.755             5.55                
(146.481,-58.794)   146.480833          -58.794167          6.22                
29Ups_UMa           147.7475            59.038611           3.8                 
20_Leo              147.45875           21.179444           6.09                
Ups_Car             146.775417          -65.071944          3.01                
Ups_Car             146.777917          -65.0725            6.26                
(147.367,-37.186)   147.367083          -37.186389          5.97                
4_Sex               147.625417          4.343611            6.24                
30Phi_UMa           148.026667          54.064444           4.59                
(147.167,-56.412)   147.166667          -56.411944          6.06                
23_Leo              147.758333          13.066111           6.46                
(147.464,-36.269)   147.46375           -36.268611          6.37                
(147.488,-45.733)   147.487917          -45.732778          5.08                
6_Sex               147.808333          -4.243333           6.01                
22_Leo              147.970833          24.395278           5.32                
(147.84,-6.182)     147.84              -6.181667           6.42                
Nu_Cha              146.585833          -76.776111          5.45                
39Ups1Hya           147.869583          -14.846667          4.12                
(147.675,-46.934)   147.675             -46.934444          5.73                
24Mu_Leo            148.190833          26.006944           3.88                
7_Sex               148.050833          2.454167            6.02                
(148.05,0.076)      148.05              0.075556            6.35                
(147.998,-16.535)   147.998333          -16.534722          6.08                
8Gam_Sex            148.126667          -8.105              5.05                
(147.832,-46.194)   147.8325            -46.193889          5.62                
(148.764,61.116)    148.764167          61.116111           6.27                
(147.92,-46.548)    147.92              -46.547778          4.58                
(147.8,-59.426)     147.800417          -59.425833          5.79                
(147.732,-62.745)   147.732083          -62.745278          5.57                
(148.429,5.958)     148.42875           5.958333            5.95                
(148.242,-27.332)   148.241667          -27.332222          6.3                 
31_UMa              148.929167          49.82               5.27                
(149.595,72.879)    149.595             72.879444           5.83                
(148.551,-25.932)   148.55125           -25.9325            4.88                
(148.25,-55.373)    148.25              -55.373333          6.48                
(148.632,-22.488)   148.632083          -22.488333          6.24                
(149.307,57.418)    149.306667          57.418333           5.93                
(148.718,-19.009)   148.7175            -19.009444          4.94                
(148.459,-51.147)   148.459167          -51.146944          5.93                
(148.573,-45.284)   148.573333          -45.283889          5.71                
(149.108,8.933)     149.108333          8.933056            5.85                
(148.714,-50.244)   148.71375           -50.243889          5.72                
19_LMi              149.42125           41.055556           5.14                
(149.487,45.414)    149.487083          45.414444           6.3                 
(149.022,-40.825)   149.0225            -40.824722          6.41                
(149.194,-26.55)    149.19375           -26.550278          6.28                
(149.148,-33.419)   149.147917          -33.418611          5.84                
(149.225,-27.475)   149.225             -27.475             6.32                
(152.143,83.918)    152.142917          83.918333           6.37                
(149.091,-51.336)   149.09125           -51.336111          6.37                
(149.609,27.759)    149.60875           27.758889           6.3                 
27Nu_Leo            149.555833          12.444722           5.26                
(149.532,8.314)     149.531667          8.314167            6.04                
(149.965,56.812)    149.965417          56.811944           5.48                
Phi_Vel             149.215833          -54.567778          3.54                
(149.295,-52.639)   149.295417          -52.638889          6.12                
(149.901,29.645)    149.900833          29.645278           5.73                
(149.427,-48.414)   149.427083          -48.414444          6.05                
(149.04,-71.389)    149.040417          -71.389444          6.35                
12_Sex              149.929583          3.384722            6.7                 
(149.775,-23.95)    149.775417          -23.950278          6.21                
Eta_Ant             149.717917          -35.891111          5.23                
(149.313,-64.489)   149.313333          -64.489444          6.58                
(149.249,-69.102)   149.24875           -69.101944          6.2                 
29Pi_Leo            150.053333          8.044167            4.7                 
20_LMi              150.252917          31.923611           5.36                
(150.704,21.949)    150.70375           21.949167           5.66                
(150.143,-56.947)   150.143333          -56.946667          6.52                
(151.151,53.892)    151.15125           53.891667           5.74                
(150.419,-53.364)   150.41875           -53.364444          6.2                 
(150.705,-30.578)   150.705417          -30.5775            6.54                
(150.492,-57.35)    150.491667          -57.349722          6.2                 
(151.294,52.371)    151.29375           52.370833           6.14                
(150.921,-9.574)    150.920833          -9.573889           6.12                
(150.5,-60.421)     150.5               -60.420833          5.94                
13_Sex              151.035             3.201111            6.45                
(150.922,-25.317)   150.9225            -25.316667          6.7                 
(151.012,-18.102)   151.012083          -18.101667          5.86                
(150.835,-46.636)   150.835417          -46.636111          6.12                
(151.088,-24.286)   151.0875            -24.285556          5.7                 
(150.75,-60.179)    150.749583          -60.178611          6.19                
(150.706,-62.156)   150.705833          -62.156389          6.42                
(151.098,-39.976)   151.0975            -39.975833          6.43                
(151.42,15.758)     151.420417          15.7575             6.37                
40Ups2Hya           151.28125           -13.064722          4.6                 
(150.893,-61.884)   150.892917          -61.883889          6.14                
(151.313,-36.384)   151.313333          -36.383889          6.27                
14_Sex              151.6975            5.611389            6.21                
21_LMi              151.8575            35.244722           4.48                
30Eta_Leo           151.833333          16.762778           3.52                
(151.547,-47.37)    151.547083          -47.37              5.08                
(151.79,-17.142)    151.789583          -17.141667          5.6                 
(151.53,-52.188)    151.529583          -52.188056          6.52                
(152.066,31.604)    152.06625           31.604167           6.24                
31_Leo              151.97625           9.9975              4.37                
15Alp_Sex           151.984583          -0.371667           4.49                
32Alp_Leo           152.092917          11.967222           1.35                
Mu_1Cha             150.182083          -82.214722          5.52                
(152.007,-37.334)   152.007083          -37.333611          6.36                
(152.19,-10.885)    152.190417          -10.884722          6.53                
(152.148,-15.612)   152.147917          -15.611667          6.27                
(152.745,40.661)    152.745417          40.661389           6.32                
(152.485,-12.096)   152.485417          -12.095833          6.24                
17_Sex              152.53125           -8.408333           5.91                
(152.235,-51.811)   152.234583          -51.811111          4.86                
(152.525,-12.816)   152.524583          -12.816111          5.31                
(152.382,-35.857)   152.3825            -35.856667          6.13                
(152.803,37.402)    152.803333          37.401944           5.85                
41Lam_Hya           152.647083          -12.354167          3.61                
(152.178,-65.815)   152.1775            -65.815278          5.28                
18_Sex              152.7325            -8.418333           5.65                
Mu_2Cha             151.031667          -81.565833          6.6                 
34_Leo              152.909167          13.355              6.44                
(152.341,-61.549)   152.34125           -61.549167          5.6                 
(152.824,-7.317)    152.824167          -7.316667           6.25                
(152.658,-41.715)   152.657917          -41.715             5.98                
(152.377,-68.683)   152.377083          -68.683333          5.81                
(153.012,-28.606)   153.012083          -28.606389          6.28                
19_Sex              153.20125           4.614722            5.77                
(153.158,-19.154)   153.1575            -19.153611          6.44                
(153.458,27.136)    153.4575            27.135833           6.04                
(152.897,-58.828)   152.896667          -58.828056          6.4                 
(153.782,59.986)    153.782083          59.985556           6.25                
(152.944,-58.061)   152.94375           -58.060556          5.72                
(153.096,-52.163)   153.095833          -52.163333          6.16                
(153.331,-27.029)   153.330833          -27.028889          6.25                
(153.624,21.168)    153.62375           21.167778           6.02                
(153.353,-33.032)   153.353333          -33.031944          6.38                
22_LMi              153.77625           31.468056           6.46                
(153.441,-40.346)   153.44125           -40.345833          5.9                 
(154.505,73.073)    154.504583          73.073333           6.4                 
(153.345,-51.233)   153.345             -51.233333          5.28                
(153.255,-59.918)   153.255417          -59.918056          6.1                 
(153.486,-40.311)   153.485833          -40.310556          6.35                
(153.367,-51.756)   153.366667          -51.756111          5.78                
(154.461,71.061)    154.460833          71.060556           6.66                
(153.338,-61.659)   153.338333          -61.658889          6.41                
(153.684,-42.122)   153.684167          -42.121944          3.85                
23_LMi              154.06              29.310556           5.35                
(153.378,-66.373)   153.3775            -66.373056          5.16                
32_UMa              154.508333          65.108333           5.82                
24_LMi              154.117083          28.6825             6.49                
(154.067,17.74)     154.067083          17.740278           6.55                
(153.837,-36.518)   153.837083          -36.518056          6.19                
35_Leo              154.134583          23.503056           5.97                
36Zet_Leo           154.1725            23.417222           3.44                
(154.175,25.371)    154.174583          25.371389           5.84                
33Lam_UMa           154.274167          42.914444           3.45                
(154.038,-11.203)   154.037917          -11.203333          6.08                
37_Leo              154.169583          13.728333           5.41                
(153.881,-43.112)   153.88125           -43.1125            5.6                 
Ome_Car             153.434167          -70.038056          3.32                
(153.819,-54.974)   153.819167          -54.974167          6.16                
39_Leo              154.310833          23.106111           5.82                
(154.19,-20.671)    154.19              -20.670556          6.57                
(154.543,27.415)    154.542917          27.415278           6.52                
22Eps_Sex           154.4075            -8.068889           5.24                
(154.013,-59.903)   154.012917          -59.903333          6.22                
(154.746,46.761)    154.745833          46.760833           6.43                
(154.168,-51.205)   154.1675            -51.205             6.3                 
(154.862,48.397)    154.861667          48.396944           6.0                 
(155.264,68.748)    155.264167          68.7475             5.96                
(154.753,24.712)    154.752917          24.711667           6.4                 
(154.532,-28.992)   154.531667          -28.991944          5.34                
(154.271,-61.332)   154.270833          -61.332222          3.4                 
(155.062,53.779)    155.061667          53.779167           6.45                
(155.13,54.217)     155.13              54.216944           6.0                 
(154.658,-36.805)   154.6575            -36.804722          6.3                 
40_Leo              154.93375           19.470833           4.79                
(154.82,-12.528)    154.82              -12.528056          6.0                 
(154.618,-41.668)   154.6175            -41.668333          5.96                
41Gam1Leo           154.992917          19.841667           2.61                
41Gam2Leo           154.994167          19.840556           3.8                 
(154.884,-5.106)    154.884167          -5.105833           6.37                
(154.998,-9.059)    154.9975            -9.058889           6.32                
(154.657,-56.11)    154.656667          -56.11              5.81                
(157.423,84.252)    157.422917          84.252222           5.5                 
(154.903,-55.029)   154.903333          -55.029444          4.57                
23_Sex              155.258333          2.289722            6.66                
(154.77,-64.676)    154.77              -64.676389          5.67                
(155.07,-47.699)    155.069583          -47.699167          5.65                
(155.544,41.229)    155.54375           41.229444           5.76                
(155.282,-17.985)   155.2825            -17.985             6.51                
34Mu_UMa            155.582083          41.499444           3.05                
42_Leo              155.459583          14.975556           6.12                
(155.37,-23.711)    155.369583          -23.710833          6.5                 
(156.033,65.566)    156.032917          65.566389           4.97                
(155.4,-22.528)     155.4               -22.528333          6.51                
(155.228,-56.043)   155.228333          -56.043056          4.5                 
27_LMi              155.77625           33.908056           5.9                 
(155.554,-19.867)   155.55375           -19.866944          6.13                
43_Leo              155.751667          6.5425              6.07                
(155.924,29.616)    155.924167          29.615833           6.39                
(155.811,5.694)     155.810833          5.694167            6.54                
(155.582,-41.65)    155.581667          -41.65              4.83                
28_LMi              156.035833          33.718611           5.5                 
25_Sex              155.860417          -4.074167           5.97                
(155.805,-30.162)   155.804583          -30.162222          6.27                
(157.769,82.559)    157.769167          82.558611           5.26                
(156.055,2.368)     156.054583          2.368056            6.32                
(155.872,-38.01)    155.872083          -38.01              5.33                
(155.918,-41.953)   155.918333          -41.953333          6.27                
44_Leo              156.313333          8.784722            5.61                
(155.742,-66.902)   155.742083          -66.901667          4.99                
30_LMi              156.47875           33.796111           4.74                
(155.962,-57.954)   155.962083          -57.953889          6.35                
(156.435,-7.06)     156.434583          -7.059722           5.57                
(156.322,-42.468)   156.321667          -42.468056          6.18                
42Mu_Hya            156.5225            -16.836389          3.81                
(156.248,-58.576)   156.2475            -58.576389          5.95                
(156.867,41.601)    156.866667          41.600833           6.02                
(156.752,19.364)    156.752083          19.364444           6.15                
(157.016,48.785)    157.015833          48.784722           6.44                
(156.54,-42.739)    156.539583          -42.738889          6.13                
31Bet_LMi           156.970833          36.707222           4.21                
45_Leo              156.9125            9.7625              6.04                
(156.099,-74.032)   156.09875           -74.031667          4.0                 
(157.152,45.212)    157.152083          45.212222           6.35                
Alp_Ant             156.787917          -31.067778          4.25                
(156.185,-73.972)   156.184583          -73.971667          6.19                
35_UMa              157.47625           65.626111           6.32                
(156.704,-54.878)   156.704167          -54.8775            5.58                
(157.611,64.257)    157.610833          64.2575             6.12                
(157.183,-3.742)    157.183333          -3.7425             6.05                
(156.852,-57.639)   156.851667          -57.638889          4.66                
(157.008,-49.406)   157.007917          -49.405556          6.1                 
36_UMa              157.656667          55.980556           4.84                
32_LMi              157.526667          38.925278           5.77                
(156.97,-58.739)    156.969583          -58.739444          3.82                
(156.855,-65.705)   156.855417          -65.704722          6.01                
29Del_Sex           157.369583          -2.739167           5.21                
(157.371,-29.664)   157.370833          -29.663611          5.58                
Del_Ant             157.3975            -30.607222          5.56                
30Bet_Sex           157.572917          -0.636944           5.09                
(157.219,-64.172)   157.219167          -64.172222          5.29                
(159.007,80.494)    159.007083          80.494444           6.52                
(157.745,-7.638)    157.744583          -7.6375             6.2                 
(157.749,-13.588)   157.749167          -13.588333          5.58                
33_LMi              157.964167          32.379444           5.9                 
(157.714,-26.484)   157.714167          -26.483889          6.51                
(158.773,75.713)    158.772917          75.713056           4.84                
46_Leo              158.049167          14.137222           5.46                
(157.663,-61.356)   157.663333          -61.356111          6.43                
(157.536,-66.985)   157.53625           -66.985             6.19                
(157.952,-28.238)   157.9525            -28.2375            6.05                
(158.432,53.498)    158.431667          53.4975             6.45                
(158.308,40.426)    158.307917          40.425556           4.75                
47Rho_Leo           158.202917          9.306667            3.85                
(157.841,-53.716)   157.840833          -53.715556          4.89                
(157.99,-45.067)    157.989583          -45.066667          5.74                
(157.986,-45.069)   157.985833          -45.069444          6.09                
34_LMi              158.37875           34.988611           5.58                
(157.584,-71.993)   157.58375           -71.993056          4.74                
(158.14,-44.619)    158.14              -44.618889          5.91                
(158.006,-61.685)   158.005833          -61.685278          3.32                
37_UMa              158.790417          57.082778           5.16                
(157.758,-73.222)   157.758333          -73.221667          4.93                
(158.237,-47.003)   158.237083          -47.003333          5.02                
(158.198,-58.667)   158.198333          -58.666944          6.0                 
44_Hya              158.50375           -23.745278          5.08                
48_Leo              158.7               6.953611            5.08                
(158.355,-58.19)    158.355417          -58.190278          6.14                
49_Leo              158.759167          8.650278            5.67                
(158.74,-23.176)    158.740417          -23.176111          6.1                 
35_LMi              159.089167          36.326944           6.28                
(158.554,-60.988)   158.55375           -60.987778          6.23                
(158.912,-18.569)   158.912083          -18.569167          6.49                
(158.804,-39.563)   158.80375           -39.562778          5.38                
(158.794,-43.665)   158.79375           -43.664722          6.08                
(159.072,-10.583)   159.0725            -10.583333          6.57                
Phi2Hya             159.069583          -16.344444          6.03                
(159.019,-26.675)   159.019167          -26.675             6.29                
(159.135,-12.23)    159.135             -12.230278          5.7                 
(158.897,-57.558)   158.897083          -57.557778          4.45                
(159.298,-11.749)   159.298333          -11.748611          6.52                
(157.962,-81.921)   157.9625            -81.921111          7.07                
(159.307,-27.412)   159.307083          -27.4125            4.89                
(159.388,-13.384)   159.388333          -13.384444          4.82                
(159.085,-59.565)   159.084583          -59.564722          5.08                
(159.774,53.668)    159.77375           53.668333           5.52                
37_LMi              159.68              31.976111           4.71                
(159.325,-48.226)   159.325417          -48.225833          3.84                
38_LMi              159.781667          37.91               5.85                
(159.362,-58.733)   159.361667          -58.733333          5.45                
(158.853,-76.309)   158.853333          -76.309167          6.3                 
Phi3Hya             159.645833          -16.876667          4.91                
(159.71,-12.444)    159.71              -12.443611          6.04                
(159.51,-57.256)    159.510417          -57.256389          5.91                
Gam_Cha             158.867083          -78.607778          4.11                
(159.71,-42.754)    159.709583          -42.753611          6.11                
(160.451,68.443)    160.45125           68.443333           5.75                
(159.688,-59.183)   159.687917          -59.183056          4.66                
38_UMa              160.485833          65.716389           5.12                
(159.748,-58.817)   159.7475            -58.816944          5.92                
(159.827,-55.603)   159.826667          -55.603333          4.28                
(160.767,69.076)    160.767083          69.076111           5.0                 
33_Sex              160.350833          -1.741667           6.26                
(160.215,-35.742)   160.215             -35.741667          6.37                
(160.547,31.697)    160.547083          31.696944           6.02                
(160.047,-65.101)   160.047083          -65.100556          5.52                
(159.819,-74.494)   159.819167          -74.493611          6.07                
39_UMa              160.930417          57.199167           5.8                 
(160.323,-59.677)   160.323333          -59.676944          6.42                
40_LMi              160.7575            26.325556           5.51                
(160.63,-13.975)    160.630417          -13.975             6.24                
(160.887,46.204)    160.887083          46.203889           5.18                
41_LMi              160.854167          23.188333           5.08                
35_Sex              160.837083          4.747778            5.79                
(160.68,-32.716)    160.68              -32.715833          5.64                
(161.267,67.411)    161.266667          67.411389           6.0                 
(160.558,-64.466)   160.558333          -64.466389          4.82                
(161.06,19.759)     161.060417          19.758611           6.27                
(160.669,-59.216)   160.669167          -59.215833          5.38                
The_Car             160.739167          -64.394444          2.76                
(160.884,-60.567)   160.88375           -60.566667          4.57                
36_Sex              161.289167          2.488056            6.28                
41_UMa              161.59375           57.365833           6.34                
42_LMi              161.46625           30.682222           5.24                
(160.963,-64.249)   160.963333          -64.248889          5.77                
(161.029,-63.961)   161.02875           -63.961111          4.82                
(160.464,-79.783)   160.46375           -79.783333          5.97                
(161.524,6.373)     161.52375           6.373056            6.37                
51_Leo              161.602083          18.891389           5.49                
52_Leo              161.605417          14.194722           5.48                
Eta_Car             161.265             -59.684167          6.21                
(161.081,-70.86)    161.080833          -70.86              6.26                
(161.134,-70.855)   161.13375           -70.855             6.46                
(161.11,-72.444)    161.110417          -72.443889          6.27                
(161.717,-17.297)   161.716667          -17.296667          5.42                
(162.208,65.132)    162.208333          65.132222           6.39                
Mu_Vel              161.6925            -49.42              2.69                
(161.57,-60.603)    161.57              -60.603333          6.25                
(161.908,-15.262)   161.908333          -15.261944          6.67                
(161.569,-64.515)   161.56875           -64.515             5.34                
(161.624,-64.263)   161.62375           -64.263333          5.23                
(161.74,-56.757)    161.739583          -56.757222          5.23                
(161.713,-64.383)   161.713333          -64.383333          4.85                
43_LMi              162.238333          29.415833           6.15                
(162.169,-1.959)    162.169167          -1.958889           5.93                
(162.059,-31.688)   162.059167          -31.688333          5.88                
(161.911,-57.468)   161.91125           -57.467778          6.36                
53_Leo              162.314167          10.545278           5.34                
(162.022,-59.919)   162.0225            -59.919167          6.0                 
40_Sex              162.322083          -4.024167           6.61                
44_LMi              162.47375           27.973889           6.04                
Del1Cha             161.315417          -80.469722          5.47                
Nu_Hya              162.40625           -16.193611          3.11                
(162.431,-9.853)    162.43125           -9.852778           5.86                
Del2Cha             161.445             -80.540278          4.45                
43_UMa              162.79625           56.582222           5.67                
42_UMa              162.84875           59.32               5.58                
41_Sex              162.575417          -8.897778           5.79                
(162.488,-34.058)   162.4875            -34.058056          5.61                
(162.35,-59.324)    162.350417          -59.323611          5.91                
(162.772,-3.092)    162.7725            -3.0925             5.95                
(163.128,52.565)    163.128333          52.565278           6.65                
(163.133,52.504)    163.132917          52.503611           6.44                
(163.378,69.854)    163.377917          69.853889           5.93                
(163.057,1.025)     163.057083          1.025278            6.38                
(163.15,-0.201)     163.150417          -0.201389           6.31                
44_UMa              163.39375           54.585              5.1                 
46_LMi              163.327917          34.215              3.83                
45Ome_UMa           163.494583          43.19               4.71                
(163.354,-2.255)    163.35375           -2.255278           6.12                
(163.129,-57.241)   163.12875           -57.240556          5.25                
(163.373,-20.139)   163.372917          -20.138889          5.24                
(163.387,-15.446)   163.387083          -15.445556          6.38                
(163.432,-2.129)    163.432083          -2.129167           5.45                
48_LMi              163.675833          25.490833           6.2                 
(163.574,-13.758)   163.574167          -13.758056          5.66                
(163.742,34.035)    163.7425            34.034722           5.72                
(163.373,-58.853)   163.373333          -58.853333          3.78                
46_UMa              163.935             33.506944           5.03                
54_Leo              163.903333          24.749722           4.5                 
54_Leo              163.905417          24.748889           6.3                 
(163.798,-20.665)   163.798333          -20.665             6.44                
(163.425,-70.72)    163.425             -70.720278          5.99                
(163.754,-42.251)   163.754167          -42.251111          6.11                
(164.06,42.008)     164.060417          42.008333           6.03                
55_Leo              163.926667          0.736944            5.91                
(163.623,-61.827)   163.623333          -61.826667          5.93                
56_Leo              164.00625           6.185278            5.81                
(163.115,-79.559)   163.114583          -79.559444          6.33                
(164.07,22.352)     164.070417          22.351667           6.14                
50_LMi              164.143333          25.5                6.35                
(163.822,-60.517)   163.821667          -60.516944          5.92                
(164.987,77.77)     164.986667          77.77               6.2                 
Iot_Ant             164.179583          -37.137778          4.6                 
(164.283,-50.765)   164.282917          -50.765             5.91                
(164.825,51.882)    164.824583          51.882222           6.17                
(164.452,-59.732)   164.451667          -59.731944          6.11                
47_UMa              164.866667          40.430278           5.05                
(164.887,36.093)    164.886667          36.093056           6.0                 
(164.315,-75.1)     164.315417          -75.099722          6.13                
(165.061,45.526)    165.06125           45.526111           5.47                
(164.921,11.706)    164.92125           11.705833           6.55                
(164.808,-33.737)   164.807917          -33.737222          5.71                
(165.107,51.502)    165.106667          51.501944           6.43                
(164.879,-16.354)   164.87875           -16.353889          5.89                
(165.086,42.911)    165.085833          42.911389           6.02                
(165.274,63.421)    165.274167          63.421111           6.39                
7Alp_Crt            164.94375           -18.298889          4.08                
49_UMa              165.21              39.212222           5.08                
(165.048,-14.083)   165.048333          -14.083333          5.88                
(164.808,-61.32)    164.808333          -61.320278          6.16                
58_Leo              165.14              3.6175              4.84                
(164.998,-43.807)   164.9975            -43.807222          5.81                
(165.039,-42.226)   165.03875           -42.225833          4.39                
59_Leo              165.186667          6.101389            4.99                
48Bet_UMa           165.460417          56.3825             2.37                
(165.036,-51.818)   165.035833          -51.817778          6.15                
(165.238,-15.793)   165.238333          -15.792778          6.34                
(165.17,-31.839)    165.17              -31.839444          6.07                
61_Leo              165.457083          -2.484722           4.74                
60_Leo              165.5825            20.179722           4.42                
50Alp_UMa           165.932083          61.750833           1.79                
(165.602,-26.831)   165.601667          -26.831389          6.23                
(165.811,-0.752)    165.810833          -0.7525             6.14                
(164.804,-81.556)   164.80375           -81.556111          6.71                
(165.812,-11.304)   165.812083          -11.303611          5.5                 
62_Leo              165.9025            -0.000833           5.95                
(165.817,-31.961)   165.817083          -31.960833          6.46                
(165.902,-13.434)   165.902083          -13.434444          6.34                
51_UMa              166.13              38.241389           6.0                 
63Chi_Leo           166.254167          7.336111            4.63                
(166.13,-47.679)    166.13              -47.679167          5.67                
Eta_Oct             164.8075            -84.593889          6.19                
(166.226,-35.805)   166.225833          -35.804722          5.43                
Chi1Hya             166.332917          -27.293611          4.94                
(166.392,-11.089)   166.391667          -11.088889          6.09                
(166.268,-49.392)   166.2675            -49.3925            6.13                
Chi2Hya             166.49              -27.287778          5.71                
(166.524,-51.212)   166.524167          -51.2125            6.3                 
65_Leo              166.725833          1.955556            5.52                
(166.661,-28.728)   166.66125           -28.727778          6.77                
(166.614,-50.957)   166.614167          -50.956667          6.32                
64_Leo              166.915417          23.323611           6.46                
(166.622,-58.675)   166.622083          -58.675278          6.02                
(166.785,-32.587)   166.785             -32.587222          6.59                
(166.635,-62.424)   166.635             -62.424167          4.61                
(166.601,-64.84)    166.600833          -64.839722          6.41                
(166.819,-42.639)   166.819167          -42.638611          5.15                
(166.977,-30.175)   166.976667          -30.174722          6.54                
(166.708,-70.878)   166.707917          -70.878056          5.57                
(167.416,67.21)     167.41625           67.210278           6.06                
(167.066,-29.973)   167.065833          -29.972778          6.49                
67_Leo              167.204583          24.658333           5.68                
(167.33,36.309)     167.329583          36.309444           5.74                
(167.183,-28.081)   167.182917          -28.080556          5.44                
52Psi_UMa           167.415833          44.498611           3.01                
(167.41,43.208)     167.410417          43.2075             5.89                
(167.148,-58.975)   167.1475            -58.975             3.91                
(167.142,-61.947)   167.141667          -61.947222          5.13                
(167.472,-32.368)   167.4725            -32.3675            5.81                
(168.046,68.272)    168.045833          68.271944           6.4                 
(167.932,14.4)      167.932083          14.400278           6.3                 
(167.728,-58.455)   167.727917          -58.455278          6.88                
11Bet_Crt           167.914583          -22.825833          4.48                
(168.185,54.894)    168.185417          54.894167           6.63                
(168.134,35.814)    168.134167          35.813611           6.41                
(168.062,-32.434)   168.061667          -32.433889          6.38                
Psi_Crt             168.126667          -18.5               6.13                
(168.144,-21.749)   168.144167          -21.749167          6.4                 
(167.873,-71.436)   167.872917          -71.436389          6.35                
(168.138,-49.101)   168.137917          -49.101111          5.36                
(168.418,41.089)    168.4175            41.088611           6.33                
(168.15,-60.318)    168.15              -60.3175            4.6                 
(168.237,-49.736)   168.237083          -49.736389          6.11                
(168.311,-44.372)   168.31125           -44.372222          5.8                 
(168.188,-64.17)    168.188333          -64.169722          5.23                
69_Leo              168.44              -0.069722           5.42                
68Del_Leo           168.527083          20.523611           2.56                
(168.508,8.061)     168.5075            8.060556            5.79                
70The_Leo           168.56              15.429444           3.34                
(168.414,-53.232)   168.41375           -53.231667          5.76                
(168.378,-59.619)   168.378333          -59.619444          5.74                
72_Leo              168.800833          23.095556           4.63                
(169.017,52.773)    169.016667          52.773056           6.5                 
(168.725,-43.734)   168.725             -43.734167          6.21                
73_Leo              168.96625           13.3075             5.32                
(168.991,12.845)    168.990833          12.844722           6.67                
(169.175,49.476)    169.174583          49.476389           5.88                
74Phi_Leo           169.165417          -3.651667           4.47                
(169.242,-7.135)    169.2425            -7.134722           6.14                
(169.115,-45.88)    169.115417          -45.88              6.31                
75_Leo              169.3225            2.010556            5.18                
(169.299,-38.014)   169.299167          -38.014444          6.27                
(169.413,-34.737)   169.413333          -34.737222          6.45                
53Xi_UMa            169.545417          31.529167           4.87                
53Xi_UMa            169.545833          31.529167           4.41                
(169.429,-36.534)   169.429167          -36.534444          6.68                
54Nu_UMa            169.619583          33.094167           3.48                
(169.588,11.985)    169.5875            11.984722           6.66                
(169.329,-67.824)   169.329167          -67.823611          6.06                
55_UMa              169.782917          38.185556           4.78                
76_Leo              169.729167          1.650556            5.91                
12Del_Crt           169.835417          -14.778611          3.56                
(170.224,67.101)    170.224167          67.100556           6.21                
(169.819,-64.582)   169.81875           -64.5825            5.99                
(169.643,-79.669)   169.642917          -79.668611          6.35                
77Sig_Leo           170.284167          6.029444            4.05                
(169.901,-75.142)   169.90125           -75.1425            6.27                
(170.455,57.075)    170.455417          57.075              6.43                
(170.016,-71.994)   170.01625           -71.994444          6.41                
Pi_Cen              170.251667          -54.491111          3.89                
(170.714,64.331)    170.71375           64.330556           6.02                
56_UMa              170.706667          43.482778           4.99                
(170.596,-44.646)   170.59625           -44.645833          6.12                
(170.825,0.132)     170.825             0.131667            6.05                
13Lam_Crt           170.84125           -18.78              5.09                
(170.803,-36.165)   170.802917          -36.164722          5.0                 
(170.488,-77.608)   170.487917          -77.608333          6.43                
(170.784,-56.779)   170.78375           -56.779444          5.79                
78Iot_Leo           170.98125           10.529167           3.94                
79_Leo              171.009583          1.407778            5.39                
(170.841,-64.955)   170.840833          -64.955             5.11                
14Eps_Crt           171.1525            -10.859444          4.83                
(171.092,-42.669)   171.092083          -42.669167          6.12                
(171.245,11.43)     171.245417          11.430278           5.8                 
15Gam_Crt           171.220417          -17.683889          4.08                
(171.046,-72.257)   171.04625           -72.256667          5.59                
(171.488,55.851)    171.487917          55.850556           5.75                
81_Leo              171.401667          16.456389           5.57                
(171.372,-36.063)   171.3725            -36.063056          5.22                
80_Leo              171.458333          3.86                6.37                
(171.388,-37.748)   171.387917          -37.747778          5.89                
(171.606,33.451)    171.60625           33.450556           6.32                
(171.43,-63.973)    171.43              -63.972778          5.17                
83_Leo              171.68875           3.013056            6.5                 
(171.647,-61.115)   171.647083          -61.115278          5.3                 
16Kap_Crt           171.789583          -12.356667          5.94                
(171.697,-53.16)    171.697083          -53.16              5.81                
84Tau_Leo           171.984167          2.856111            4.95                
(171.974,-1.7)      171.97375           -1.7                6.25                
(171.994,-35.329)   171.99375           -35.328611          6.45                
(172.269,61.778)    172.269167          61.778333           5.83                
57_UMa              172.2675            39.336944           5.31                
(172.146,-42.674)   172.14625           -42.674167          5.08                
(172.431,56.738)    172.43125           56.7375             6.28                
(172.076,-72.474)   172.075833          -72.474444          6.09                
85_Leo              172.424583          15.413333           5.74                
(172.554,54.362)    172.55375           54.361667           6.41                
(172.411,-24.463)   172.410833          -24.463333          5.76                
(172.96,81.127)     172.96              81.127222           6.15                
(172.604,46.658)    172.604167          46.6575             6.35                
58_UMa              172.629583          43.173333           5.94                
87_Leo              172.57875           -3.003611           4.77                
86_Leo              172.620833          18.409722           5.52                
1Lam_Dra            172.850833          69.331111           3.84                
(172.72,47.929)     172.720417          47.929167           6.42                
(172.792,48.789)    172.7925            48.789167           6.56                
88_Leo              172.937083          14.364444           6.2                 
(172.812,-61.278)   172.8125            -61.278333          6.38                
(173.087,61.082)    173.086667          61.0825             5.48                
(172.948,-20.777)   172.948333          -20.776667          6.24                
Omi1Cen             172.942083          -59.442222          5.13                
Omi2Cen             172.953333          -59.515833          5.15                
(173.067,-29.263)   173.067083          -29.263333          5.81                
(173.068,-29.261)   173.067917          -29.261111          5.64                
(173.097,-26.747)   173.097083          -26.746667          6.16                
(173.198,-7.828)    173.197917          -7.8275             5.95                
(173.2,-40.436)     173.200417          -40.436389          5.64                
(173.083,-66.962)   173.082917          -66.962222          5.9                 
(173.225,-31.087)   173.225417          -31.087222          5.04                
Xi_Hya              173.250417          -31.857778          3.54                
(173.311,-16.281)   173.310833          -16.280556          6.05                
(173.485,36.816)    173.484583          36.815556           6.4                 
(173.405,-40.587)   173.405417          -40.586944          5.39                
(173.542,11.024)    173.541667          11.023611           6.55                
89_Leo              173.591667          3.06                5.77                
90_Leo              173.677083          16.796944           5.95                
(173.77,54.785)     173.770417          54.785278           5.63                
(173.623,-32.831)   173.622917          -32.831389          5.98                
(173.766,20.441)    173.765833          20.441389           6.45                
(173.69,-54.264)    173.690417          -54.264167          4.62                
2_Dra               174.011667          69.322778           5.2                 
(173.737,-49.137)   173.736667          -49.136667          5.5                 
(173.805,-47.372)   173.805             -47.3725            5.71                
(173.931,10.911)    173.930833          10.911111           6.56                
(174.075,27.781)    174.074583          27.781111           5.8                 
(173.982,-47.642)   173.981667          -47.641667          5.25                
Lam_Cen             173.945             -63.019722          3.13                
21The_Crt           174.170417          -9.802222           4.7                 
(174.146,-33.57)    174.145833          -33.57              5.74                
(174.17,-37.238)    174.17              -37.237778          6.31                
91Ups_Leo           174.237083          -0.823889           4.3                 
(174.093,-61.052)   174.092917          -61.052222          5.83                
(174.255,-32.988)   174.255             -32.988056          6.29                
(174.471,50.618)    174.470833          50.618333           6.14                
(174.252,-61.283)   174.2525            -61.283333          5.15                
(174.391,-47.747)   174.39125           -47.747222          5.44                
59_UMa              174.585833          43.625556           5.59                
(174.541,8.884)     174.540833          8.884167            6.17                
Pi_Cha              174.315             -75.896667          5.65                
60_UMa              174.639583          46.834167           6.1                 
(174.705,64.347)    174.705             64.346944           6.46                
(174.634,33.626)    174.634167          33.625556           6.27                
1Ome_Vir            174.615             8.134167            5.36                
(174.6,-2.436)      174.600417          -2.436111           6.22                
(174.452,-67.62)    174.451667          -67.620278          5.96                
(174.687,45.109)    174.687083          45.108611           6.44                
(174.53,-61.826)    174.530417          -61.826389          5.15                
24Iot_Crt           174.667083          -13.201944          5.48                
(174.752,-24.721)   174.751667          -24.721111          6.42                
(174.963,-14.469)   174.962917          -14.468611          6.21                
(174.96,-16.62)     174.96              -16.620278          6.19                
(174.872,-65.398)   174.8725            -65.397778          5.17                
(175.114,57.971)    175.114167          57.970556           6.37                
Omi_Hya             175.053333          -34.744722          4.7                 
92_Leo              175.19625           21.352778           5.26                
61_UMa              175.2625            34.201667           5.33                
(175.178,-53.969)   175.1775            -53.968611          5.96                
(175.285,-29.196)   175.285             -29.196389          6.44                
(175.223,-62.09)    175.223333          -62.09              4.94                
(175.432,55.172)    175.431667          55.1725             6.27                
62_UMa              175.392917          31.746111           5.73                
(175.332,-43.096)   175.3325            -43.095833          5.55                
(175.433,-32.5)     175.433333          -32.499722          5.22                
3_Dra               175.618333          66.745              5.3                 
(175.522,22.211)    175.521667          22.210833           6.59                
(175.515,-20.294)   175.514583          -20.293889          6.22                
(175.255,-83.1)     175.255             -83.1               6.33                
(175.863,-37.19)    175.863333          -37.190278          5.98                
(175.731,-79.306)   175.730833          -79.306389          6.39                
(175.98,-6.677)     175.979583          -6.677222           6.07                
(175.88,-62.489)    175.88              -62.489444          5.03                
(176.055,25.218)    176.055             25.218333           6.02                
(175.97,-62.878)    175.970417          -62.878333          6.1                 
27Zet_Crt           176.190833          -18.350833          4.73                
2Xi_Vir             176.32125           8.258333            4.85                
(176.302,-49.07)    176.3025            -49.069722          6.26                
3Nu_Vir             176.465             6.529444            4.03                
63Chi_UMa           176.5125            47.779444           3.71                
(176.433,-45.69)    176.432917          -45.69              5.29                
Lam_Mus             176.401667          -66.728611          3.64                
(176.732,55.628)    176.731667          55.628333           5.27                
(176.628,-61.178)   176.628333          -61.178333          4.11                
(176.63,-40.501)    176.629583          -40.500556          4.91                
(176.779,-35.907)   176.779167          -35.906944          6.17                
(176.815,-30.287)   176.815417          -30.286944          6.48                
(176.83,-57.696)    176.829583          -57.696389          5.41                
93_Leo              176.99625           20.218889           4.53                
4_Vir               176.97875           8.245833            5.32                
(177.098,-10.313)   177.097917          -10.313333          6.26                
Mu_Mus              177.059583          -66.814722          4.72                
(177.161,14.284)    177.16125           14.284167           5.88                
(177.188,-26.75)    177.187917          -26.749722          5.11                
(177.255,-0.319)    177.255             -0.318611           6.15                
94Bet_Leo           177.265             14.571944           2.14                
(177.312,16.243)    177.312083          16.242778           6.04                
(177.424,34.932)    177.42375           34.931667           5.7                 
(177.421,-63.788)   177.42125           -63.788333          4.32                
(177.486,-70.226)   177.485833          -70.225833          4.97                
(177.581,-15.864)   177.58125           -15.863889          6.13                
5Bet_Vir            177.67375           1.764722            3.61                
(177.613,-62.649)   177.613333          -62.649444          5.7                 
(177.655,-27.278)   177.654583          -27.277778          6.48                
(177.73,12.279)     177.730417          12.278889           6.35                
(177.759,-5.333)    177.759167          -5.333333           5.64                
(177.789,33.375)    177.789167          33.375              6.27                
(177.786,-45.174)   177.78625           -45.173611          4.46                
(177.841,-12.188)   177.84125           -12.187778          6.35                
(177.923,-30.835)   177.923333          -30.835             5.85                
(177.963,-65.206)   177.963333          -65.206111          4.9                 
(178.245,37.719)    178.245             37.718611           6.45                
(178.042,-56.988)   178.042083          -56.987778          5.57                
Bet_Hya             178.2275            -33.908056          4.28                
(178.362,-35.067)   178.361667          -35.066667          6.17                
64Gam_UMa           178.4575            53.694722           2.44                
(178.46,0.552)      178.459583          0.551944            6.3                 
(178.548,-57.41)    178.547917          -57.41              6.06                
(178.608,-37.749)   178.6075            -37.748889          6.46                
(178.677,-25.714)   178.677083          -25.713889          5.3                 
6_Vir               178.762917          8.443889            5.58                
65_UMa              178.77375           46.476944           6.54                
65_UMa              178.796667          46.469722           7.03                
(178.809,36.756)    178.80875           36.756389           6.49                
(178.749,-63.279)   178.749167          -63.278889          5.91                
95_Leo              178.91875           15.646667           5.53                
(178.917,-28.477)   178.917083          -28.476944          5.93                
66_UMa              178.993333          56.598611           5.84                
30Eta_Crt           179.00375           -17.150833          5.18                
(178.978,-39.689)   178.977917          -39.689167          6.13                
(179.222,61.549)    179.221667          61.549167           6.22                
(179.183,-47.072)   179.182917          -47.0725            6.26                
(179.265,-33.315)   179.265417          -33.315278          6.21                
(179.311,40.344)    179.310833          40.343611           6.62                
(179.417,-62.449)   179.417083          -62.448889          5.57                
(179.53,32.274)     179.53              32.273889           6.42                
(179.586,61.465)    179.585833          61.464722           6.76                
(179.563,-56.317)   179.563333          -56.317222          5.44                
(179.585,-40.947)   179.584583          -40.947222          6.79                
(179.699,-64.339)   179.69875           -64.339167          5.61                
(179.727,-25.909)   179.726667          -25.908889          6.43                
(179.764,0.531)     179.764167          0.530556            6.17                
(179.823,33.168)    179.823333          33.1675             5.96                
(179.795,-51.697)   179.795417          -51.696667          6.05                
Eps_Cha             179.905417          -78.221944          4.91                
(179.988,34.035)    179.988333          34.035              6.5                 
7_Vir               179.987083          3.655278            5.37                
(180.078,80.853)    180.0775            80.853056           6.17                
(180.185,-10.446)   180.185417          -10.446111          5.55                
(180.177,-21.837)   180.177083          -21.837222          6.28                
8Pi_Vir             180.218333          6.614167            4.66                
(180.213,-19.659)   180.213333          -19.658889          5.26                
(180.258,-1.768)    180.2575            -1.768056           6.31                
(180.371,-57.504)   180.370833          -57.503611          6.16                
(180.415,36.042)    180.414583          36.041944           5.59                
67_UMa              180.528333          43.045556           5.21                
(180.584,-85.632)   180.58375           -85.631667          6.05                
(180.619,-71.489)   180.619167          -71.488889          6.42                
(180.657,-69.192)   180.657083          -69.192222          5.89                
(180.715,-7.684)    180.715             -7.683611           6.22                
The1Cru             180.75625           -63.312778          4.33                
(180.915,-42.434)   180.915             -42.434167          5.15                
(180.935,-74.214)   180.934583          -74.213889          6.44                
2_Com               181.069167          21.459167           5.87                
The2Cru             181.08              -63.165556          4.72                
(181.161,-68.329)   181.16125           -68.329167          5.35                
Kap_Cha             181.19375           -76.519167          5.04                
(181.117,85.587)    181.117083          85.587222           6.27                
(181.238,-60.969)   181.237917          -60.969167          5.96                
9Omi_Vir            181.302083          8.733056            4.12                
(181.313,76.906)    181.312917          76.905833           5.8                 
(181.415,62.933)    181.415417          62.933056           6.13                
(181.472,-65.547)   181.471667          -65.547222          6.33                
(181.486,-35.694)   181.48625           -35.693889          6.23                
(181.499,-3.132)    181.499167          -3.131667           6.37                
(181.582,-68.651)   181.5825            -68.650833          6.23                
(181.596,-65.709)   181.59625           -65.709167          6.06                
Eta_Cru             181.720417          -64.613611          4.15                
(181.958,-75.367)   181.9575            -75.366944          5.18                
(182.022,-50.661)   182.021667          -50.661389          4.47                
(182.02,-50.763)    182.02              -50.763333          6.37                
(182.061,-48.693)   182.06125           -48.692778          5.34                
Del_Cen             182.089583          -50.7225            2.6                 
(182.102,-60.847)   182.1025            -60.847222          6.22                
1Alp_Crv            182.103333          -24.728889          4.02                
(182.224,-44.326)   182.224167          -44.326111          5.75                
(182.227,-41.231)   182.227083          -41.231389          5.48                
10_Vir              182.422083          1.897778            5.95                
(182.447,74.661)    182.447083          74.661389           6.35                
(182.51,-34.705)    182.510417          -34.705             6.17                
11_Vir              182.514167          5.806944            5.72                
2Eps_Crv            182.53125           -22.619722          3.0                 
(182.641,-37.87)    182.640833          -37.870278          6.06                
3_Com               182.631667          16.809167           6.39                
(182.692,27.281)    182.692083          27.281389           6.01                
(182.77,-61.278)    182.770417          -61.2775            6.08                
3_Crv               182.76625           -23.6025            5.46                
(182.762,-45.423)   182.762083          -45.422778          6.61                
(182.881,-51.359)   182.880833          -51.359444          6.23                
Rho_Cen             182.912917          -52.368611          3.96                
(182.75,81.71)      182.75              81.71               6.0                 
4_Com               182.963333          25.870278           5.66                
68_UMa              182.937083          57.054444           6.43                
(183.005,28.536)    183.005             28.536111           6.49                
5_Com               183.03875           20.541944           5.57                
(183.092,-62.951)   183.091667          -62.950833          5.92                
(183.195,-70.152)   183.195             -70.151944          6.17                
(183.05,77.616)     183.049583          77.616389           5.14                
(183.304,-34.126)   183.304167          -34.125556          6.5                 
(183.355,-38.929)   183.355417          -38.929167          5.76                
(183.482,-78.574)   183.482083          -78.573611          6.35                
12_Vir              183.357917          10.262222           5.85                
(183.403,-33.793)   183.402917          -33.792778          6.33                
(183.511,-45.724)   183.510833          -45.723889          5.31                
(183.57,-64.409)    183.57              -64.408611          6.22                
(183.681,53.435)    183.680833          53.434722           6.16                
(183.748,-20.844)   183.748333          -20.844167          5.83                
Del_Cru             183.78625           -58.748889          2.8                 
(183.794,-10.312)   183.794167          -10.3125            6.11                
(183.877,-41.913)   183.877083          -41.913056          6.26                
(183.785,70.2)      183.785417          70.2                5.71                
69Del_UMa           183.856667          57.0325             3.31                
(183.946,-23.354)   183.945833          -23.353611          6.54                
4Gam_Crv            183.951667          -17.541944          2.59                
6_Com               184.000833          14.898889           5.1                 
(184.098,-72.615)   184.097917          -72.614722          6.22                
(183.922,72.551)    183.9225            72.550833           6.29                
2_CVn               184.031667          40.660278           5.66                
7_Com               184.085417          23.945278           4.95                
(184.125,33.061)    184.125417          33.061389           5.0                 
(184.275,-65.693)   184.275             -65.692778          6.06                
(184.264,-16.694)   184.26375           -16.693611          6.05                
Eps_Mus             184.392083          -67.960833          4.11                
(184.373,53.191)    184.372917          53.191111           5.81                
(184.377,28.937)    184.377083          28.937222           5.7                 
Bet_Cha             184.58625           -79.312222          4.26                
(184.447,-36.094)   184.447083          -36.093889          6.15                
(184.435,15.144)    184.434583          15.144167           6.34                
(184.538,-3.954)    184.537917          -3.954444           6.99                
(184.54,-3.949)     184.54              -3.948611           6.54                
Zet_Cru             184.60875           -64.003056          4.04                
(184.632,30.249)    184.631667          30.249167           6.23                
13_Vir              184.667917          -0.787222           5.9                 
(184.749,-55.143)   184.74875           -55.143056          5.0                 
(184.214,86.436)    184.214167          86.436111           6.33                
(184.759,26.008)    184.75875           26.007778           6.48                
8_Com               184.829583          23.034722           6.27                
(183.835,87.7)      183.834583          87.7                6.28                
(184.708,75.161)    184.707917          75.160556           5.38                
9_Com               184.873333          28.156944           6.33                
15Eta_Vir           184.976667          -0.666944           3.89                
3_CVn               184.952917          48.984167           5.29                
(185.045,-22.176)   185.044583          -22.175556          5.97                
(185.117,-65.843)   185.116667          -65.842778          6.21                
(185.082,26.619)    185.082083          26.619444           5.54                
(185.074,26.002)    185.07375           26.001944           6.15                
16_Vir              185.0875            3.3125              4.96                
5Zet_Crv            185.140417          -22.215833          5.21                
11_Com              185.179167          17.792778           4.74                
(185.172,27.055)    185.172083          27.054722           7.13                
(185.232,-13.566)   185.232083          -13.565556          5.14                
Eps_Cru             185.34              -60.401111          3.59                
70_UMa              185.211667          57.863889           5.55                
(185.49,-56.375)    185.489583          -56.374722          5.92                
Zet2Mus             185.530417          -67.521944          5.15                
Zet1Mus             185.549583          -68.3075            5.74                
(185.545,24.774)    185.545             24.773889           6.19                
(185.705,-57.676)   185.705417          -57.676111          5.39                
12_Com              185.62625           25.846111           4.81                
17_Vir              185.633333          5.305556            6.4                 
(186.406,-86.151)   186.40625           -86.150556          6.33                
(185.808,-67.632)   185.8075            -67.631667          6.36                
6_Crv               185.84              -24.840556          5.68                
(185.898,-35.413)   185.8975            -35.412778          5.32                
(185.904,-39.303)   185.90375           -39.303056          6.4                 
(185.937,-38.911)   185.937083          -38.911111          5.79                
4_CVn               185.945833          42.542778           6.06                
5_CVn               186.00625           51.562222           4.8                 
13_Com              186.077083          26.098611           5.18                
(186.186,-41.384)   186.18625           -41.384167          6.25                
(186.111,25.583)    186.11125           25.582778           6.42                
(186.322,-65.771)   186.322083          -65.770556          6.3                 
(186.285,-42.514)   186.285417          -42.514444          6.11                
(186.299,-11.61)    186.29875           -11.610278          5.95                
(186.327,-27.749)   186.326667          -27.749167          6.09                
(186.341,-35.186)   186.340833          -35.186389          5.73                
(186.313,23.926)    186.312917          23.926111           6.03                
71_UMa              186.263333          56.7775             5.81                
(186.277,63.803)    186.276667          63.802778           6.32                
6_CVn               186.462083          39.018611           5.02                
(186.629,-63.122)   186.62875           -63.1225            4.86                
Alp1Cru             186.649583          -63.099167          1.33                
Alp2Cru             186.652083          -63.099444          1.73                
(186.632,-51.451)   186.631667          -51.450833          4.82                
14_Com              186.600417          27.268333           4.95                
(186.701,-48.913)   186.700833          -48.913333          6.26                
(186.715,-32.83)    186.715417          -32.83              5.55                
(186.852,-63.789)   186.8525            -63.789167          6.0                 
15Gam_Com           186.734583          28.268333           4.36                
16_Com              186.747083          26.825556           5.0                 
(186.87,-58.992)    186.869583          -58.991944          5.5                 
(186.601,71.93)     186.600833          71.929722           6.24                
(186.925,8.61)      186.925417          8.610278            6.37                
(186.956,-16.632)   186.955833          -16.631944          6.35                
Sig_Cen             187.01              -50.230556          3.91                
(187.079,-64.341)   187.07875           -64.341389          6.04                
73_UMa              186.89625           55.712778           5.7                 
(186.965,-4.615)    186.965             -4.615278           6.22                
(187.106,-61.795)   187.10625           -61.795278          6.22                
(187.094,-39.041)   187.09375           -39.041389          5.44                
(187.139,-56.408)   187.139167          -56.407778          6.15                
(187.159,26.227)    187.15875           26.226667           6.54                
(187.186,25.899)    187.185833          25.899167           6.65                
17_Com              187.227917          25.912778           5.29                
18_Com              187.362083          24.108889           5.48                
(187.475,-56.525)   187.474583          -56.524722          5.8                 
(187.491,-41.736)   187.49125           -41.736111          6.02                
20_Com              187.43              20.896111           5.69                
7Del_Crv            187.46625           -16.515556          2.95                
(187.52,-13.393)    187.52              -13.393056          6.35                
(187.573,-23.697)   187.572917          -23.696667          5.63                
74_UMa              187.48875           58.405833           5.35                
7_CVn               187.512083          51.535556           6.21                
75_UMa              187.517917          58.7675             6.08                
Gam_Cru             187.79125           -57.113333          1.63                
Gam_Cru             187.819583          -57.081111          6.42                
4_Dra               187.527917          69.201111           4.95                
21_Com              187.7525            24.567222           5.46                
(187.709,53.077)    187.70875           53.076667           6.21                
(187.918,-59.424)   187.917917          -59.423889          5.48                
(188.042,-73.002)   188.041667          -73.001667          5.88                
(187.839,7.604)     187.839167          7.604167            6.05                
(187.982,-63.506)   187.9825            -63.506111          5.95                
(187.911,-5.052)    187.91125           -5.0525             6.19                
Gam_Mus             188.116667          -72.133056          3.87                
(188.019,-32.534)   188.01875           -32.533611          6.46                
8Eta_Crv            188.0175            -16.196111          4.31                
(188.15,-13.859)    188.15              -13.859167          5.74                
20_Vir              188.262083          10.295556           6.26                
(188.343,-19.792)   188.343333          -19.791944          6.26                
(188.393,-12.83)    188.392917          -12.830278          5.58                
22_Com              188.3925            24.283056           6.29                
21_Vir              188.445             -9.451944           5.48                
(188.497,-49.909)   188.496667          -49.909444          6.38                
(188.412,33.248)    188.412083          33.2475             5.42                
(188.448,33.385)    188.4475            33.384722           6.24                
8Bet_CVn            188.435417          41.3575             4.26                
9Bet_Crv            188.596667          -23.396667          2.65                
5Kap_Dra            188.370833          69.788333           3.87                
(188.676,-44.673)   188.67625           -44.673333          5.77                
23_Com              188.712917          22.629167           4.81                
(188.871,-61.842)   188.870833          -61.841944          6.22                
24_Com              188.77625           18.377222           6.56                
24_Com              188.7825            18.376944           5.02                
(188.784,21.881)    188.78375           21.881389           5.85                
(188.94,-41.022)    188.939583          -41.021944          5.13                
6_Dra               188.683333          70.021944           4.94                
(189.005,-39.87)    189.005             -39.87              5.8                 
(188.994,-20.527)   188.994167          -20.527222          6.2                 
Alp_Mus             189.295833          -69.135556          2.69                
25_Vir              189.1975            -5.831944           5.87                
(189.097,59.487)    189.097083          59.486944           5.5                 
25_Com              189.242917          17.089444           5.68                
Tau_Cen             189.425833          -48.541111          3.86                
(189.426,-27.139)   189.425833          -27.138889          5.45                
(189.81,-75.369)    189.810417          -75.369444          6.49                
(189.518,3.282)     189.518333          3.2825              6.33                
(189.719,-67.193)   189.71875           -67.193056          6.25                
(189.593,1.855)     189.593333          1.854722            5.71                
(189.625,6.988)     189.625             6.988333            7.08                
(189.686,-18.25)    189.685833          -18.250278          6.0                 
(189.765,-30.422)   189.764583          -30.422222          5.89                
9_CVn               189.692917          40.874444           6.37                
(189.759,22.659)    189.75875           22.659444           6.38                
26Chi_Vir           189.811667          -7.995556           4.66                
(189.982,-66.512)   189.981667          -66.511667          6.26                
26_Com              189.780417          21.0625             5.46                
(189.82,35.952)     189.820417          35.951944           6.45                
(189.969,-39.988)   189.96875           -39.9875            4.64                
(190.346,-46.146)   190.345833          -46.145556          5.84                
Gam_Cen             190.379167          -48.959722          2.17                
(190.521,-69.408)   190.52125           -69.4075            6.33                
(190.317,-13.014)   190.316667          -13.013611          6.08                
(190.318,-13.015)   190.3175            -13.015             5.98                
(190.486,-59.686)   190.485833          -59.685833          4.93                
27_Vir              190.393333          10.426389           6.19                
29Gam_Vir           190.415             -1.449444           3.65                
29Gam_Vir           190.415             -1.449444           3.68                
(190.455,-19.759)   190.455             -19.758611          6.03                
30Rho_Vir           190.47125           10.235556           4.88                
31_Vir              190.487917          6.806667            5.59                
(190.71,-63.059)    190.709583          -63.058611          5.31                
(190.648,-48.813)   190.6475            -48.813056          4.66                
(190.707,-55.947)   190.706667          -55.947222          6.08                
76_UMa              190.39125           62.713056           6.07                
(190.788,-56.176)   190.787917          -56.176111          6.0                 
(190.868,-58.903)   190.8675            -58.903056          6.4                 
(190.86,-40.178)    190.859583          -40.177778          6.44                
(190.909,-1.577)    190.90875           -1.576944           5.93                
(190.995,-36.349)   190.994583          -36.349167          6.39                
(191.002,-28.324)   191.002083          -28.323889          5.48                
(190.768,61.156)    190.7675            61.155556           6.38                
(191.257,-68.831)   191.257083          -68.831111          6.16                
Iot_Cru             191.407917          -60.981111          4.69                
(191.113,44.103)    191.112917          44.103056           6.33                
Bet_Mus             191.570417          -68.108056          3.05                
10_CVn              191.247917          39.278889           5.95                
(191.282,45.44)     191.2825            45.440278           4.99                
32_Vir              191.404583          7.673333            5.22                
(191.595,-56.489)   191.594583          -56.488889          4.65                
33_Vir              191.59375           9.54                5.67                
(191.692,-33.316)   191.691667          -33.315556          5.86                
27_Com              191.66125           16.5775             5.12                
(191.108,80.621)    191.108333          80.621111           6.4                 
Bet_Cru             191.93              -59.688611          1.25                
(191.76,5.951)      191.759583          5.950833            6.34                
34_Vir              191.806667          11.958056           6.07                
(191.889,-6.302)    191.889167          -6.301944           6.26                
(191.974,-24.852)   191.97375           -24.851667          6.44                
35_Vir              191.964167          3.572778            6.41                
(191.829,62.781)    191.82875           62.780833           5.89                
(192.11,-27.598)    192.11              -27.5975            5.66                
28_Com              192.059583          13.553056           6.56                
(192.437,-71.986)   192.437083          -71.986389          5.55                
7_Dra               191.893333          66.790278           5.43                
(192.196,24.84)     192.195833          24.840278           6.31                
29_Com              192.225833          14.1225             5.7                 
11_CVn              192.174167          48.466944           6.27                
(192.164,60.32)     192.164167          60.32               5.85                
(192.55,-60.401)    192.55              -60.400833          6.75                
30_Com              192.3225            27.552222           5.78                
Iot_Oct             193.744167          -85.123333          5.46                
(192.582,-48.46)    192.581667          -48.459722          6.24                
(192.741,-52.788)   192.74125           -52.7875            5.73                
(192.572,22.863)    192.5725            22.863333           6.43                
(192.672,-33.999)   192.671667          -33.999444          4.91                
(192.545,37.517)    192.544583          37.516944           5.89                
(192.824,-60.33)    192.824167          -60.329722          5.72                
(192.845,-10.338)   192.845417          -10.338333          6.41                
37_Vir              192.90375           3.056667            6.02                
(192.987,-39.681)   192.986667          -39.680833          5.98                
(193.022,-48.094)   193.022083          -48.094167          6.33                
(192.991,-26.738)   192.99125           -26.738056          6.15                
(193.102,-53.829)   193.1025            -53.829444          6.24                
31_Com              192.924583          27.540556           4.94                
32_Com              193.05125           17.073889           6.32                
(193.266,-54.952)   193.26625           -54.9525            5.93                
(193.115,16.122)    193.115             16.1225             6.3                 
(193.341,-60.329)   193.340833          -60.328611          5.76                
(193.279,-48.943)   193.27875           -48.943333          4.33                
(193.359,-40.179)   193.359167          -40.178889          4.27                
Kap_Cru             193.454583          -60.376944          5.9                 
38_Vir              193.296667          -3.553056           6.11                
(192.278,83.418)    192.2775            83.418056           5.85                
(192.307,83.413)    192.306667          83.412778           5.28                
35_Com              193.324167          21.245              4.9                 
(193.592,-58.431)   193.591667          -58.430556          6.58                
(193.409,-4.224)    193.40875           -4.223889           6.44                
Lam_Cru             193.663333          -59.146667          4.62                
Mu_1Cru             193.648333          -57.177778          4.03                
Mu_2Cru             193.653333          -57.168333          5.17                
41_Vir              193.457083          12.418611           6.25                
(193.578,-11.649)   193.577917          -11.648611          6.0                 
40Psi_Vir           193.588333          -9.538889           4.79                
(193.744,-44.152)   193.74375           -44.151944          5.89                
(193.555,33.534)    193.554583          33.534444           6.26                
77Eps_UMa           193.507083          55.959722           1.77                
(193.831,-42.916)   193.830833          -42.915833          5.47                
(194.131,-72.185)   194.13125           -72.185278          5.93                
(193.988,-56.836)   193.9875            -56.836111          5.32                
(193.735,47.197)    193.735417          47.196667           5.84                
43Del_Vir           193.900833          3.3975              3.38                
(193.972,-15.327)   193.972083          -15.326944          6.17                
(194.125,-26.46)    194.125417          -26.460278          6.62                
(194.268,-51.199)   194.268333          -51.198611          5.16                
12Alp1CVn           194.001667          38.314722           5.6                 
12Alp2CVn           194.007083          38.318333           2.9                 
8_Dra               193.86875           65.438611           5.24                
(194.073,54.099)    194.073333          54.099444           5.82                
(194.388,-22.754)   194.388333          -22.753889          6.31                
(194.282,46.177)    194.282083          46.176944           6.12                
36_Com              194.730833          17.409444           4.78                
44_Vir              194.914583          -3.811944           5.79                
(195.136,-33.505)   195.135833          -33.505278          6.02                
Del_Mus             195.5675            -71.548889          3.62                
37_Com              195.06875           30.785              4.9                 
46_Vir              195.149583          -3.368611           5.99                
(195.162,18.373)    195.161667          18.373056           6.2                 
(194.697,75.472)    194.697083          75.4725             6.01                
9_Dra               194.979583          66.597222           5.32                
38_Com              195.29              17.123056           5.96                
(195.772,-71.476)   195.771667          -71.476111          6.03                
78_UMa              195.1825            56.366389           4.93                
47Eps_Vir           195.544167          10.959167           2.83                
Xi_1Cen             195.888333          -49.527222          4.85                
(195.445,63.61)     195.445             63.610278           6.0                 
(195.942,-20.583)   195.942083          -20.583056          5.58                
(195.668,59.716)    195.668333          59.716111           6.53                
48_Vir              195.976667          -3.663333           6.59                
(196.2,-41.197)     196.200417          -41.196667          6.26                
(196.378,-52.115)   196.378333          -52.115             6.43                
(196.57,-48.464)    196.569583          -48.463611          4.71                
(196.646,-41.589)   196.64625           -41.588611          5.59                
Xi_2Cen             196.7275            -49.906111          4.27                
14_CVn              196.435417          35.798889           5.25                
(196.851,-59.861)   196.850833          -59.860556          5.99                
(196.468,45.269)    196.467917          45.268611           5.63                
39_Com              196.588333          21.153333           5.99                
(196.726,-35.862)   196.72625           -35.861944          6.54                
(196.542,29.029)    196.5425            29.029444           6.54                
40_Com              196.594167          22.616111           5.6                 
(196.207,73.025)    196.207083          73.025278           6.31                
(196.91,-53.46)     196.909583          -53.459722          5.71                
The_Mus             197.029167          -65.306389          5.51                
(196.595,62.042)    196.594583          62.041944           6.14                
41_Com              196.794583          27.624722           4.8                 
49_Vir              196.974167          -10.740278          5.19                
(196.973,27.556)    196.973333          27.555833           6.19                
(197.135,-8.984)    197.135417          -8.984444           5.55                
45Psi_Hya           197.26375           -23.118056          4.95                
(197.31,-9.538)     197.31              -9.538333           6.32                
(197.302,10.022)    197.301667          10.022222           5.78                
50_Vir              197.43875           -10.329444          5.94                
(197.449,16.849)    197.449167          16.848611           5.91                
51The_Vir           197.4875            -5.538889           4.38                
(197.411,37.423)    197.41125           37.423056           6.02                
(197.743,-52.567)   197.743333          -52.566944          6.06                
(197.965,-69.942)   197.965             -69.941944          5.91                
15_CVn              197.425             38.533889           6.28                
42Alp_Com           197.497083          17.529444           5.22                
42Alp_Com           197.497083          17.529444           5.22                
(197.787,-42.233)   197.786667          -42.233056          5.79                
17_CVn              197.513333          38.498889           5.91                
(197.971,-63.303)   197.97125           -63.302778          6.33                
(197.847,-43.369)   197.846667          -43.368889          5.25                
(197.459,62.229)    197.459167          62.229167           6.54                
(198.072,-59.921)   198.0725            -59.920833          4.6                 
(198.572,-78.447)   198.571667          -78.447222          5.85                
(198.204,-66.227)   198.20375           -66.226944          5.9                 
(197.913,-26.552)   197.913333          -26.551667          6.5                 
(198.013,-37.803)   198.013333          -37.803056          4.85                
(198.233,-59.817)   198.233333          -59.816667          6.16                
53_Vir              198.014583          -16.198611          5.04                
(198.212,-42.7)     198.212083          -42.699722          6.22                
43Bet_Com           197.968333          27.878056           4.26                
(198.035,24.258)    198.035             24.258056           6.33                
(198.348,-50.7)     198.347917          -50.7               5.89                
(198.137,11.556)    198.137083          11.556111           5.77                
(198.15,18.752)     198.149583          18.751667           6.53                
(198.55,-58.684)    198.550417          -58.683889          5.89                
(198.562,-59.103)   198.561667          -59.103333          4.92                
54_Vir              198.361667          -18.826667          6.28                
(198.49,-43.139)    198.489583          -43.138889          6.16                
(198.302,18.727)    198.301667          18.726944           6.11                
Eta_Mus             198.812083          -67.894444          4.8                 
(198.857,-69.68)    198.857083          -69.679722          6.37                
55_Vir              198.545417          -19.930833          5.33                
(198.68,-48.957)    198.679583          -48.956667          5.89                
(198.429,40.153)    198.429167          40.152778           4.92                
(198.63,11.332)     198.630417          11.331667           5.67                
(198.79,-36.371)    198.790417          -36.371111          6.19                
(199.187,-65.138)   199.186667          -65.138333          6.07                
57_Vir              198.995             -19.943056          5.22                
(199.304,-66.784)   199.304167          -66.783611          4.87                
(198.383,72.799)    198.383333          72.798889           6.59                
19_CVn              198.883333          40.855278           5.79                
(199.106,-1.391)    199.10625           -1.390556           6.68                
(199.221,-31.506)   199.22125           -31.506111          5.1                 
(199.06,19.052)     199.059583          19.051667           6.45                
(199.308,-43.979)   199.307917          -43.979444          5.84                
(198.106,80.471)    198.105833          80.471389           6.25                
(199.135,19.785)    199.134583          19.785278           6.45                
59_Vir              199.19375           9.424167            5.22                
(199.829,-72.036)   199.82875           -72.035556          6.04                
(199.315,13.676)    199.315             13.675556           5.33                
(199.375,-0.677)    199.374583          -0.676667           6.37                
60Sig_Vir           199.40125           5.469722            4.8                 
(199.644,-51.286)   199.644167          -51.286111          6.19                
20_CVn              199.385417          40.5725             4.73                
(199.119,68.408)    199.119167          68.408056           6.2                 
61_Vir              199.60125           -18.311389          4.74                
46Gam_Hya           199.730417          -23.171667          3.0                 
(199.713,3.688)     199.712917          3.687778            6.62                
(199.616,34.098)    199.615833          34.098056           5.82                
21_CVn              199.560417          49.681944           5.15                
(200.145,-59.773)   200.145417          -59.773333          6.18                
(199.768,35.128)    199.7675            35.128056           6.02                
(200.158,-52.748)   200.1575            -52.748056          5.48                
(200.201,-55.801)   200.20125           -55.800556          6.02                
Iot_Cen             200.149167          -36.712222          2.75                
(200.24,-46.881)    200.240417          -46.880556          5.77                
(200.719,-72.147)   200.719167          -72.146667          6.05                
(200.173,2.942)     200.173333          2.941667            6.26                
23_CVn              200.079167          40.150556           5.6                 
(200.375,-19.489)   200.374583          -19.488889          6.21                
(200.649,-60.972)   200.64875           -60.972222          6.18                
(200.658,-60.988)   200.657917          -60.988333          4.53                
(200.568,-52.183)   200.5675            -52.183056          5.83                
(200.423,2.087)     200.423333          2.087222            5.69                
(200.72,-47.943)    200.719583          -47.943056          6.16                
(200.761,-48.563)   200.760833          -48.562778          6.38                
64_Vir              200.540417          5.154722            5.87                
(201.002,-64.536)   201.002083          -64.535833          4.53                
Iot1Mus             201.279583          -74.887778          5.05                
(200.786,-33.19)    200.78625           -33.19              6.22                
63_Vir              200.754583          -17.735278          5.37                
(200.516,43.903)    200.515833          43.903056           6.35                
(200.968,-49.823)   200.967917          -49.823056          6.48                
65_Vir              200.82875           -4.924444           5.89                
(201.308,-64.485)   201.307917          -64.485278          5.31                
(201.459,-70.628)   201.45875           -70.6275            5.67                
66_Vir              201.138333          -5.163889           5.75                
Iot2Mus             201.82625           -74.691944          6.63                
(200.975,37.034)    200.975             37.033889           6.07                
(201.127,12.432)    201.127083          12.431944           6.44                
79Zet_UMa           200.98125           54.925278           2.27                
79Zet_UMa           200.985             54.921667           3.95                
67Alp_Vir           201.298333          -11.161389          0.98                
(201.278,23.854)    201.277917          23.854444           5.78                
(201.532,-39.755)   201.5325            -39.755278          5.09                
(201.548,-1.192)    201.5475            -1.1925             5.97                
(201.734,-41.498)   201.73375           -41.498056          5.69                
(201.776,-49.144)   201.77625           -49.143889          6.31                
80_UMa              201.30625           54.988056           4.01                
(201.837,-49.381)   201.836667          -49.380833          6.28                
68_Vir              201.68              -12.707778          5.25                
(201.811,-40.163)   201.81125           -40.163056          6.4                 
(202.193,-69.628)   202.193333          -69.628056          6.2                 
(201.569,46.028)    201.569167          46.028056           5.88                
69_Vir              201.863333          -15.973611          4.76                
(202.282,-64.676)   202.281667          -64.675833          6.11                
(201.5,63.261)      201.499583          63.261111           6.5                 
(202.355,-51.165)   202.355             -51.165278          5.06                
70_Vir              202.1075            13.778889           4.98                
(201.534,72.391)    201.53375           72.391389           5.79                
(201.769,64.736)    201.769167          64.735556           6.66                
(201.795,64.719)    201.794583          64.719444           7.04                
(201.998,52.746)    201.997917          52.745833           6.34                
(202.109,40.73)     202.109167          40.729722           6.47                
(202.312,-1.364)    202.312083          -1.364444           6.43                
(202.049,50.587)    202.04875           50.587222           6.8                 
(202.428,-23.281)   202.428333          -23.281389          4.97                
71_Vir              202.304167          10.818333           5.65                
(203.312,-77.568)   203.311667          -77.568333          6.48                
(202.19,50.718)     202.190417          50.718333           6.43                
Kap_Oct             205.23125           -85.786111          5.58                
(202.113,59.946)    202.112917          59.945833           5.4                 
(202.5,7.179)       202.500417          7.178889            6.17                
(202.49,6.013)      202.49              6.013333            6.51                
72_Vir              202.607083          -6.470278           6.09                
(202.761,-39.408)   202.76125           -39.4075            3.88                
(202.889,-28.113)   202.88875           -28.112778          6.47                
(201.736,78.644)    201.73625           78.643889           5.77                
(203.022,-38.399)   203.022083          -38.399167          6.16                
(203.399,-65.632)   203.39875           -65.6325            6.37                
73_Vir              203.011667          -18.728889          6.01                
74_Vir              202.99125           -6.255833           4.69                
(202.816,42.106)    202.815833          42.106111           6.08                
(203.15,-28.693)    203.149583          -28.692778          5.69                
(203.144,-29.565)   203.14375           -29.565278          6.45                
75_Vir              203.215417          -15.363056          5.55                
76_Vir              203.242083          -10.165             5.21                
(203.253,-7.195)    203.252917          -7.195              6.68                
(203.2,24.346)      203.200417          24.346389           6.11                
(203.62,-48.272)    203.620417          -48.272222          6.33                
(203.682,-33.311)   203.681667          -33.310833          6.44                
78_Vir              203.532917          3.658889            4.94                
(203.669,-13.214)   203.66875           -13.214444          5.91                
79Zet_Vir           203.673333          -0.595833           3.37                
(203.591,38.789)    203.590833          38.789167           6.37                
81_UMa              203.530417          55.348611           5.6                 
(203.699,37.182)    203.699167          37.1825             4.98                
80_Vir              203.880417          -5.396111           5.73                
24_CVn              203.61375           49.016111           4.7                 
(204.301,-61.692)   204.300833          -61.691944          5.63                
(203.889,10.205)    203.88875           10.204722           6.49                
(204.8,-75.684)     204.799583          -75.683889          6.34                
(203.809,44.197)    203.80875           44.196944           6.84                
(204.21,-34.468)    204.210417          -34.467778          6.5                 
(204.275,-44.143)   204.275             -44.143333          5.98                
(204.69,-70.445)    204.690417          -70.445             6.1                 
(204.202,-26.495)   204.201667          -26.495             5.78                
(204.349,-46.428)   204.34875           -46.428333          5.9                 
(204.532,-58.415)   204.531667          -58.415             6.42                
(204.246,24.613)    204.24625           24.613333           5.74                
(204.705,-57.623)   204.704583          -57.623056          6.01                
(205.002,-70.788)   205.0025            -70.788333          6.59                
(204.166,49.487)    204.165833          49.486667           6.49                
25_CVn              204.365             36.295              4.82                
(204.675,-29.561)   204.675             -29.560833          5.83                
(204.533,14.302)    204.532917          14.301667           6.52                
(205.045,-64.577)   205.045417          -64.576944          5.79                
(203.678,76.547)    203.678333          76.546667           6.57                
Eps_Cen             204.971667          -53.466389          2.3                 
(204.429,50.715)    204.429167          50.714722           6.48                
(204.999,-49.95)    204.99875           -49.950278          6.0                 
(204.92,-39.748)    204.92              -39.748056          6.27                
(204.952,-40.052)   204.9525            -40.051944          5.6                 
(204.76,18.265)     204.759583          18.265278           6.48                
(204.894,10.746)    204.894167          10.746111           5.57                
(204.296,71.242)    204.295833          71.242222           5.5                 
(205.505,-58.787)   205.504583          -58.787222          5.38                
(205.436,-54.56)    205.43625           -54.56              5.01                
82_UMa              204.876667          52.921389           5.46                
(205.065,31.012)    205.065             31.011944           6.21                
1_Boo               205.16875           19.955556           5.75                
(205.163,28.065)    205.162917          28.065278           6.23                
(205.379,-23.45)    205.37875           -23.449722          6.59                
(205.44,-33.597)    205.440417          -33.596944          6.05                
(205.097,50.519)    205.096667          50.519444           6.32                
2_Boo               205.259583          22.495833           5.62                
82_Vir              205.403333          -8.703056           5.01                
(205.734,-56.768)   205.73375           -56.768056          6.0                 
(205.728,-50.791)   205.7275            -50.790556          6.41                
(205.089,57.208)    205.08875           57.2075             6.29                
83_UMa              205.184583          54.681667           4.66                
(205.729,-41.401)   205.729167          -41.401111          5.98                
(205.553,8.388)     205.552917          8.388333            6.16                
(205.917,-42.068)   205.916667          -42.0675            5.98                
(206.066,-51.013)   206.06625           -51.013056          6.47                
84_Vir              205.765417          3.538056            5.36                
(205.62,41.674)     205.62              41.674167           6.3                 
(205.681,34.989)    205.680833          34.988889           5.98                
(205.375,64.823)    205.374583          64.8225             5.85                
(205.976,-5.499)    205.97625           -5.498889           6.51                
(205.938,22.7)      205.938333          22.700278           6.13                
83_Vir              206.124167          -16.179167          5.6                 
(206.19,-25.501)    206.190417          -25.500833          6.21                
(206.404,-26.116)   206.40375           -26.116111          5.81                
1_Cen               206.421667          -33.043889          4.23                
(205.978,52.064)    205.977917          52.064444           6.02                
85_Vir              206.39625           -15.7675            6.19                
(206.795,-62.59)    206.794583          -62.59              6.51                
(206.664,-51.433)   206.66375           -51.432778          4.65                
86_Vir              206.484583          -12.426667          5.51                
(206.735,-36.252)   206.735             -36.251944          5.15                
(206.865,-50.249)   206.865             -50.249444          5.91                
(206.91,-50.321)    206.91              -50.321111          5.45                
(206.305,55.879)    206.305             55.879444           6.5                 
(206.806,-9.709)    206.80625           -9.709167           6.05                
(206.556,41.089)    206.55625           41.088611           5.87                
(206.579,38.504)    206.579167          38.503889           5.94                
87_Vir              206.855833          -17.86              5.43                
3_Boo               206.680417          25.702222           5.95                
(206.738,6.351)     206.737917          6.350556            6.33                
(205.664,78.064)    205.66375           78.064444           5.91                
4Tau_Boo            206.815417          17.456667           4.5                 
(206.749,38.543)    206.749167          38.542778           5.5                 
84_UMa              206.64875           54.432778           5.7                 
(208.911,-82.666)   208.91125           -82.666111          5.95                
(207.23,-35.704)    207.229583          -35.703889          6.53                
Nu_Cen              207.37625           -41.687778          3.41                
85Eta_UMa           206.885             49.313333           1.86                
2_Cen               207.36125           -34.450833          4.19                
Mu_Cen              207.404167          -42.473889          3.04                
(207.948,-69.401)   207.9475            -69.401389          5.75                
(207.161,31.19)     207.16125           31.190278           5.62                
89_Vir              207.467917          -18.134167          4.97                
(207.527,-29.081)   207.527083          -29.081389          6.18                
(207.581,-39.901)   207.580833          -39.901111          6.44                
(207.238,39.543)    207.238333          39.542778           7.4                 
5Ups_Boo            207.369167          15.797778           4.07                
6_Boo               207.428333          21.264167           4.91                
(207.644,-19.897)   207.64375           -19.897222          6.53                
(205.596,82.752)    205.59625           82.7525             5.98                
(207.438,36.633)    207.4375            36.632778           6.38                
(207.603,5.497)     207.602917          5.497222            6.01                
(207.947,-46.899)   207.946667          -46.899167          5.77                
(208.02,-52.812)    208.02              -52.811667          5.25                
(207.902,-36.433)   207.9025            -36.433333          6.35                
(207.835,-24.391)   207.835             -24.390833          6.45                
3_Cen               207.956667          -32.994444          4.56                
3_Cen               207.95875           -32.994722          6.06                
(208.004,-31.619)   208.00375           -31.619444          6.12                
(207.44,61.489)     207.439583          61.489167           5.96                
(207.769,34.772)    207.76875           34.7725             6.65                
(207.788,34.664)    207.788333          34.664444           5.87                
(207.615,58.539)    207.615417          58.539444           6.46                
(208.43,-53.374)    208.429583          -53.373611          5.89                
(208.704,-67.652)   208.70375           -67.6525            5.71                
(207.948,34.444)    207.947917          34.444167           4.74                
(208.077,12.165)    208.076667          12.165278           6.04                
4_Cen               208.302083          -31.927778          4.73                
(208.387,-35.664)   208.386667          -35.664167          5.54                
(208.487,-47.128)   208.487083          -47.128056          6.1                 
(208.468,-35.314)   208.4675            -35.314444          6.19                
7_Boo               208.30375           17.932778           5.7                 
10_Dra              207.857917          64.723333           4.65                
(207.747,68.315)    207.746667          68.315278           6.4                 
(208.569,-28.57)    208.569167          -28.569722          6.04                
(208.293,28.648)    208.292917          28.648056           5.9                 
(208.801,-52.161)   208.800833          -52.161111          5.71                
Zet_Cen             208.885             -47.288333          2.55                
90_Vir              208.675417          -1.503056           5.15                
(208.742,-8.059)    208.7425            -8.058889           6.19                
(209.082,-54.132)   209.0825            -54.131944          6.14                
8Eta_Boo            208.67125           18.397778           2.68                
(209.138,-54.704)   209.1375            -54.704444          6.0                 
(208.935,-31.285)   208.935417          -31.285             6.51                
86_UMa              208.4625            53.728611           5.7                 
(209.081,-46.592)   209.08125           -46.5925            5.83                
(210.137,-78.59)    210.136667          -78.59              6.09                
(209.412,-63.687)   209.412083          -63.686667          4.71                
(209.63,-65.801)    209.63              -65.800556          6.2                 
(208.958,14.056)    208.958333          14.056389           6.16                
92_Vir              209.11625           1.050556            5.91                
(209.044,32.032)    209.04375           32.0325             6.32                
(209.365,-23.023)   209.365417          -23.022778          6.14                
9_Boo               209.1425            27.491944           5.01                
Phi_Cen             209.567917          -42.100833          3.83                
Ups1Cen             209.67              -44.803611          3.87                
47_Hya              209.629583          -24.972222          5.15                
(209.822,-50.37)    209.822083          -50.37              5.91                
(210.072,-61.481)   210.072083          -61.481389          6.49                
(210.218,-66.269)   210.2175            -66.268611          5.97                
(209.666,14.649)    209.66625           14.649444           6.0                 
10_Boo              209.662083          21.696111           5.76                
(209.384,61.493)    209.38375           61.492778           6.37                
48_Hya              210.000417          -25.010278          5.77                
(209.955,-3.55)     209.955417          -3.549722           6.4                 
(210.329,-40.222)   210.329167          -40.222222          6.13                
Ups2Cen             210.430833          -45.603611          4.34                
The_Aps             211.3325            -76.796667          5.5                 
(210.335,8.895)     210.335             8.894722            5.99                
11_Boo              210.29375           27.386667           6.23                
93Tau_Vir           210.411667          1.544444            4.26                
(210.595,-27.43)    210.595             -27.43              5.48                
(210.859,-56.214)   210.859167          -56.213611          5.92                
Bet_Cen             210.955833          -60.373056          0.61                
(210.757,-31.684)   210.757083          -31.683889          6.18                
(210.865,-41.423)   210.864583          -41.423333          6.11                
(210.632,9.686)     210.6325            9.686389            6.2                 
(210.551,45.754)    210.550833          45.753611           6.27                
(210.971,-22.422)   210.97125           -22.421667          6.3                 
(210.885,10.787)    210.884583          10.786667           6.3                 
(210.903,7.546)     210.903333          7.546389            6.26                
(210.982,4.901)     210.9825            4.900833            6.24                
(211.061,-5.381)    211.060833          -5.381389           6.39                
(211.112,-14.972)   211.1125            -14.971667          6.28                
(211.444,-54.669)   211.44375           -54.669444          6.17                
(212.113,-74.85)    212.112917          -74.850278          6.02                
(210.749,50.972)    210.74875           50.971944           6.15                
(211.605,-59.716)   211.604583          -59.715556          6.42                
(210.461,68.679)    210.460833          68.678611           6.34                
(211.156,2.298)     211.15625           2.2975              6.28                
(211.308,-16.336)   211.308333          -16.335833          6.56                
Chi_Cen             211.511667          -41.179722          4.36                
(211.545,-43.092)   211.545417          -43.091944          6.2                 
49Pi_Hya            211.592917          -26.6825            3.27                
5The_Cen            211.670833          -36.37              2.06                
(212.06,-63.208)    212.059583          -63.208056          6.4                 
95_Vir              211.678333          -9.313333           5.46                
11Alp_Dra           211.097083          64.375833           3.65                
(212.235,-59.277)   212.234583          -59.276667          6.34                
(212.629,-70.306)   212.62875           -70.305556          6.05                
(212.216,-43.471)   212.21625           -43.471111          6.17                
(212.758,-69.72)    212.757917          -69.719722          6.06                
(212.396,-51.505)   212.395833          -51.504722          6.0                 
(212.478,-53.439)   212.478333          -53.439167          4.75                
96_Vir              212.2525            -10.334444          6.47                
(211.982,43.854)    211.9825            43.854444           5.27                
13_Boo              212.072083          49.458056           5.25                
(212.71,-16.302)    212.710417          -16.301944          4.91                
(212.192,59.338)    212.191667          59.337778           6.46                
Eta_Aps             214.5575            -81.007778          4.91                
12_Boo              212.599583          25.091667           4.83                
3_UMi               211.735             74.593611           6.45                
(214.229,-77.664)   214.22875           -77.663889          6.47                
(212.88,1.362)      212.88              1.362222            6.43                
(213.318,-53.666)   213.318333          -53.665833          5.56                
(213.102,-24.364)   213.102083          -24.364167          6.34                
(212.813,32.296)    212.812917          32.295556           6.11                
(213.416,-54.626)   213.41625           -54.625833          6.11                
50_Hya              213.191667          -27.261111          5.08                
(213.066,2.409)     213.065833          2.409444            5.01                
(213.305,-26.612)   213.305             -26.612222          6.24                
98Kap_Vir           213.224167          -10.273611          4.19                
(213.738,-57.086)   213.7375            -57.085833          5.07                
(213.42,-0.846)     213.42              -0.845556           5.91                
(213.678,-41.838)   213.6775            -41.8375            5.61                
(213.838,-53.51)    213.838333          -53.509722          6.39                
(214.161,-66.588)   214.160833          -66.587778          5.75                
4_UMi               212.212083          77.5475             4.82                
(213.589,-5.948)    213.58875           -5.9475             6.36                
14_Boo              213.521667          12.959444           5.54                
(213.755,-29.282)   213.755417          -29.281944          6.08                
(213.912,-45.001)   213.911667          -45.000833          6.31                
(214.142,-59.914)   214.1425            -59.913889          6.39                
(216.097,-82.849)   216.097083          -82.848611          6.42                
17Kap1Boo           213.365417          51.787778           6.69                
17Kap2Boo           213.370833          51.790278           4.54                
15_Boo              213.711667          10.100556           5.29                
(213.721,3.336)     213.720833          3.336111            6.45                
(213.85,-18.201)    213.850417          -18.200833          5.43                
(213.671,21.873)    213.670833          21.873333           6.39                
(213.017,69.432)    213.016667          69.4325             5.24                
(213.598,41.519)    213.597917          41.518889           6.24                
Eps_Aps             215.594583          -80.108889          5.06                
(214.076,-33.241)   214.07625           -33.241389          6.55                
99Iot_Vir           214.00375           -6.000556           4.08                
Del_Oct             216.72875           -83.667778          4.32                
16Alp_Boo           213.915417          19.1825             -0.04               
(214.09,-6.622)     214.089583          -6.621944           6.44                
(214.125,-3.196)    214.125417          -3.196389           6.15                
(214.018,18.912)    214.0175            18.911944           5.98                
(214.266,-18.585)   214.265833          -18.585278          6.22                
(213.82,52.536)     213.820417          52.535833           6.58                
(214.137,20.121)    214.136667          20.121389           6.25                
(214.101,39.745)    214.100833          39.744722           6.38                
(214.599,-33.221)   214.599167          -33.220556          6.54                
(214.965,-61.273)   214.964583          -61.273056          5.23                
21Iot_Boo           214.04125           51.367222           4.75                
19Lam_Boo           214.095833          46.088333           4.18                
(214.368,15.263)    214.368333          15.263333           5.8                 
(214.502,-7.542)    214.5025            -7.5425             6.47                
Iot_Lup             214.850833          -46.057778          3.55                
(214.66,-18.716)    214.659583          -18.716111          5.9                 
(214.753,-25.816)   214.753333          -25.815556          5.87                
(214.85,-37.004)    214.849583          -37.003611          5.94                
(215.081,-56.387)   215.08125           -56.386667          4.33                
100Lam_Vir          214.7775            -13.371111          4.52                
(214.338,51.307)    214.337917          51.307222           6.2                 
(214.499,35.509)    214.499167          35.509444           4.81                
(215.04,-43.059)    215.040417          -43.058889          5.56                
(214.455,48.002)    214.455             48.001667           6.32                
(215.177,-45.187)   215.177083          -45.187222          4.77                
18_Boo              214.817917          13.004167           5.41                
102Ups_Vir          214.885417          -2.265556           5.14                
Psi_Cen             215.139167          -37.885278          4.05                
(214.92,0.384)      214.920417          0.384167            6.19                
(214.732,38.768)    214.732083          38.7675             6.86                
20_Boo              214.938333          16.306944           4.86                
(215.654,-58.459)   215.654167          -58.459444          4.92                
(214.732,54.864)    214.7325            54.864167           6.53                
(214.949,38.794)    214.94875           38.793889           6.33                
(215.036,30.429)    215.03625           30.429167           6.44                
(215.661,-48.32)    215.66125           -48.320278          6.09                
(215.582,-34.787)   215.582083          -34.786944          5.56                
(215.835,-50.772)   215.834583          -50.772222          6.02                
(215.759,-39.512)   215.759167          -39.512222          4.42                
(216.276,-68.195)   216.27625           -68.195278          5.61                
(215.952,-53.177)   215.951667          -53.176667          6.0                 
51_Hya              215.774167          -27.753889          4.77                
(216.415,-66.173)   216.414583          -66.173333          6.36                
2_Lib               215.856667          -11.714167          6.21                
(215.814,1.242)     215.81375           1.241667            6.27                
(215.844,8.445)     215.844167          8.445               6.86                
(215.845,8.447)     215.844583          8.446667            5.12                
(215.778,25.338)    215.778333          25.338056           6.22                
(216.004,8.244)     216.00375           8.243611            5.95                
(217.403,-76.729)   217.403333          -76.729167          6.07                
(216.202,-24.806)   216.2025            -24.806389          5.32                
(216.78,-65.822)    216.779583          -65.821667          5.85                
(216.047,5.82)      216.047083          5.82                5.1                 
(216.17,-11.67)     216.170417          -11.669722          6.49                
(216.076,8.085)     216.07625           8.085               6.19                
Tau1Lup             216.534167          -45.221389          4.56                
Tau2Lup             216.545             -45.379444          4.35                
(216.374,-19.97)    216.374167          -19.969722          6.61                
(216.556,-42.319)   216.555833          -42.319167          6.32                
(216.449,-26.852)   216.44875           -26.8525            6.48                
(216.708,-39.874)   216.707917          -39.873889          6.35                
(216.801,-46.134)   216.800833          -46.134444          5.83                
(216.372,38.393)    216.371667          38.393056           6.27                
(217.181,-59.198)   217.18125           -59.197778          6.45                
23The_Boo           216.299167          51.850833           4.05                
22_Boo              216.614167          19.226944           5.39                
104_Vir             216.851667          -6.120278           6.17                
52_Hya              217.043333          -29.491667          4.97                
(217.819,-67.717)   217.81875           -67.717222          5.83                
105Phi_Vir          217.050417          -2.228056           4.81                
106_Vir             217.17375           -6.900556           5.42                
(216.864,41.025)    216.86375           41.025              6.63                
(217.536,-45.322)   217.535833          -45.321667          5.5                 
(217.587,-49.519)   217.587083          -49.519167          5.37                
(217.131,28.289)    217.13125           28.289167           7.62                
(217.139,28.291)    217.13875           28.290833           7.12                
(217.068,36.197)    217.068333          36.196944           6.1                 
(217.735,-40.845)   217.735417          -40.845             6.39                
(217.46,0.829)      217.460417          0.828889            5.94                
(217.795,-38.87)    217.795             -38.869722          5.97                
24_Boo              217.1575            49.844722           5.59                
(218.137,-56.888)   218.137083          -56.887778          6.93                
(217.457,31.791)    217.457083          31.791111           6.06                
(217.403,41.796)    217.403333          41.795833           6.35                
(217.689,4.772)     217.689167          4.772222            6.02                
Sig_Lup             218.15375           -50.456944          4.42                
(218.385,-54.998)   218.385             -54.998333          5.87                
(218.375,-52.68)    218.374583          -52.68              5.87                
(218.29,-30.714)    218.29              -30.714167          6.09                
25Rho_Boo           217.9575            30.371389           3.58                
5_UMi               216.88125           75.696111           4.25                
(218.533,-42.1)     218.533333          -42.099722          6.6                 
(218.822,-60.016)   218.821667          -60.015833          6.4                 
(218.084,26.677)    218.084167          26.677222           6.01                
26_Boo              218.135417          22.26               5.92                
27Gam_Boo           218.019583          38.308333           3.03                
(217.692,63.186)    217.692083          63.185556           6.09                
(217.928,60.226)    217.928333          60.225556           6.27                
(218.711,-20.439)   218.71125           -20.439167          6.5                 
(218.881,-41.517)   218.88125           -41.517222          5.87                
Eta_Cen             218.876667          -42.157778          2.31                
(218.335,36.959)    218.334583          36.959444           6.43                
(218.129,55.398)    218.12875           55.397778           5.76                
(219.443,-67.932)   219.442917          -67.932222          6.04                
(219.079,-46.245)   219.079167          -46.245278          5.55                
(218.549,32.534)    218.54875           32.534444           6.33                
(219.101,-39.597)   219.100833          -39.597222          6.13                
28Sig_Boo           218.67              29.745              4.46                
(218.66,36.626)     218.660417          36.625833           6.03                
(219.184,-40.212)   219.184167          -40.211667          5.74                
(219.334,-46.134)   219.33375           -46.133889          5.41                
(218.566,57.065)    218.56625           57.065278           6.48                
(218.665,49.368)    218.665             49.368333           5.74                
Rho_Lup             219.471667          -49.425833          4.05                
(219.029,23.25)     219.02875           23.250278           6.38                
(219.249,-12.305)   219.249167          -12.305278          6.2                 
(219.582,-38.794)   219.581667          -38.794167          6.02                
(219.796,-46.584)   219.795833          -46.584167          6.07                
(219.853,-49.056)   219.852917          -49.055556          6.39                
Alp1Cen             219.899583          -60.835278          -0.01               
Alp2Cen             219.900417          -60.835556          1.33                
(220.137,-56.441)   220.136667          -56.440833          6.3                 
(219.558,18.298)    219.558333          18.298333           5.91                
Alp_Cir             220.626667          -64.975278          3.19                
(219.552,43.642)    219.552083          43.641944           5.7                 
(220.482,-58.616)   220.482083          -58.616111          6.22                
(220.256,-36.135)   220.255833          -36.135             5.67                
(219.563,54.023)    219.563333          54.023333           5.85                
33_Boo              219.709167          44.404444           5.39                
Alp_Lup             220.4825            -47.388333          2.3                 
Alp_Aps             221.965             -79.044722          3.83                
(220.49,-37.794)    220.49              -37.793611          4.0                 
(220.091,21.976)    220.09125           21.975556           6.1                 
(220.177,13.534)    220.176667          13.534167           5.91                
(220.463,-30.933)   220.462917          -30.933333          6.37                
29Pi_1Boo           220.181667          16.418333           4.94                
29Pi_2Boo           220.182917          16.417778           5.88                
30Zet_Boo           220.287083          13.728333           4.83                
30Zet_Boo           220.287083          13.728333           4.43                
(218.41,79.66)      218.409583          79.660278           6.26                
31_Boo              220.411667          8.161667            4.86                
32_Boo              220.43125           11.660556           5.56                
(221.322,-62.876)   221.322083          -62.875833          5.36                
(220.476,21.124)    220.475833          21.123611           6.38                
4_Lib               220.806667          -24.9975            5.73                
(220.914,-35.174)   220.914167          -35.173611          4.05                
(221.231,-58.478)   221.23125           -58.477778          6.11                
107Mu_Vir           220.765             -5.658333           3.88                
(221.295,-55.602)   221.295417          -55.601944          6.1                 
(221.247,-35.192)   221.246667          -35.191944          4.92                
34_Boo              220.855833          26.527778           4.81                
(232.08,-88.133)    232.079583          -88.133056          6.48                
(220.513,61.262)    220.513333          61.261944           6.25                
(220.935,40.459)    220.935             40.459167           5.73                
(221.621,-47.441)   221.62125           -47.441111          5.74                
(221.755,-52.384)   221.755417          -52.383611          5.21                
(221.299,-1.418)    221.29875           -1.417778           6.07                
54_Hya              221.500417          -25.443056          4.94                
(221.801,-52.206)   221.80125           -52.205556          6.07                
(221.528,-23.153)   221.528333          -23.153056          5.81                
(222.185,-66.594)   222.185             -66.593889          5.91                
108_Vir             221.375833          0.717222            5.69                
35Omi_Boo           221.310417          16.964444           4.6                 
5_Lib               221.490833          -15.459722          6.33                
(221.545,-21.176)   221.545417          -21.176111          6.4                 
36Eps_Boo           221.246667          27.075              5.12                
36Eps_Boo           221.246667          27.074167           2.7                 
(221.336,18.885)    221.33625           18.884722           6.13                
(221.771,-38.291)   221.77125           -38.290833          5.94                
(221.884,-43.558)   221.88375           -43.5575            6.3                 
(221.307,32.788)    221.307083          32.788333           6.28                
109_Vir             221.562083          1.892778            3.72                
(221.525,15.132)    221.525             15.131944           5.63                
(221.807,-21.325)   221.807083          -21.324722          6.06                
55_Hya              221.84375           -25.624444          5.63                
(222.279,-56.668)   222.27875           -56.667778          6.23                
56_Hya              221.936667          -26.0875            5.24                
57_Hya              221.989583          -26.646389          5.77                
(221.979,-12.84)    221.97875           -12.839722          6.35                
(222.159,-36.635)   222.15875           -36.634722          6.04                
(223.307,-73.19)    223.307083          -73.19              5.6                 
(222.328,-24.252)   222.327917          -24.251667          5.68                
(222.225,-0.848)    222.225417          -0.847778           6.14                
7Mu_Lib             222.329583          -14.148889          5.31                
(222.097,24.367)    222.097083          24.366667           6.14                
Pi_1Oct             225.461667          -83.227778          5.65                
58_Hya              222.572083          -27.960278          4.41                
(223.146,-63.81)    223.145833          -63.81              5.87                
Omi_Lup             222.91              -43.575556          4.32                
(222.278,37.811)    222.277917          37.811111           6.16                
8Alp1Lib            222.671667          -15.997222          5.15                
9Alp2Lib            222.719583          -16.041667          2.75                
(222.493,28.616)    222.493333          28.615833           5.8                 
38_Boo              222.327917          46.116111           5.74                
(222.566,23.912)    222.565833          23.911944           5.85                
11_Lib              222.754167          -2.299167           4.94                
(222.75,-0.257)     222.750417          -0.257222           6.18                
(222.385,51.375)    222.384583          51.374722           6.51                
39_Boo              222.422083          48.720556           5.69                
Zet_Cir             223.676667          -65.991389          6.09                
(224.47,-76.663)    224.470417          -76.662778          5.34                
(222.623,37.272)    222.623333          37.271944           5.48                
(223.138,-30.577)   223.137917          -30.576944          6.29                
(223.213,-37.803)   223.212917          -37.803333          5.03                
37Xi_Boo            222.847083          19.101111           4.55                
Pi_2Oct             226.194583          -83.038333          5.65                
(223.894,-60.114)   223.894167          -60.114167          5.2                 
(225.049,-77.16)    225.049167          -77.160278          5.93                
12_Lib              223.58375           -24.642222          5.3                 
(223.658,-33.301)   223.658333          -33.300556          5.82                
(223.347,15.704)    223.347083          15.704444           6.4                 
The_Cir             224.183333          -62.780833          5.11                
(222.86,59.294)     222.86              59.293889           5.46                
(223.349,19.153)    223.34875           19.152778           6.01                
13Xi_1Lib           223.595417          -11.898333          5.8                 
(224.983,-75.032)   224.983333          -75.0325            6.2                 
(224.072,-52.81)    224.072083          -52.809722          5.38                
Ome_Oct             227.784583          -84.7875            5.91                
(223.936,-33.856)   223.93625           -33.855833          5.32                
(224.133,-47.879)   224.133333          -47.879167          5.64                
(224.256,-51.447)   224.255833          -51.446944          6.64                
(224.149,-39.416)   224.149167          -39.416111          6.36                
(224.129,-32.637)   224.12875           -32.636667          6.06                
7Bet_UMi            222.67625           74.155556           2.08                
15Xi_2Lib           224.192083          -11.409722          5.46                
(224.307,-29.158)   224.306667          -29.157778          6.29                
(224.537,-48.863)   224.536667          -48.863056          6.35                
(224.055,14.446)    224.055             14.446389           5.77                
(224.367,-21.416)   224.366667          -21.415556          5.74                
(223.995,32.3)      223.994583          32.300278           6.12                
16_Lib              224.295833          -4.346389           4.49                
Bet_Lup             224.632917          -43.133889          2.68                
(224.653,-39.907)   224.653333          -39.906667          6.15                
(224.389,-0.168)    224.38875           -0.1675             5.53                
(224.265,21.555)    224.265             21.555278           6.49                
(224.299,16.388)    224.29875           16.388333           5.71                
Kap_Cen             224.790417          -42.104167          3.13                
59_Hya              224.663333          -27.657222          5.65                
17_Lib              224.555833          -11.155             6.6                 
(224.808,-37.881)   224.807917          -37.881389          6.47                
(224.863,-43.16)    224.862917          -43.16              6.1                 
(224.096,49.629)    224.095833          49.628611           5.63                
18_Lib              224.723333          -11.144167          5.87                
(224.72,-4.989)     224.72              -4.989167           6.09                
(224.846,4.568)     224.84625           4.567778            5.93                
(225.304,-38.058)   225.304167          -38.058333          5.89                
19Del_Lib           225.243333          -8.518889           4.92                
(225.492,-34.359)   225.492083          -34.358889          6.22                
40_Boo              224.90375           39.265278           5.64                
(224.396,65.932)    224.395833          65.9325             4.6                 
(225.332,-2.755)    225.3325            -2.755              5.52                
60_Hya              225.526667          -28.060556          5.85                
(225.218,22.046)    225.218333          22.045556           6.38                
Eta_Cir             226.200833          -64.031667          5.17                
(225.454,-0.141)    225.45375           -0.140556           5.71                
(225.747,-32.643)   225.747083          -32.643333          5.44                
(222.585,82.512)    222.585             82.511944           5.64                
(225.161,47.278)    225.16125           47.277778           6.37                
(226.786,-71.905)   226.78625           -71.905278          6.52                
(225.687,-3.031)    225.687083          -3.031389           6.61                
41Ome_Boo           225.527083          25.008056           4.81                
110_Vir             225.725             2.091389            4.4                 
42Bet_Boo           225.486667          40.390556           3.5                 
20Sig_Lib           226.0175            -25.281944          3.29                
(226.179,-40.861)   226.17875           -40.861389          6.41                
Pi_Lup              226.28              -47.051111          4.72                
Pi_Lup              226.28              -47.051111          4.82                
(226.33,-41.067)    226.329583          -41.067222          5.15                
(225.363,60.204)    225.362917          60.204444           5.93                
(225.775,35.206)    225.775417          35.205833           5.51                
(226.027,5.492)     226.026667          5.4925              6.5                 
(226.987,-65.276)   226.986667          -65.275556          6.17                
(225.778,44.644)    225.7775            44.644444           6.65                
(225.902,34.566)    225.902083          34.566111           6.59                
(226.449,-25.79)    226.44875           -25.789722          6.67                
(226.558,-36.264)   226.557917          -36.264167          6.27                
43Psi_Boo           226.11125           26.9475             4.54                
(226.858,-49.088)   226.857917          -49.088333          5.77                
44_Boo              225.9475            47.654444           4.76                
(226.639,-30.919)   226.63875           -30.918889          5.96                
(226.613,-22.032)   226.612917          -22.031944          6.17                
(227.375,-67.084)   227.374583          -67.084167          5.76                
21Nu_Lib            226.656667          -16.256944          5.2                 
(227.356,-63.643)   227.35625           -63.642778          6.28                
(227.05,-40.584)    227.050417          -40.583889          5.79                
(227.163,-42.868)   227.162917          -42.867778          5.85                
Lam_Lup             227.210833          -45.279722          4.05                
47_Boo              226.3575            48.151111           5.57                
(228.141,-72.77)    228.140833          -72.770278          6.01                
(225.991,65.92)     225.990833          65.919722           6.13                
(226.646,36.456)    226.64625           36.455556           6.35                
(226.918,5.498)     226.917917          5.498056            6.16                
(227.686,-61.422)   227.685833          -61.4225            6.3                 
(226.835,18.442)    226.835             18.441667           6.02                
45_Boo              226.825417          24.869167           4.93                
(226.57,54.556)     226.569583          54.556389           5.25                
(227.531,-38.792)   227.53125           -38.7925            5.98                
(227.817,-55.346)   227.816667          -55.346111          5.54                
46_Boo              227.099167          26.301111           5.67                
(227.222,13.235)    227.2225            13.235              6.1                 
(227.148,25.109)    227.147917          25.108611           5.81                
(227.578,-26.333)   227.5775            -26.332778          5.76                
(227.895,-45.278)   227.895417          -45.2775            6.44                
(227.883,-45.279)   227.882917          -45.279444          7.39                
(228.58,-70.079)    228.579583          -70.079444          5.81                
(228.254,-61.744)   228.254167          -61.743889          6.32                
Kap1Lup             227.98375           -48.737778          3.87                
Kap2Lup             227.99              -48.743611          5.69                
(227.081,50.055)    227.08125           50.055              6.39                
Zet_Lup             228.07125           -52.099167          3.41                
(228.13,-48.219)    228.130417          -48.218611          6.33                
(228.206,-44.501)   228.20625           -44.500556          4.82                
24Iot1Lib           228.055417          -19.791667          4.54                
(228.281,-36.091)   228.280833          -36.091389          6.1                 
(228.018,18.976)    228.017917          18.975833           5.89                
(228.323,-24.008)   228.322917          -24.008333          6.47                
25Iot2Lib           228.33              -19.6475            6.08                
23_Lib              228.369583          -25.309167          6.45                
(228.472,-26.194)   228.472083          -26.193611          5.84                
(228.181,19.286)    228.18125           19.285833           6.68                
1_Lup               228.655417          -31.519167          4.91                
(229.152,-60.904)   229.151667          -60.903889          5.73                
26_Lib              228.640417          -17.768611          6.17                
(228.974,-48.074)   228.974167          -48.074167          5.95                
Del_Cir             229.23625           -60.9575            5.09                
(228.383,22.983)    228.382917          22.983333           6.3                 
Eps_Cir             229.412083          -63.610556          4.86                
(229.017,-41.491)   229.016667          -41.491111          5.16                
(229.044,-43.485)   229.04375           -43.484722          6.04                
(228.711,-5.503)    228.71125           -5.502778           6.28                
Bet_Cir             229.378333          -58.801111          4.07                
Gam_TrA             229.7275            -68.679444          2.89                
(227.684,67.781)    227.68375           67.781389           6.17                
(228.398,38.265)    228.398333          38.264722           6.2                 
(228.525,31.788)    228.525417          31.788056           5.99                
3_Ser               228.7975            4.939444            5.33                
48Chi_Boo           228.621667          29.164167           5.26                
(228.543,42.171)    228.542917          42.171389           6.13                
(229.096,-22.399)   229.095833          -22.399444          5.5                 
4_Ser               228.954583          0.372222            5.63                
(229.704,-60.496)   229.70375           -60.496389          5.46                
49Del_Boo           228.875833          33.314722           3.47                
(229.539,-41.061)   229.539167          -41.060833          6.28                
Mu_Lup              229.633333          -47.875             4.27                
(230.17,-67.481)    230.169583          -67.481389          6.28                
27Bet_Lib           229.251667          -9.383056           2.61                
2_Lup               229.457917          -30.148889          4.34                
(229.735,-40.788)   229.735             -40.788333          5.59                
(229.672,-31.209)   229.672083          -31.209444          6.18                
(229.882,-37.097)   229.881667          -37.096667          6.2                 
(229.609,-0.461)    229.609167          -0.461389           5.89                
(228.66,67.347)     228.659583          67.346667           5.13                
(229.602,20.573)    229.602083          20.572778           5.7                 
(228.716,68.945)    228.71625           68.945278           6.51                
5_Ser               229.828333          1.765278            5.06                
Del_Lup             230.342917          -40.6475            3.22                
(230.397,-40.75)    230.397083          -40.749722          6.2                 
(230.375,-38.219)   230.375417          -38.219167          6.48                
Nu_1Lup             230.534583          -47.927778          5.0                 
Nu_2Lup             230.450833          -48.317778          5.65                
(230.793,-60.657)   230.793333          -60.656944          5.67                
28_Lib              230.22375           -18.158611          6.17                
(229.876,32.515)    229.875833          32.515278           6.32                
29Omi_Lib           230.255833          -15.548333          6.3                 
Gam_Cir             230.844583          -59.320833          4.51                
Phi1Lup             230.451667          -36.261389          3.56                
(230.196,-2.413)    230.19625           -2.413333           6.35                
(230.282,-5.825)    230.281667          -5.824722           5.54                
Eps_Lup             230.670417          -44.689444          3.37                
1Omi_CrB            230.035417          29.616111           5.51                
6_Ser               230.258333          0.715278            5.35                
(230.279,24.958)    230.27875           24.957778           6.39                
Phi2Lup             230.789167          -36.858611          4.54                
(231.561,-68.309)   231.56125           -68.309167          5.89                
11_UMi              229.274583          71.823889           5.02                
(230.022,51.959)    230.021667          51.958611           5.66                
(230.173,44.434)    230.173333          44.434167           6.19                
7_Ser               230.596667          12.5675             6.28                
50_Boo              230.4525            32.933889           5.37                
Ups_Lup             231.187083          -39.710278          5.37                
(230.968,-12.369)   230.9675            -12.369444          5.72                
8_Ser               230.932083          -1.0225             6.12                
(231.278,-38.169)   231.2775            -38.169444          7.03                
31Eps_Lib           231.049583          -10.322222          4.94                
(231.334,-38.734)   231.334167          -38.733611          4.6                 
(231.888,-64.531)   231.887917          -64.531389          5.71                
(230.656,39.581)    230.655833          39.581389           5.5                 
2Eta_CrB            230.80125           30.287778           5.58                
2Eta_CrB            230.80125           30.287778           6.08                
Rho_Oct             235.82              -84.465278          5.57                
Kap1Aps             232.878333          -73.389444          5.49                
(230.655,62.047)    230.655417          62.047222           5.98                
(231.021,45.271)    231.02125           45.271111           6.01                
51Mu_1Boo           231.1225            37.377222           4.31                
51Mu_2Boo           231.12875           37.347778           6.5                 
13Gam_UMi           230.182083          71.833889           3.05                
(231.826,-36.768)   231.825833          -36.767778          5.45                
(230.66,63.341)     230.66              63.341389           5.79                
(232.113,-51.598)   232.113333          -51.5975            6.1                 
9Tau1Ser            231.4475            15.428056           5.17                
(231.472,19.481)    231.472083          19.480833           6.27                
(231.572,34.336)    231.5725            34.335833           5.46                
(232.351,-46.733)   232.35125           -46.732778          5.24                
32Zet1Lib           232.064167          -16.716389          5.64                
12Iot_Dra           231.2325            58.966111           3.29                
(231.912,25.102)    231.912083          25.101667           6.02                
10_Ser              232.159167          1.842222            5.17                
3Bet_CrB            231.957083          29.105833           3.68                
(231.635,54.02)     231.635417          54.02               6.45                
(232.651,-20.728)   232.65125           -20.728333          6.22                
34Zet3Lib           232.668333          -16.609444          5.82                
(233.018,-38.623)   233.018333          -38.623056          6.25                
(232.185,47.201)    232.185417          47.201389           6.15                
(232.96,-32.881)    232.959583          -32.881111          6.46                
(231.92,62.276)     231.92              62.275556           6.5                 
(231.964,60.67)     231.964167          60.670278           5.9                 
(232.931,-20.165)   232.930833          -20.164722          6.22                
(234.826,-77.918)   234.82625           -77.918056          6.18                
(232.731,8.579)     232.730833          8.579167            6.57                
(232.237,55.195)    232.236667          55.195              6.43                
(232.595,31.286)    232.594583          31.286111           6.46                
(232.616,36.804)    232.61625           36.804167           6.37                
(233.153,-19.671)   233.152917          -19.670556          5.52                
52Nu_1Boo           232.7325            40.833056           5.02                
35Zet4Lib           233.23              -16.852778          5.5                 
(233.288,-24.489)   233.287917          -24.489444          7.0                 
(234.072,-65.613)   234.0725            -65.613333          6.51                
(233.507,-40.066)   233.506667          -40.066111          5.82                
(232.338,62.1)      232.338333          62.099722           6.38                
(232.843,36.616)    232.843333          36.616389           6.38                
12Tau2Ser           233.040417          16.056111           6.22                
Eps_TrA             234.18              -66.316944          4.11                
11_Ser              233.24125           -1.186389           5.51                
(233.587,-39.349)   233.587083          -39.349444          6.36                
53Nu_2Boo           232.945833          40.899444           5.02                
36_Lib              233.655417          -28.046944          5.15                
Gam_Lup             233.785417          -41.166944          2.78                
37_Lib              233.544583          -10.064444          4.62                
4The_CrB            233.2325            31.359167           4.14                
(233.587,-5.695)    233.586667          -5.695              6.51                
(233.611,-9.183)    233.610833          -9.183333           5.17                
(233.972,-44.959)   233.971667          -44.958611          4.54                
Kap2Aps             235.088333          -73.446667          5.65                
(233.47,17.138)     233.47              17.137778           6.45                
(234.05,-44.397)    234.050417          -44.396944          5.43                
(232.732,64.209)    232.732083          64.208611           5.79                
(235.478,-76.082)   235.4775            -76.081944          5.95                
38Gam_Lib           233.881667          -14.789444          3.91                
13Del_Ser           233.700417          10.5375             3.8                 
13Del_Ser           233.700417          10.539167           3.8                 
(234.048,-33.093)   234.0475            -33.092778          6.24                
(233.769,1.669)     233.769167          1.668889            6.56                
(235.048,-70.228)   235.047917          -70.227778          6.44                
5Alp_CrB            233.672083          26.714722           2.23                
39Ups_Lib           234.25625           -28.135             3.58                
15Tau3Ser           233.888333          17.655556           6.12                
(233.972,11.266)    233.9725            11.265556           6.07                
Ome_Lup             234.513333          -42.5675            4.33                
(234.706,-52.373)   234.70625           -52.372778          5.44                
14_Ser              234.140417          -0.561667           6.51                
6Mu_CrB             233.8125            39.01               5.11                
(234.369,-26.28)    234.36875           -26.28              6.19                
16_Ser              234.123333          10.01               5.26                
(234.985,-59.908)   234.985417          -59.908333          5.95                
18Tau5Ser           234.122083          16.118889           5.93                
(234.636,-39.161)   234.63625           -39.160833          6.57                
(234.45,-23.142)    234.450417          -23.141667          5.78                
(234.676,-39.128)   234.67625           -39.128056          6.04                
(233.955,38.374)    233.955417          38.373889           6.42                
(234.565,-28.207)   234.565417          -28.206667          6.32                
(234.568,-21.016)   234.567917          -21.016111          5.84                
(233.818,53.922)    233.817917          53.921944           5.97                
40Tau_Lib           234.664167          -29.777778          3.66                
(234.222,29.991)    234.2225            29.991111           6.52                
41_Lib              234.727083          -19.301944          5.38                
(234.667,-8.794)    234.666667          -8.794444           6.5                 
(234.667,-8.791)    234.667083          -8.791111           6.48                
(234.017,52.07)     234.017083          52.069722           6.74                
(233.988,54.631)    233.987917          54.630556           5.74                
(234.839,-23.15)    234.83875           -23.150278          6.34                
3Psi1Lup            234.941667          -34.411944          4.67                
(235.243,-47.736)   235.242917          -47.735556          6.23                
(235.064,-31.214)   235.064167          -31.213611          6.34                
54Phi_Boo           234.456667          40.353333           5.24                
42_Lib              235.070417          -23.818056          4.96                
(235.297,-44.661)   235.297083          -44.661111          4.64                
15The_UMi           232.85375           77.349444           4.96                
(234.704,34.675)    234.70375           34.675              6.11                
(234.383,54.509)    234.383333          54.508889           5.87                
(232.296,80.449)    232.295833          80.448611           6.58                
(234.568,46.798)    234.5675            46.797778           5.75                
(235.043,12.053)    235.043333          12.053056           6.25                
(235.655,-49.489)   235.655             -49.489444          6.04                
7Zet1CrB            234.8425            36.636667           6.0                 
7Zet2CrB            234.844583          36.635833           5.07                
(234.643,50.423)    234.642917          50.423333           5.84                
(235.98,-60.287)    235.979583          -60.287222          6.48                
(235.66,-37.425)    235.659583          -37.425             5.24                
43Kap_Lib           235.486667          -19.678889          4.74                
4Psi2Lup            235.670833          -34.710556          4.75                
19Tau6Ser           235.246667          16.024722           6.01                
(234.79,57.924)     234.789583          57.924444           6.45                
21Iot_Ser           235.387917          19.670278           4.52                
20Chi_Ser           235.4475            12.8475             5.33                
(234.413,69.283)    234.412917          69.283333           5.62                
22Tau7Ser           235.477917          18.463889           5.81                
(236.094,-41.819)   236.094167          -41.819444          5.94                
(235.854,-15.043)   235.85375           -15.043333          6.31                
44Eta_Lib           236.018333          -15.672778          5.41                
8Gam_CrB            235.685833          26.295556           3.84                
(235.794,13.668)    235.794167          13.667778           6.48                
(236.973,-65.442)   236.973333          -65.4425            6.18                
(236.974,-65.442)   236.97375           -65.4425            6.39                
23Psi_Ser           236.0075            2.515               5.88                
24Alp_Ser           236.067083          6.425556            2.65                
9Pi_CrB             235.997083          32.515833           5.56                
(236.553,-28.062)   236.553333          -28.061667          6.51                
(235.711,52.361)    235.71125           52.360833           5.51                
26Tau8Ser           236.175417          17.264167           6.14                
(236.348,5.447)     236.347917          5.446944            5.58                
(236.684,-34.682)   236.684167          -34.6825            5.61                
(236.415,0.891)     236.415417          0.891389            6.33                
(236.856,-40.194)   236.855833          -40.194167          6.42                
25_Ser              236.523333          -1.804444           5.4                 
(236.871,-37.916)   236.870833          -37.916389          6.01                
(237.21,-52.438)    237.209583          -52.438056          6.07                
(236.689,-6.12)     236.689167          -6.120278           6.24                
28Bet_Ser           236.547083          15.421944           3.67                
27Lam_Ser           236.610833          7.353056            4.43                
(237.529,-53.209)   237.52875           -53.209444          5.77                
31Ups_Ser           236.822083          14.115278           5.71                
(237.49,-48.912)    237.489583          -48.911944          5.84                
(237.568,-45.402)   237.567917          -45.401667          6.12                
(237.778,-55.056)   237.778333          -55.055833          5.73                
(237.055,13.789)    237.055417          13.788611           6.0                 
(237.237,-3.819)    237.236667          -3.818611           5.53                
(238.236,-65.152)   238.23625           -65.1525            6.54                
(237.008,31.736)    237.008333          31.735833           6.44                
(236.645,55.475)    236.645             55.474722           5.92                
35Kap_Ser           237.185             18.141667           4.09                
(237.143,28.157)    237.143333          28.156667           5.85                
32Mu_Ser            237.405             -3.430278           3.53                
(237.881,-47.061)   237.88125           -47.060556          6.01                
5Chi_Lup            237.739583          -33.627222          3.95                
(238.345,-62.607)   238.345             -62.606944          6.19                
1_Sco               237.744583          -25.751389          4.64                
(236.667,62.599)    236.666667          62.599444           5.19                
(236.908,55.377)    236.908333          55.376667           5.86                
34Ome_Ser           237.572917          2.196389            5.23                
10Del_CrB           237.39875           26.068333           4.63                
(238.215,-50.615)   238.214583          -50.615278          6.6                 
Kap_TrA             238.873333          -68.603056          5.09                
37Eps_Ser           237.704167          4.477778            3.71                
(238.053,-29.887)   238.053333          -29.886667          6.4                 
(237.674,15.134)    237.67375           15.133611           5.2                 
36_Ser              237.815             -3.090556           5.11                
(237.91,-14.134)    237.91              -14.133611          6.19                
Bet_TrA             238.785417          -63.430556          2.85                
(238.719,-60.743)   238.719167          -60.743333          6.15                
38Rho_Ser           237.81625           20.977778           4.76                
(238.885,-60.178)   238.884583          -60.177778          5.77                
11Kap_CrB           237.807917          35.6575             4.82                
45Lam_Lib           238.33375           -20.167222          5.03                
16Zet_UMi           236.014583          77.794444           4.32                
2_Sco               238.402917          -25.327222          4.59                
(239.025,-60.483)   239.025             -60.482778          5.76                
(238.474,-24.533)   238.474167          -24.533056          5.39                
(238.482,-23.978)   238.4825            -23.978056          5.42                
46The_Lib           238.45625           -16.729444          4.15                
(238.234,17.404)    238.234167          17.403611           6.36                
(238.625,-27.339)   238.625             -27.338611          6.14                
39_Ser              238.300417          13.196667           6.1                 
3_Sco               238.664583          -25.243611          5.87                
(238.395,16.075)    238.395417          16.075              6.09                
1Chi_Her            238.16875           42.451667           4.62                
47_Lib              238.75125           -19.383056          5.94                
(238.877,-31.084)   238.876667          -31.083611          6.21                
4_Sco               238.875417          -26.265833          5.62                
(239.027,-39.864)   239.027083          -39.864167          6.03                
40_Ser              238.667917          8.580278            6.29                
(239.742,-65.038)   239.742083          -65.037778          5.75                
(239.266,-48.162)   239.265833          -48.162222          6.31                
(238.069,55.827)    238.069167          55.826667           5.81                
(239.058,-31.786)   239.057917          -31.785833          6.29                
(238.644,20.311)    238.644167          20.310833           5.44                
Xi_1Lup             239.222917          -33.966389          5.12                
Xi_2Lup             239.225833          -33.964167          5.62                
(239.06,-14.399)    239.06              -14.399444          6.37                
5Rho_Sco            239.22125           -29.214167          3.88                
(239.339,-36.185)   239.33875           -36.185             5.8                 
(239.139,-14.829)   239.139167          -14.829167          6.13                
(238.916,18.621)    238.915833          18.620556           6.26                
2_Her               238.657917          43.138611           5.37                
41Gam_Ser           239.113333          15.661667           3.85                
(239.418,-20.983)   239.418333          -20.983056          5.85                
(239.628,-37.503)   239.627917          -37.503056          6.31                
12Lam_CrB           238.948333          37.946944           5.45                
(239.975,-54.021)   239.975             -54.021111          6.1                 
4_Her               238.8775            42.566111           5.75                
(240.295,-63.777)   240.294583          -63.776667          6.41                
Phi_Ser             239.310833          14.414444           5.54                
48_Lib              239.5475            -14.279444          4.88                
(239.645,-24.831)   239.645             -24.831389          5.43                
(239.876,-41.744)   239.87625           -41.744444          4.99                
6Pi_Sco             239.712917          -26.114167          2.89                
(239.992,-40.653)   239.991667          -40.652778          6.49                
(240.277,-54.578)   240.276667          -54.577778          6.13                
13Eps_CrB           239.397083          26.877778           4.15                
Eta_Lup             240.030417          -38.396944          3.41                
(238.957,58.912)    238.957083          58.911667           6.31                
(239.375,39.695)    239.374583          39.695278           6.31                
(240.718,-62.542)   240.718333          -62.541667          6.25                
(240.224,-40.435)   240.22375           -40.435278          6.21                
7Del_Sco            240.083333          -22.621667          2.32                
49_Lib              240.081667          -16.533333          5.47                
(241.482,-72.401)   241.4825            -72.400833          5.7                 
(240.331,-31.889)   240.33125           -31.889444          6.33                
(239.74,36.644)     239.740417          36.643889           5.62                
(239.876,25.92)     239.875833          25.920278           2.0                 
50_Lib              240.198333          -8.411389           5.55                
(239.448,54.75)     239.4475            54.749722           4.95                
Iot1Nor             240.882917          -57.775278          4.63                
Eta_Nor             240.80375           -49.229722          4.65                
(240.213,4.428)     240.212917          4.4275              5.83                
(239.768,49.881)    239.768333          49.881111           6.05                
(240.664,-29.136)   240.664167          -29.135833          6.03                
5_Her               240.309583          17.818333           5.12                
(240.851,-38.602)   240.850833          -38.6025            4.89                
15Rho_CrB           240.26125           33.303611           5.41                
(240.836,-25.865)   240.835833          -25.865278          5.0                 
(240.893,-32.001)   240.892917          -32.000556          6.01                
14Iot_CrB           240.360833          29.851111           4.99                
44Pi_Ser            240.57375           22.804444           4.83                
(240.978,-24.726)   240.977917          -24.726389          6.21                
(241.074,-33.214)   241.074167          -33.214444          6.1                 
(241.153,-37.863)   241.152917          -37.863056          5.9                 
43_Ser              240.940417          4.986667            6.08                
Xi_Sco              241.092083          -11.373056          5.07                
Xi_Sco              241.092083          -11.373056          4.77                
(241.85,-56.191)    241.85              -56.191389          6.16                
Del_Nor             241.6225            -45.173333          4.72                
(240.523,52.916)    240.522917          52.915833           5.93                
6Ups_Her            240.699583          46.036667           4.76                
(240.831,36.632)    240.830833          36.631667           5.83                
8Bet1Sco            241.359167          -19.805556          2.62                
8Bet2Sco            241.360417          -19.801944          4.92                
13The_Dra           240.472083          58.565278           4.01                
The_Lup             241.647917          -36.802222          4.23                
(241.526,-23.606)   241.52625           -23.606389          5.92                
(241.435,-6.292)    241.435417          -6.291667           6.53                
(241.499,-6.139)    241.499167          -6.139444           6.41                
(241.818,-36.756)   241.818333          -36.755556          5.73                
(241.408,8.096)     241.4075            8.096111            6.29                
9Ome1Sco            241.701667          -20.669167          3.96                
Iot2Nor             242.3275            -57.934444          5.57                
(240.789,59.411)    240.78875           59.410833           6.19                
(241.764,-14.071)   241.764167          -14.070833          6.32                
10Ome2Sco           241.85125           -20.868611          4.32                
(241.966,-24.462)   241.96625           -24.461944          6.33                
(242.142,-39.105)   242.1425            -39.105278          7.05                
(242.143,-39.093)   242.143333          -39.093056          6.65                
(242.032,-26.327)   242.031667          -26.326667          5.38                
11_Sco              241.901667          -12.745556          5.78                
(242.182,-23.686)   242.182083          -23.685556          5.88                
45_Ser              241.90625           9.891667            5.63                
(241.842,21.822)    241.8425            21.8225             6.14                
(242.382,-32.65)    242.382083          -32.649722          6.19                
(242.469,-33.546)   242.469167          -33.545833          5.54                
7Kap_Her            242.01875           17.046944           5.0                 
7Kap_Her            242.020417          17.054444           6.25                
47_Ser              242.116667          8.534167            5.73                
(242.245,3.454)     242.245417          3.454444            5.91                
(242.48,-18.341)    242.48              -18.340833          6.47                
8_Her               242.194167          17.205833           6.14                
(242.297,6.379)     242.296667          6.378889            5.97                
(242.824,-41.12)    242.82375           -41.119722          5.86                
(242.46,-3.467)     242.460417          -3.466944           5.37                
(242.758,-29.416)   242.758333          -29.416389          5.13                
16Tau_CrB           242.242917          36.490833           4.76                
Zet_Nor             243.344167          -55.540833          5.81                
Del1Aps             245.086667          -78.695833          4.68                
Del2Aps             245.111667          -78.667222          5.27                
(243.32,-53.672)    243.32              -53.671667          5.83                
11Phi_Her           242.1925            44.935              4.26                
Kap_Nor             243.369583          -54.630556          4.94                
(241.582,67.81)     241.582083          67.810278           5.44                
14Nu_Sco            242.994167          -19.449722          6.3                 
14Nu_Sco            242.99875           -19.460556          4.01                
13_Sco              243.075833          -27.926389          4.59                
12_Sco              243.06625           -28.4175            5.67                
Del_TrA             243.859583          -63.685556          3.85                
15Psi_Sco           243.0               -10.064167          4.94                
(242.874,9.712)     242.87375           9.7125              6.53                
16_Sco              243.030417          -8.5475             5.43                
(240.88,76.794)     240.880417          76.793611           5.56                
(242.87,16.666)     242.869583          16.665556           6.08                
(242.262,57.938)    242.262083          57.937778           6.33                
(244.273,-67.941)   244.272917          -67.941389          5.75                
(242.358,55.829)    242.358333          55.828889           6.49                
10_Her              242.908333          23.494722           5.7                 
(243.957,-57.912)   243.957083          -57.912222          5.63                
(243.235,-4.221)    243.235417          -4.220833           6.25                
(243.44,-24.422)    243.440417          -24.421944          6.41                
(242.915,33.342)    242.915417          33.3425             6.29                
(243.593,-33.011)   243.592917          -33.011389          5.92                
The_Nor             243.81375           -47.372222          5.14                
(242.95,36.425)     242.95              36.425              5.63                
9_Her               243.314167          5.021111            5.48                
17Chi_Sco           243.462083          -11.8375            5.22                
(243.85,-42.9)      243.85              -42.899722          6.14                
(242.948,42.374)    242.948333          42.374444           5.87                
(243.62,-21.108)    243.62              -21.1075            6.41                
(243.189,26.671)    243.18875           26.670833           6.5                 
(243.663,-18.535)   243.662917          -18.535278          6.32                
(243.723,-25.477)   243.723333          -25.476944          6.05                
(244.18,-53.811)    244.179583          -53.811111          5.44                
1Del_Oph            243.58625           -3.694444           2.74                
(243.556,5.902)     243.55625           5.901944            6.31                
Gam1Nor             244.25375           -50.068333          4.99                
(244.337,-53.087)   244.337083          -53.086667          6.33                
18_Sco              243.905417          -8.369444           5.5                 
(243.965,-14.849)   243.964583          -14.849167          6.09                
(244.716,-57.9)     244.71625           -57.899722          6.49                
17Sig_CrB           243.67              33.858611           5.64                
17Sig_CrB           243.67              33.858333           6.66                
16_Her              243.869583          18.808333           5.69                
(244.245,-21.304)   244.245             -21.303889          6.61                
(244.23,-3.953)     244.230417          -3.953333           6.18                
(243.948,27.422)    243.9475            27.422222           6.14                
(243.105,67.144)    243.104583          67.144167           6.21                
(244.575,-28.614)   244.574583          -28.613889          4.78                
Lam_Nor             244.82375           -42.673889          5.45                
Gam2Nor             244.96              -50.155556          4.02                
(245.105,-55.14)    245.105             -55.14              5.77                
(246.709,2.348)     246.70875           2.3475              6.07                
18Ups_CrB           244.186667          29.150278           5.78                
2Eps_Oph            244.580417          -4.6925             3.24                
(244.782,-20.218)   244.782083          -20.217778          6.29                
(244.886,-30.907)   244.88625           -30.906667          5.49                
(244.752,-14.872)   244.751667          -14.8725            5.94                
19_UMi              242.70625           75.8775             5.48                
(245.136,-39.431)   245.135833          -39.430833          6.12                
19Omi_Sco           245.159167          -24.169444          4.55                
20_UMi              243.134167          75.210556           6.39                
(245.617,-49.572)   245.616667          -49.572222          5.33                
20Sig_Sco           245.297083          -25.592778          2.89                
(245.62,-43.912)    245.620417          -43.912222          5.88                
(244.314,59.755)    244.31375           59.755              5.4                 
(245.018,21.132)    245.017917          21.1325             6.05                
(243.64,73.395)     243.639583          73.395              5.98                
(246.342,-63.125)   246.341667          -63.124722          6.15                
(244.797,49.038)    244.796667          49.038056           5.91                
(244.98,39.709)     244.979583          39.708611           5.46                
22Tau_Her           244.935             46.313333           3.89                
50Sig_Ser           245.518333          1.029167            4.82                
(246.005,-39.193)   246.005417          -39.193056          5.4                 
20Gam_Her           245.48              19.153056           3.75                
(245.662,-2.08)     245.662083          -2.079722           6.23                
(245.986,-33.199)   245.98625           -33.199444          6.47                
Zet_TrA             247.117083          -70.084444          4.91                
(246.226,-45.349)   246.225833          -45.349167          6.33                
(246.132,-37.566)   246.132083          -37.565833          5.42                
(244.539,68.554)    244.539167          68.554444           6.41                
Gam_Aps             248.3625            -78.897222          3.89                
19Xi_CrB            245.524167          30.891944           4.85                
4Psi_Oph            246.025833          -20.0375            4.5                 
(246.165,-29.703)   246.165             -29.703333          6.63                
(246.165,-29.705)   246.165417          -29.704722          5.84                
20Nu_1CrB           245.589167          33.799167           5.2                 
21Nu_2CrB           245.621667          33.703611           5.39                
Iot_TrA             246.98875           -64.058056          5.27                
(245.735,32.333)    245.735417          32.333056           6.4                 
21_Her              246.045             6.948056            5.85                
5Rho_Oph            246.396667          -23.447222          5.02                
5Rho_Oph            246.39625           -23.446111          5.92                
(247.063,-58.6)     247.063333          -58.599722          5.69                
Eps_Nor             246.79625           -47.555             4.47                
21Eta_UMi           244.37625           75.755278           4.95                
24Ome_Her           246.354167          14.033333           4.57                
7Chi_Oph            246.755833          -18.456389          4.42                
(246.449,18.892)    246.44875           18.8925             6.7                 
(247.438,-57.756)   247.4375            -57.755833          6.06                
(246.548,11.408)    246.547917          11.4075             6.11                
(247.061,-37.179)   247.06125           -37.179444          5.79                
25_Her              246.350833          37.393889           5.54                
(247.706,-61.634)   247.705833          -61.633611          5.2                 
(245.453,69.109)    245.452917          69.109444           5.25                
(246.105,55.205)    246.105417          55.205              5.74                
(246.931,-7.598)    246.93125           -7.598056           5.23                
3Ups_Oph            246.950417          -8.371667           4.63                
(245.946,61.697)    245.945833          61.696667           5.67                
(247.426,-46.243)   247.42625           -46.243333          5.35                
14Eta_Dra           245.997917          61.514167           2.74                
(258.997,-87.566)   258.997083          -87.566389          6.57                
21Alp_Sco           247.351667          -26.431944          0.96                
(248.58,-70.988)    248.580417          -70.988056          5.5                 
(247.142,0.665)     247.141667          0.665               5.39                
(247.204,-8.129)    247.20375           -8.128889           6.48                
(251.473,-83.239)   251.473333          -83.238889          6.57                
(255.244,-86.364)   255.24375           -86.364444          6.04                
(247.445,-14.551)   247.445417          -14.550833          5.68                
22_Sco              247.551667          -25.115             4.79                
(247.924,-41.817)   247.92375           -41.816944          5.33                
(247.845,-34.704)   247.845417          -34.704444          4.23                
(247.625,-7.515)    247.624583          -7.515              6.5                 
(247.845,-26.538)   247.845             -26.537778          6.1                 
30_Her              247.160417          41.881667           5.04                
8Phi_Oph            247.784583          -16.612778          4.28                
27Bet_Her           247.555             21.489722           2.77                
10Lam_Oph           247.728333          1.983889            3.82                
(247.181,51.408)    247.180833          51.407778           6.29                
The_TrA             248.936667          -65.495278          5.52                
(247.64,20.479)     247.64              20.479167           5.25                
9Ome_Oph            248.034167          -21.466389          4.45                
(247.806,22.195)    247.805833          22.195278           5.76                
Mu_Nor              248.520833          -44.045278          4.94                
34_Her              247.525             48.960833           6.45                
(247.762,35.225)    247.761667          35.225              6.25                
28_Her              248.14875           5.521111            5.63                
29_Her              248.15125           11.488056           4.84                
(248.783,-45.245)   248.782917          -45.244722          6.46                
15_Dra              246.995833          68.768056           5.0                 
(247.947,45.598)    247.947083          45.598333           5.65                
Bet_Aps             250.769167          -77.5175            4.24                
(249.094,-42.859)   249.09375           -42.858889          5.47                
23Tau_Sco           248.970833          -28.216111          2.82                
(249.094,-35.256)   249.09375           -35.255556          4.16                
(249.72,-60.99)     249.719583          -60.990278          6.18                
35Sig_Her           248.525833          42.436944           4.2                 
(248.86,17.057)     248.859583          17.057222           6.41                
(248.107,60.823)    248.107083          60.823333           5.94                
12_Oph              249.089583          -2.324722           5.75                
Eta1TrA             250.347083          -68.296111          5.91                
(246.43,78.964)     246.429583          78.963889           5.56                
(249.609,-43.399)   249.609167          -43.398611          5.83                
13Zet_Oph           249.289583          -10.567222          2.56                
(249.179,15.498)    249.179167          15.498056           6.3                 
(250.21,-60.446)    250.210417          -60.446111          6.18                
(249.772,-37.218)   249.771667          -37.2175            5.91                
(249.507,-6.538)    249.506667          -6.538056           6.09                
(247.867,72.612)    247.867083          72.611944           6.3                 
(249.45,13.687)     249.45              13.686944           6.31                
(250.842,-67.432)   250.842083          -67.4325            6.03                
(249.047,46.613)    249.046667          46.613333           5.79                
16_Dra              249.047917          52.900278           5.53                
17_Dra              249.057083          52.924444           5.08                
17_Dra              249.05875           52.924167           6.53                
(250.335,-48.763)   250.334583          -48.763056          5.65                
(250.418,-49.652)   250.4175            -49.651667          5.65                
(249.913,-9.554)    249.912917          -9.554444           6.35                
(250.144,-20.409)   250.14375           -20.408611          6.26                
(247.662,77.447)    247.661667          77.446667           6.34                
(250.44,-33.146)    250.439583          -33.146389          5.87                
(250.401,-24.468)   250.400833          -24.468056          6.09                
36_Her              250.14625           4.207222            6.93                
37_Her              250.16125           4.219722            5.77                
(250.393,-17.742)   250.393333          -17.742222          4.96                
(250.764,-46.071)   250.764167          -46.070556          6.23                
(249.229,63.073)    249.229167          63.072778           6.16                
(249.502,56.016)    249.501667          56.015556           5.29                
42_Her              249.687083          48.928333           4.9                 
(250.298,-1.001)    250.297917          -1.000556           6.24                
(250.474,-19.924)   250.47375           -19.924444          5.57                
(250.214,12.395)    250.214167          12.395              6.08                
(251.667,-67.11)    251.666667          -67.109722          5.13                
14_Oph              250.427083          1.181111            5.74                
(250.94,-41.119)    250.939583          -41.118889          6.2                 
(251.166,-53.152)   251.165833          -53.1525            5.96                
(250.252,24.859)    250.2525            24.858611           6.06                
(250.975,-41.113)   250.974583          -41.113056          6.12                
(250.948,-38.157)   250.948333          -38.156667          6.05                
(250.911,-32.106)   250.91125           -32.106111          6.46                
40Zet_Her           250.321667          31.603056           2.81                
39_Her              250.402917          26.916944           5.92                
(251.178,-40.84)    251.1775            -40.839722          5.71                
(251.588,-58.504)   251.588333          -58.503611          5.74                
(251.072,-27.456)   251.072083          -27.456111          6.58                
Alp_TrA             252.16625           -69.027778          1.92                
(251.251,-28.51)    251.250833          -28.509722          6.02                
(251.831,-58.341)   251.83125           -58.341389          5.58                
44Eta_Her           250.724167          38.922222           3.53                
(251.699,-39.377)   251.699167          -39.377222          5.48                
(250.965,34.039)    250.965417          34.038889           5.99                
18_Dra              250.229583          64.589167           4.83                
16_Oph              251.37375           1.020278            6.03                
25_Sco              251.71375           -25.528611          6.71                
(250.743,55.69)     250.743333          55.690278           6.16                
(251.344,15.745)    251.34375           15.745278           5.56                
43_Her              251.457917          8.5825              5.15                
Eta_Ara             252.44625           -59.041389          3.76                
(251.299,43.217)    251.29875           43.217222           6.05                
(253.072,-67.682)   253.0725            -67.681944          6.32                
19_Oph              251.790833          2.064444            6.1                 
(252.975,-65.376)   252.974583          -65.375556          6.13                
45_Her              251.943333          5.246667            5.24                
(252.112,-14.909)   252.1125            -14.909444          6.03                
(252.65,-50.046)    252.649583          -50.045556          6.47                
(251.324,56.782)    251.324167          56.781944           4.85                
(249.47,78.918)     249.470417          78.918333           6.32                
(252.037,13.591)    252.037083          13.590556           6.35                
(252.366,-15.668)   252.365833          -15.6675            6.1                 
26Eps_Sco           252.540833          -34.293333          2.29                
(251.832,42.239)    251.8325            42.238889           5.87                
20_Oph              252.458333          -10.783056          4.65                
(252.749,-37.514)   252.749167          -37.514444          6.11                
(252.89,-41.231)    252.890417          -41.230556          5.22                
(252.394,13.261)    252.394167          13.261389           5.91                
Mu_1Sco             252.9675            -38.0475            3.08                
(252.593,-2.654)    252.592917          -2.653889           6.32                
(253.08,-41.854)    253.079583          -41.854444          6.49                
47_Her              252.580833          7.247778            5.49                
(253.502,-57.909)   253.502083          -57.909444          5.94                
Mu_2Sco             253.08375           -38.0175            3.57                
(253.853,-63.27)    253.852917          -63.269722          6.02                
52_Her              252.309167          45.983333           4.82                
21_Oph              252.85375           1.216111            5.51                
(252.419,43.431)    252.41875           43.430556           6.13                
(253.427,-43.051)   253.427083          -43.050833          5.96                
50_Her              252.6625            29.806667           5.72                
(252.68,32.554)     252.679583          32.553611           6.13                
(253.508,-41.806)   253.5075            -41.806389          5.45                
(253.495,-41.995)   253.495             -41.994722          6.32                
Zet1Sco             253.49875           -42.362222          4.73                
(253.549,-41.85)    253.549167          -41.850278          6.45                
(252.65,41.897)     252.650417          41.896667           6.29                
(253.582,-41.82)    253.581667          -41.82              6.59                
(253.612,-42.479)   253.612083          -42.478889          5.88                
(250.775,77.514)    250.775             77.514167           5.98                
49_Her              253.020417          14.974167           6.52                
(253.355,-20.416)   253.355             -20.415556          5.88                
51_Her              252.93875           24.656389           5.04                
Zet2Sco             253.645833          -42.361389          3.62                
(253.743,-41.151)   253.743333          -41.151111          5.77                
(253.65,-30.587)    253.65              -30.587222          6.35                
(254.037,-50.675)   254.037083          -50.675             6.33                
(254.12,-52.284)    254.119583          -52.283889          5.94                
(254.891,-69.268)   254.890833          -69.268333          5.79                
(253.544,-1.612)    253.544167          -1.612222           6.25                
(253.668,-11.792)   253.667917          -11.7925            6.57                
53_Her              253.242083          31.701667           5.32                
23_Oph              253.64875           -6.153889           5.25                
25Iot_Oph           253.502083          10.165278           4.38                
(253.991,-33.507)   253.990833          -33.507222          6.37                
(254.15,-40.824)    254.15              -40.823611          6.15                
(254.008,-16.806)   254.0075            -16.806111          6.37                
Zet_Ara             254.655             -55.990278          3.13                
(253.323,47.417)    253.323333          47.416944           6.0                 
(253.73,20.959)     253.73              20.958611           5.41                
27_Sco              254.29625           -33.259444          5.48                
(254.575,-50.641)   254.575             -50.641111          5.55                
(253.817,13.62)     253.816667          13.619722           6.34                
24_Oph              254.2               -23.15              5.58                
56_Her              253.75875           25.730556           6.08                
54_Her              253.8425            18.433333           5.35                
(254.267,-19.54)    254.266667          -19.54              6.27                
Eps1Ara             254.89625           -53.160556          4.06                
(254.359,-10.963)   254.35875           -10.963333          6.19                
(255.026,-54.597)   255.025833          -54.596944          5.65                
(254.718,-37.621)   254.718333          -37.621111          6.09                
27Kap_Oph           254.417083          9.375               3.2                 
(255.113,-48.648)   255.112917          -48.647778          6.0                 
(254.383,13.884)    254.383333          13.884167           6.37                
(254.673,-14.87)    254.673333          -14.869722          6.59                
(255.135,-45.452)   255.134583          -45.451667          6.65                
(255.448,-58.958)   255.4475            -58.958333          6.11                
57_Her              254.379167          25.352778           6.28                
(254.027,50.039)    254.026667          50.038889           6.56                
(254.426,24.381)    254.42625           24.381389           6.32                
(254.99,-25.092)    254.99              -25.091944          5.86                
NOVA_1848           0.0                 0.0                 0.0                 
26_Oph              255.039583          -24.989167          5.75                
(255.154,-35.934)   255.15375           -35.934167          5.97                
(255.442,-51.131)   255.442083          -51.130833          6.45                
(254.459,42.512)    254.459167          42.5125             6.34                
Eps2Ara             255.786667          -53.236944          5.29                
19_Dra              254.007083          65.134722           4.89                
(255.47,-32.144)    255.469583          -32.143611          5.03                
(255.122,6.584)     255.1225            6.583611            6.59                
30_Oph              255.265             -4.2225             4.82                
20_Dra              254.105             65.039167           6.41                
(256.103,-57.712)   256.102917          -57.712222          5.73                
29_Oph              255.463333          -18.885556          6.26                
22Eps_UMi           251.492083          82.037222           4.23                
(255.924,-47.16)    255.92375           -47.16              6.06                
58Eps_Her           255.0725            30.926389           3.92                
(255.242,22.632)    255.242083          22.632222           5.65                
(255.388,14.949)    255.3875            14.949444           6.31                
(255.962,-38.152)   255.961667          -38.152222          5.91                
(255.29,27.196)     255.29              27.196389           6.55                
(255.496,8.451)     255.49625           8.450556            6.33                
(254.84,56.689)     254.839583          56.688611           6.03                
(256.272,-45.502)   256.272083          -45.501667          6.28                
59_Her              255.401667          33.568333           5.25                
(255.578,25.506)    255.577917          25.505556           5.75                
(256.206,-34.123)   256.205833          -34.122778          4.87                
(254.07,73.128)     254.07              73.127778           6.3                 
(255.572,31.885)    255.571667          31.884722           6.36                
(255.782,14.092)    255.7825            14.091944           4.98                
(256.452,-44.105)   256.4525            -44.105             6.19                
(255.793,14.511)    255.793333          14.511111           6.52                
(256.189,-20.495)   256.18875           -20.494722          6.3                 
(255.914,13.605)    255.91375           13.605278           5.93                
(255.992,13.568)    255.991667          13.5675             6.08                
(255.97,19.691)     255.969583          19.690556           6.35                
(256.585,-37.228)   256.584583          -37.2275            5.98                
(254.761,69.186)    254.760833          69.186389           6.4                 
61_Her              255.875833          35.414167           6.69                
(256.618,-35.451)   256.618333          -35.451111          6.13                
(255.32,60.649)     255.319583          60.649167           6.13                
(256.32,0.702)      256.320417          0.7025              6.01                
(256.549,-21.565)   256.549167          -21.564722          6.3                 
(255.973,34.79)     255.972917          34.790278           6.04                
(256.172,19.599)    256.172083          19.599167           6.17                
(256.385,-0.892)    256.384583          -0.891944           5.64                
(256.722,-26.513)   256.721667          -26.513056          6.29                
60_Her              256.344583          12.740833           4.91                
(257.526,-61.676)   257.52625           -61.675556          6.39                
(258.082,-70.721)   258.0825            -70.721111          6.22                
(256.54,9.733)      256.540417          9.733333            6.37                
(256.555,10.454)    256.554583          10.454167           6.37                
(255.564,64.601)    255.56375           64.600556           6.1                 
(256.72,-1.656)     256.720417          -1.656389           6.38                
(256.271,43.812)    256.270833          43.812222           6.43                
(256.207,48.804)    256.2075            48.804167           6.09                
(256.575,22.084)    256.575417          22.084167           5.56                
(257.062,-17.609)   257.062083          -17.609167          5.99                
(257.198,-30.404)   257.197917          -30.403611          5.97                
(257.057,-1.079)    257.056667          -1.079444           6.06                
(258.323,-67.197)   258.322917          -67.196667          5.89                
21Mu_Dra            256.3325            54.470278           5.83                
21Mu_Dra            256.332083          54.470278           5.8                 
(257.676,-44.558)   257.67625           -44.5575            5.08                
(257.227,-3.883)    257.227083          -3.882778           6.36                
(259.148,-74.533)   259.148333          -74.533056          6.25                
(257.912,-48.874)   257.912083          -48.874167          5.84                
(257.45,-10.523)    257.45              -10.523333          5.56                
(256.945,40.516)    256.944583          40.516111           6.34                
(257.008,35.935)    257.008333          35.935278           5.39                
35Eta_Oph           257.594583          -15.724722          2.43                
(255.418,75.297)    255.4175            75.297222           6.21                
Eta_Sco             258.038333          -43.239167          3.33                
(258.068,-39.507)   258.0675            -39.506944          5.67                
(258.069,-38.822)   258.06875           -38.822222          6.3                 
(257.071,50.842)    257.07125           50.842222           6.46                
(258.555,-56.888)   258.555             -56.888333          6.09                
(257.691,12.467)    257.690833          12.467222           6.57                
(258.057,-25.255)   258.056667          -25.254722          6.54                
(258.104,-27.762)   258.104167          -27.761944          6.14                
(257.389,40.777)    257.38875           40.777222           5.08                
(258.245,-32.439)   258.244583          -32.438611          6.01                
(257.938,7.895)     257.938333          7.894722            6.33                
63_Her              257.763333          24.237778           6.19                
(258.615,-39.767)   258.615417          -39.766944          6.6                 
37_Oph              258.115833          10.585278           5.33                
(258.227,0.352)     258.226667          0.351944            6.65                
(257.628,52.409)    257.6275            52.408889           6.29                
22Zet_Dra           257.196667          65.714722           3.17                
(258.83,-33.548)    258.830417          -33.548333          5.53                
(258.9,-38.594)     258.899583          -38.593889          5.96                
(257.918,49.747)    257.9175            49.746667           6.04                
(260.053,-70.046)   260.053333          -70.045556          6.53                
36_Oph              258.8375            -26.602778          5.11                
36_Oph              258.836667          -26.601389          5.07                
(258.965,-30.211)   258.964583          -30.210556          6.21                
(258.835,-14.584)   258.834583          -14.583889          5.99                
(259.09,-35.749)    259.089583          -35.749444          6.12                
64Alp1Her           258.662083          14.390278           3.48                
64Alp2Her           258.663333          14.39               5.39                
(259.802,-59.694)   259.801667          -59.694444          5.91                
(259.265,-32.663)   259.265417          -32.662778          5.55                
65Del_Her           258.757917          24.839167           3.14                
Iot_Aps             260.524583          -70.123333          5.41                
(259.059,2.186)     259.059167          2.186111            6.17                
(259.178,-6.245)    259.178333          -6.245              6.09                
(259.132,1.211)     259.132083          1.210556            5.88                
41_Oph              259.152917          -0.445278           4.73                
(259.763,-46.634)   259.763333          -46.633889          5.48                
Zet_Aps             260.4975            -67.770556          4.78                
67Pi_Her            258.761667          36.809167           3.16                
(258.923,23.743)    258.923333          23.742778           5.96                
(259.7,-44.13)      259.7               -44.129722          5.76                
(258.136,62.874)    258.135833          62.874444           5.56                
(259.585,-32.553)   259.585             -32.553333          6.36                
(259.876,-50.063)   259.87625           -50.063333          6.27                
39Omi_Oph           259.502917          -24.286944          5.2                 
39Omi_Oph           259.502083          -24.284167          6.8                 
(259.738,-34.99)    259.738333          -34.989722          5.91                
(259.852,-44.223)   259.852083          -44.223056          6.65                
(259.58,-16.312)    259.58              -16.311944          6.43                
(262.864,-80.859)   262.86375           -80.859167          5.88                
(259.4,23.091)      259.399583          23.090833           6.45                
68_Her              259.33125           33.1                4.82                
(259.521,17.318)    259.520833          17.318056           6.0                 
(259.654,10.864)    259.654167          10.864444           5.03                
(259.72,6.085)      259.72              6.085278            6.51                
(259.972,-17.756)   259.972083          -17.756389          6.02                
69_Her              259.417917          37.291667           4.65                
(259.202,49.691)    259.2025            49.691111           7.48                
(260.729,-58.01)    260.729167          -58.010278          5.88                
(259.998,-5.917)    259.997917          -5.917222           6.32                
(261.005,-62.864)   261.004583          -62.864167          5.7                 
(260.142,-19.333)   260.1425            -19.332778          6.52                
(260.779,-56.525)   260.77875           -56.525278          5.8                 
(259.702,28.823)    259.702083          28.823056           5.65                
(259.597,38.811)    259.597083          38.811389           5.94                
40Xi_Oph            260.250833          -21.112778          4.39                
53Nu_Ser            260.207083          -12.846944          4.33                
(261.078,-60.674)   261.077917          -60.673611          5.77                
(259.122,60.671)    259.1225            60.670556           6.32                
(260.22,-10.696)    260.219583          -10.696111          6.46                
(260.664,-37.805)   260.664167          -37.805             6.41                
Iot_Ara             260.817083          -47.468333          5.25                
(260.079,18.057)    260.07875           18.057222           5.0                 
42The_Oph           260.5025            -24.999444          3.27                
(260.658,-35.91)    260.658333          -35.91              6.47                
(260.041,25.538)    260.040833          25.5375             5.38                
(260.729,-37.221)   260.72875           -37.220556          5.93                
70_Her              260.225833          24.499444           5.12                
72_Her              260.165             32.467778           5.39                
43_Oph              260.84              -28.143056          5.35                
(261.054,-44.162)   261.054167          -44.1625            5.12                
Bet_Ara             261.325             -55.53              2.85                
Gam_Ara             261.348333          -56.3775            3.34                
(260.389,16.731)    260.389167          16.730833           6.35                
74_Her              260.087917          46.240833           5.59                
(260.714,-2.388)    260.71375           -2.388333           6.29                
(260.38,28.758)     260.38              28.758056           6.35                
(260.14,48.188)     260.14              48.188333           6.43                
Kap_Ara             261.5               -50.633611          5.23                
(260.432,39.974)    260.431667          39.974444           5.51                
(261.261,-34.696)   261.26125           -34.696389          6.16                
(262.032,-63.036)   262.032083          -63.036389          6.24                
(261.175,-21.442)   261.175             -21.441667          5.85                
(261.155,-18.446)   261.154583          -18.445833          6.21                
(261.276,-24.244)   261.275833          -24.243611          6.19                
(261.735,-51.949)   261.734583          -51.949167          6.19                
(260.99,8.853)      260.99              8.852778            5.77                
(262.731,31.158)    262.730833          31.158333           5.61                
(261.715,-45.844)   261.714583          -45.843611          5.29                
(261.802,-50.63)    261.801667          -50.630278          5.92                
(260.439,53.421)    260.439167          53.420556           5.67                
73_Her              261.0275            22.960278           5.74                
(261.131,16.301)    261.13125           16.301111           5.71                
(261.141,15.606)    261.140833          15.606111           6.35                
(261.99,-52.297)    261.99              -52.297222          5.75                
75Rho_Her           260.919583          37.146667           5.47                
75Rho_Her           260.920833          37.145833           4.52                
44_Oph              261.5925            -24.175278          4.17                
(262.161,-55.17)    262.16125           -55.169722          5.94                
(261.009,38.583)    261.009167          38.582778           6.49                
(261.491,-1.652)    261.49125           -1.651667           6.44                
(261.73,-25.943)    261.73              -25.943333          6.44                
(261.113,36.952)    261.112917          36.951944           6.28                
45_Oph              261.83875           -29.866944          4.29                
(261.658,-5.087)    261.657917          -5.086667           4.54                
(261.906,-29.724)   261.90625           -29.724444          6.0                 
(261.477,16.918)    261.476667          16.9175             5.98                
(261.759,-12.512)   261.75875           -12.5125            6.21                
(261.579,7.596)     261.579167          7.595556            6.06                
49Sig_Oph           261.62875           4.140278            4.34                
(261.504,26.879)    261.50375           26.878889           6.41                
Del_Ara             262.774583          -60.683889          3.62                
(262.234,-36.778)   262.23375           -36.778333          6.02                
(261.705,20.081)    261.704583          20.080833           5.54                
(262.357,-38.517)   262.357083          -38.516667          6.39                
(262.01,-8.208)     262.009583          -8.208333           6.37                
(262.846,-56.921)   262.845833          -56.920556          5.95                
(261.692,34.696)    261.6925            34.695833           5.94                
(262.207,0.331)     262.207083          0.330556            5.44                
34Ups_Sco           262.690833          -37.295833          2.69                
77_Her              261.684167          48.26               5.85                
Alp_Ara             262.960417          -49.876111          2.95                
(261.422,60.048)    261.422083          60.048333           5.65                
(262.448,-5.92)     262.4475            -5.919722           6.37                
(262.955,-46.036)   262.954583          -46.036389          6.03                
(261.52,58.652)     261.520417          58.651944           6.51                
NOVA_1604           0.0                 0.0                 0.0                 
(262.599,-1.062)    262.599167          -1.0625             5.31                
(262.948,-33.703)   262.9475            -33.702778          6.44                
(261.251,67.306)    261.250833          67.306389           6.43                
51_Oph              262.854167          -23.962778          4.81                
(262.935,-26.27)    262.935             -26.269722          6.05                
(262.593,11.925)    262.593333          11.925              6.39                
(263.102,-34.28)    263.102083          -34.279722          6.17                
(263.281,-41.174)   263.280833          -41.173611          5.84                
(262.839,2.724)     262.83875           2.724444            5.59                
(263.895,-59.846)   263.895417          -59.846111          6.28                
76Lam_Her           262.684583          26.110556           4.41                
35Lam_Sco           263.402083          -37.103889          1.63                
(259.904,80.136)    259.904167          80.136389           5.72                
(263.833,-53.353)   263.833333          -53.352778          6.1                 
(262.668,38.882)    262.667917          38.882222           6.43                
(263.062,11.93)     263.0625            11.930278           6.42                
78_Her              262.956667          28.4075             5.62                
(263.375,-5.745)    263.374583          -5.744722           5.62                
(263.677,-32.582)   263.677083          -32.581667          5.7                 
23Bet_Dra           262.608333          52.301389           2.79                
1Sig_Ara            263.915             -46.505556          4.59                
(263.005,34.271)    263.004583          34.270833           6.56                
(263.929,-37.44)    263.929167          -37.44              6.48                
(262.682,57.876)    262.6825            57.876389           6.4                 
(263.345,19.257)    263.345             19.256667           5.64                
(263.414,16.317)    263.414167          16.3175             5.69                
(263.428,14.842)    263.428333          14.841667           6.48                
(263.693,-11.242)   263.693333          -11.241944          5.55                
52_Oph              263.827083          -22.043889          6.57                
(264.137,-38.635)   264.136667          -38.635278          4.29                
(264.363,-50.06)    264.363333          -50.06              5.93                
53_Oph              263.652917          9.586667            5.81                
Pi_Ara              264.523333          -54.500278          5.25                
(263.28,41.244)     263.280417          41.243611           5.74                
(263.613,16.504)    263.613333          16.503889           6.4                 
(270.392,-85.215)   270.392083          -85.214722          6.45                
The_Sco             264.33              -42.997778          1.87                
24Nu_1Dra           263.044167          55.184167           4.88                
25Nu_2Dra           263.066667          55.173056           4.87                
55Alp_Oph           263.73375           12.56               2.08                
(264.362,-38.066)   264.361667          -38.065556          6.26                
(264.535,-42.881)   264.535417          -42.880556          6.1                 
(263.998,20.996)    263.998333          20.996111           6.1                 
(263.382,57.559)    263.382083          57.558889           6.17                
55Xi_Ser            264.396667          -15.398611          3.54                
(264.401,-15.571)   264.400833          -15.571111          5.94                
(263.927,37.302)    263.926667          37.301667           6.1                 
(264.033,28.185)    264.032917          28.184722           6.38                
(266.082,-72.221)   266.082083          -72.220833          6.49                
27_Dra              262.99125           68.135              5.05                
57Mu_Oph            264.46125           -8.118889           4.62                
(264.54,-10.926)    264.539583          -10.926389          5.75                
Lam_Ara             265.098333          -49.415556          4.77                
(264.153,30.785)    264.152917          30.785278           6.02                
79_Her              264.379583          24.31               5.77                
(265.318,-46.922)   265.317917          -46.921944          5.79                
26_Dra              263.747917          61.875              5.23                
82_Her              264.156667          48.585556           5.37                
(264.785,2.028)     264.785417          2.028056            6.26                
(265.516,-50.511)   265.51625           -50.510556          6.24                
(264.741,13.329)    264.740833          13.329167           6.12                
(265.049,-2.152)    265.049167          -2.1525             6.19                
(264.707,32.739)    264.707083          32.739444           6.37                
Kap_Sco             265.622083          -39.03              2.41                
56Omi_Ser           265.35375           -12.875278          4.26                
Eta_Pav             266.433333          -64.723889          3.62                
(265.712,-36.946)   265.7125            -36.945833          5.54                
(264.99,31.202)     264.989583          31.2025             6.03                
Mu_Ara              266.03625           -51.834167          5.15                
(266.232,-57.545)   266.2325            -57.545278          6.01                
(265.779,-33.051)   265.77875           -33.051111          6.4                 
85Iot_Her           264.86625           46.006389           3.8                 
(265.296,15.178)    265.295833          15.178056           6.34                
(265.385,6.313)     265.384583          6.312778            5.95                
(265.172,31.288)    265.171667          31.2875             6.28                
(265.273,24.513)    265.272917          24.513333           6.36                
(265.824,-27.884)   265.824167          -27.884167          6.36                
(265.495,15.952)    265.494583          15.951944           5.52                
58_Oph              265.8575            -21.683333          4.87                
28Ome_Dra           264.237917          68.758056           4.8                 
(266.175,-42.729)   266.175             -42.728889          5.87                
(264.165,69.571)    264.165417          69.570833           6.42                
(265.157,43.471)    265.156667          43.470833           6.59                
(265.952,-13.509)   265.9525            -13.508611          6.39                
(265.946,-7.079)    265.945833          -7.079444           6.3                 
83_Her              265.618333          24.564167           5.52                
60Bet_Oph           265.868333          4.567222            2.77                
(265.842,14.295)    265.841667          14.295              6.24                
(265.151,57.31)     265.150833          57.310278           6.77                
(264.287,72.456)    264.286667          72.455833           5.86                
(265.341,51.818)    265.340833          51.818056           5.99                
84_Her              265.84              24.327778           5.71                
61_Oph              266.141667          2.579444            6.17                
(266.148,2.579)     266.1475            2.578889            6.56                
(266.072,14.41)     266.072083          14.410278           6.19                
(265.773,44.084)    265.773333          44.084444           6.34                
(266.78,-38.112)    266.780417          -38.111667          6.43                
(267.159,-55.402)   267.15875           -55.401667          6.11                
Iot1Sco             266.89625           -40.126944          3.03                
3_Sgr               266.89              -27.830833          4.54                
(266.94,-22.478)    266.94              -22.478056          6.18                
(265.997,53.802)    265.997083          53.801667           5.75                
(266.418,31.505)    266.417917          31.504722           6.23                
(266.903,-14.726)   266.903333          -14.725833          5.94                
(267.116,-26.975)   267.115833          -26.975             6.35                
(267.618,-53.612)   267.6175            -53.612222          5.92                
86Mu_Her            266.614583          27.720556           3.42                
(267.898,-60.164)   267.897917          -60.164444          5.78                
(266.474,38.881)    266.47375           38.881389           6.52                
(266.494,39.322)    266.49375           39.3225             6.68                
(266.783,17.697)    266.783333          17.697222           5.72                
(267.294,-31.703)   267.29375           -31.703333          4.83                
62Gam_Oph           266.973333          2.707222            3.75                
(267.465,-37.043)   267.464583          -37.043333          3.21                
Iot2Sco             267.546667          -40.090556          4.81                
(267.796,-53.131)   267.795833          -53.130556          6.09                
(267.084,3.804)     267.084167          3.804167            6.22                
(268.327,-65.489)   268.326667          -65.489167          6.49                
(269.424,-76.178)   269.424167          -76.1775            6.07                
31Psi1Dra           265.484583          72.148889           4.58                
31Psi1Dra           265.491667          72.156944           5.79                
(267.103,20.566)    267.103333          20.565556           5.69                
(267.329,1.961)     267.32875           1.961111            6.47                
(267.935,-45.601)   267.935417          -45.600556          6.11                
(266.784,47.612)    266.78375           47.612222           6.43                
(267.2,19.255)      267.199583          19.255278           6.12                
(267.887,-40.772)   267.886667          -40.7725            5.96                
87_Her              267.205             25.622778           5.12                
(267.802,-30.557)   267.802083          -30.557222          6.66                
(271.361,-81.486)   271.36125           -81.486389          6.35                
(268.057,-34.799)   268.056667          -34.799167          5.9                 
(268.082,-34.417)   268.082083          -34.416667          5.84                
(268.22,-41.997)    268.219583          -41.996667          6.2                 
(267.681,11.947)    267.68125           11.946667           6.17                
(268.205,-34.114)   268.205             -34.114167          6.06                
(268.233,-35.019)   268.232917          -35.018611          6.45                
(268.241,-35.624)   268.24125           -35.624167          6.03                
(267.595,29.322)    267.595417          29.322222           5.5                 
(267.702,22.316)    267.701667          22.316389           5.98                
30_Dra              267.267917          50.781111           5.02                
(268.332,-34.731)   268.331667          -34.730556          6.17                
(268.347,-34.895)   268.347083          -34.895278          5.6                 
(267.998,-1.237)    267.997917          -1.236667           6.35                
(268.44,-34.786)    268.439583          -34.785833          6.38                
(268.162,-6.144)    268.161667          -6.143611           6.21                
(268.479,-34.752)   268.47875           -34.7525            5.96                
(268.492,-34.832)   268.492083          -34.831667          6.42                
88_Her              267.51375           48.394167           6.68                
(267.994,15.326)    267.99375           15.325833           6.46                
(268.265,-10.9)     268.265             -10.899722          6.18                
(268.148,1.305)     268.1475            1.305               5.95                
(268.613,-34.466)   268.613333          -34.466389          5.96                
(267.808,40.072)    267.808333          40.0725             6.46                
(268.309,6.101)     268.309167          6.101389            5.77                
(268.783,-36.476)   268.782917          -36.475833          6.06                
(268.725,-24.887)   268.725             -24.887222          6.2                 
(268.02,39.982)     268.019583          39.982222           6.04                
(268.004,46.643)    268.004167          46.643333           6.38                
(269.198,-44.342)   269.1975            -44.342222          4.86                
(268.559,11.131)    268.559167          11.130556           6.38                
90_Her              268.325417          40.008056           5.16                
(269.232,-40.306)   269.2325            -40.305556          6.43                
(268.979,-18.802)   268.979167          -18.802222          6.52                
(269.175,-28.065)   269.174583          -28.065278          5.8                 
(269.079,-15.812)   269.079167          -15.8125            5.89                
(269.449,-41.716)   269.44875           -41.716111          4.88                
(269.491,-39.137)   269.490833          -39.136944          6.29                
(269.077,0.67)      269.076667          0.670278            5.82                
89_Her              268.855             26.05               5.46                
(269.199,-4.082)    269.19875           -4.081944           5.47                
(268.962,22.464)    268.961667          22.464167           5.58                
32Xi_Dra            268.382083          56.872778           3.75                
(269.268,0.066)     269.267917          0.066389            5.97                
(269.233,6.488)     269.233333          6.487778            6.29                
(269.732,-36.858)   269.731667          -36.858333          5.74                
(269.663,-28.759)   269.662917          -28.759167          6.01                
(269.772,-30.253)   269.771667          -30.253056          5.16                
(269.773,-30.253)   269.772917          -30.253333          7.04                
91The_Her           269.063333          37.250556           3.86                
(269.362,11.044)    269.362083          11.044167           6.36                
(269.31,23.996)     269.309583          23.995833           6.3                 
64Nu_Oph            269.756667          -9.773611           3.34                
(268.849,55.971)    268.84875           55.971389           6.1                 
4_Sgr               269.948333          -23.816111          4.76                
35_Dra              267.3625            76.962778           5.04                
(269.202,45.351)    269.201667          45.350833           6.02                
92Xi_Her            269.44125           29.247778           3.7                 
(270.0,-20.339)     270.000417          -20.339167          6.21                
33Gam_Dra           269.151667          51.488889           2.23                
(269.903,-4.821)    269.902917          -4.821389           5.87                
94Nu_Her            269.625833          30.189444           4.41                
(270.451,-36.378)   270.45125           -36.377778          6.3                 
(270.065,0.629)     270.064583          0.629444            6.37                
57Zet_Ser           270.120833          -3.690278           4.62                
(269.676,36.288)    269.67625           36.287778           6.0                 
66_Oph              270.065833          4.368611            4.64                
93_Her              270.014167          16.750833           4.67                
67_Oph              270.16125           2.931667            3.97                
6_Sgr               270.34625           -17.156944          6.28                
(270.477,-22.781)   270.476667          -22.780556          5.77                
(267.544,78.307)    267.54375           78.306667           6.24                
(269.718,45.476)    269.717917          45.476111           6.48                
(270.22,6.268)      270.220417          6.268333            6.34                
(270.115,19.506)    270.115417          19.505833           6.5                 
Chi_Oct             283.695417          -87.605833          5.28                
(270.238,15.093)    270.238333          15.093333           6.26                
68_Oph              270.438333          1.305278            4.45                
7_Sgr               270.712917          -24.282222          5.34                
34Psi2Dra           268.796667          72.005              5.45                
(270.152,33.214)    270.151667          33.213889           5.99                
(270.757,-22.718)   270.757083          -22.718333          6.74                
(269.984,45.501)    269.984167          45.501389           5.67                
95_Her              270.374583          21.595278           5.18                
95_Her              270.376667          21.595556           4.96                
(272.815,-75.891)   272.815417          -75.891389          5.86                
(270.693,-5.359)    270.692917          -5.358611           6.76                
69Tau_Oph           270.770833          -8.180278           5.94                
69Tau_Oph           270.770417          -8.180556           5.24                
(268.611,75.171)    268.610833          75.170833           6.36                
9_Sgr               270.968333          -24.360556          5.97                
(270.4,33.311)      270.399583          33.311389           6.15                
96_Her              270.59625           20.833611           5.28                
(271.21,-35.901)    271.21              -35.901389          6.0                 
(271.951,-64.55)    271.95125           -64.55              6.41                
97_Her              270.625417          22.923056           6.21                
Gam1Sgr             271.255417          -29.58              4.69                
The_Ara             271.657917          -50.091667          3.66                
(270.811,19.613)    270.81125           19.613056           6.5                 
Pi_Pav              272.145             -63.668333          4.35                
10Gam2Sgr           271.452083          -30.424167          2.99                
(271.155,1.919)     271.155417          1.919167            6.14                
(271.599,-36.02)    271.59875           -36.019722          5.95                
(271.708,-43.425)   271.7075            -43.424722          5.77                
(271.708,-43.425)   271.7075            -43.424722          5.77                
(273.144,-73.672)   273.14375           -73.671667          5.85                
70_Oph              271.36375           2.499444            4.03                
(270.788,48.464)    270.7875            48.464444           6.21                
(271.168,23.942)    271.1675            23.9425             6.34                
(271.531,-8.324)    271.530833          -8.323889           5.85                
(271.563,-4.751)    271.563333          -4.751389           5.77                
(271.531,-0.447)    271.530833          -0.446667           6.34                
(271.43,12.004)     271.430417          12.003889           7.04                
(272.125,-45.767)   272.125417          -45.767222          6.15                
(272.49,-59.04)     272.49              -59.04              6.38                
Iot_Pav             272.60875           -62.002222          5.49                
(271.798,-21.444)   271.7975            -21.443889          6.28                
(271.376,21.647)    271.375833          21.646944           6.15                
(271.18,40.084)     271.18              40.084167           6.52                
98_Her              271.507917          22.218889           5.06                
(272.021,-28.457)   272.020833          -28.457222          4.57                
(271.253,41.947)    271.253333          41.946667           6.34                
(271.457,32.231)    271.456667          32.230556           5.71                
(271.952,-17.154)   271.951667          -17.154167          5.52                
71_Oph              271.826667          8.733889            4.64                
72_Oph              271.8375            9.563889            3.73                
(272.343,-36.672)   272.343333          -36.6725            6.58                
(272.225,-25.472)   272.225417          -25.4725            6.61                
(273.6,-70.751)     273.600417          -70.751389          6.73                
99_Her              271.75625           30.561944           5.04                
(271.952,13.071)    271.951667          13.071111           6.63                
(272.5,-32.72)      272.499583          -32.719722          6.43                
(272.769,-47.513)   272.76875           -47.513056          6.07                
103Omi_Her          271.885833          28.7625             3.83                
(272.524,-30.729)   272.52375           -30.728611          5.53                
100_Her             271.95625           26.101389           5.86                
100_Her             271.95625           26.0975             5.9                 
Eps_Tel             272.8075            -45.954444          4.53                
(272.14,14.285)     272.140417          14.284722           6.37                
(272.431,-13.934)   272.430833          -13.934444          6.39                
(272.773,-41.359)   272.773333          -41.359167          5.86                
102_Her             272.189583          20.814444           4.36                
(272.73,-33.8)      272.73              -33.799722          6.16                
23Del_UMi           263.05375           86.586389           4.36                
(271.723,50.823)    271.722917          50.822778           6.29                
(271.87,43.462)     271.87              43.461667           5.0                 
(271.776,49.711)    271.77625           49.710556           6.32                
(272.009,36.401)    272.009167          36.401389           5.48                
101_Her             272.220417          20.045278           5.1                 
73_Oph              272.390833          3.993333            5.73                
(273.568,-63.689)   273.5675            -63.689444          6.47                
(272.475,3.12)      272.475             3.119722            5.69                
(272.812,-19.842)   272.811667          -19.842222          6.36                
(272.292,30.469)    272.2925            30.469444           6.38                
(272.668,3.324)     272.667917          3.324167            5.51                
11_Sgr              272.930833          -23.701111          4.98                
(272.992,-28.901)   272.9925            -28.901389          6.51                
(272.536,16.477)    272.53625           16.476667           6.09                
(273.302,-41.336)   273.3025            -41.336111          5.47                
(273.92,-63.056)    273.920417          -63.055556          5.6                 
(272.406,38.458)    272.40625           38.4575             6.4                 
(272.496,36.466)    272.495833          36.466389           5.58                
(274.504,-68.229)   274.50375           -68.229167          6.33                
40_Dra              270.014167          80.000833           6.04                
41_Dra              270.038333          80.004167           5.68                
24_UMi              262.7               86.968056           5.79                
13Mu_Sgr            273.440833          -21.058889          3.86                
(273.292,-4.012)    273.291667          -4.011667           6.59                
(272.938,33.447)    272.937917          33.446944           5.88                
104_Her             272.975833          31.405278           4.97                
14_Sgr              273.56625           -21.713056          5.44                
(272.632,54.287)    272.631667          54.286667           5.95                
(273.97,-44.207)    273.969583          -44.206667          5.46                
(274.281,-56.023)   274.28125           -56.023333          5.33                
(273.319,21.88)     273.31875           21.880278           6.12                
(274.254,-51.068)   274.25375           -51.068333          6.06                
15_Sgr              273.80375           -20.728333          5.38                
16_Sgr              273.80375           -20.388056          5.95                
(273.178,41.147)    273.1775            41.146944           6.36                
(273.878,-18.661)   273.878333          -18.661389          6.07                
(273.27,38.774)     273.27              38.773611           6.04                
(272.78,60.409)     272.779583          60.409444           6.49                
(274.918,-63.887)   274.9175            -63.886944          6.18                
Phi_Oct             275.900417          -75.044167          5.47                
(273.992,-3.618)    273.991667          -3.6175             6.36                
(273.683,29.207)    273.683333          29.207222           6.56                
Eta_Sgr             274.406667          -36.761667          3.11                
(274.4,-34.107)     274.400417          -34.107222          6.16                
(274.023,2.378)     274.023333          2.377778            6.01                
(274.35,-28.652)    274.35              -28.6525            6.19                
(274.349,-28.289)   274.34875           -28.289167          6.4                 
(277.331,-80.233)   277.33125           -80.232778          5.95                
(274.298,-17.374)   274.298333          -17.373889          5.75                
(274.667,-42.288)   274.666667          -42.288333          6.3                 
(274.221,-3.007)    274.22125           -3.007222           6.0                 
(274.369,-18.463)   274.36875           -18.463333          6.54                
(274.513,-27.042)   274.513333          -27.0425            4.65                
(274.351,-9.759)    274.350833          -9.758611           6.31                
(274.27,1.006)      274.27              1.005833            6.63                
(273.912,42.159)    273.911667          42.159444           5.59                
(274.674,-25.605)   274.67375           -25.604722          6.51                
(273.886,45.209)    273.885833          45.209444           6.29                
(274.68,-18.619)    274.680417          -18.619444          6.84                
(273.671,56.588)    273.67125           56.588333           6.37                
36_Dra              273.474167          64.397222           5.03                
(274.512,13.777)    274.512083          13.776944           6.3                 
(274.532,18.131)    274.532083          18.131389           5.99                
(274.278,40.937)    274.278333          40.936667           6.11                
(274.532,23.297)    274.532083          23.296667           6.63                
Xi_Pav              275.806667          -61.493889          4.36                
(275.23,-37.488)    275.230417          -37.4875            6.45                
(274.79,7.26)       274.789583          7.259722            5.39                
(275.037,-15.832)   275.036667          -15.831667          5.39                
19Del_Sgr           275.24875           -29.828056          2.7                 
105_Her             274.794583          24.446111           5.27                
(275.381,-24.915)   275.380833          -24.915             6.25                
(275.578,-38.657)   275.5775            -38.656944          5.1                 
(275.346,-18.86)    275.34625           -18.86              5.75                
(275.501,-28.43)    275.500833          -28.43              6.16                
37_Dra              273.820833          68.755833           5.95                
74_Oph              275.217083          3.377222            4.86                
(274.967,29.666)    274.967083          29.666111           5.99                
106_Her             275.074583          21.961389           4.95                
58Eta_Ser           275.3275            -2.898889           3.26                
(275.721,-36.669)   275.72125           -36.669444          5.34                
(276.381,-63.021)   276.38125           -63.021389          6.14                
1Kap_Lyr            274.965417          36.064444           4.33                
(275.369,5.436)     275.36875           5.435833            6.13                
(275.87,-36.238)    275.870417          -36.238333          5.55                
(276.076,-44.11)    276.075833          -44.110278          5.25                
108_Her             275.237917          29.858889           5.63                
107_Her             275.254167          28.87               5.12                
(275.759,-10.219)   275.759167          -10.218611          6.33                
20Eps_Sgr           276.042917          -34.384722          1.85                
(274.984,51.348)    274.98375           51.347778           6.3                 
(275.801,-12.015)   275.800833          -12.014722          5.73                
(275.536,23.285)    275.53625           23.285278           5.41                
(275.647,12.029)    275.647083          12.028889           5.89                
Zet_Sct             275.914583          -8.934167           4.68                
(275.704,17.827)    275.704167          17.826667           5.25                
(275.28,49.726)     275.279583          49.725556           6.4                 
(275.762,16.688)    275.762083          16.688056           6.22                
18_Sgr              276.25625           -30.756667          5.6                 
(276.34,-35.992)    276.340417          -35.991667          6.15                
(276.015,-3.583)    276.014583          -3.583333           6.38                
(275.386,49.122)    275.38625           49.121667           5.05                
(276.175,-7.075)    276.175417          -7.075278           6.31                
(276.478,-33.945)   276.4775            -33.945278          6.3                 
(276.725,-48.117)   276.724583          -48.116944          5.46                
109_Her             275.924583          21.769722           3.84                
21_Sgr              276.3375            -20.541667          4.81                
Alp_Tel             276.743333          -45.968333          3.51                
(276.238,-1.579)    276.2375            -1.579444           6.15                
(278.23,-73.966)    278.230417          -73.965556          5.89                
(276.287,5.085)     276.286667          5.084722            6.74                
(275.989,38.739)    275.989167          38.739167           6.36                
(276.412,8.032)     276.411667          8.031944            5.65                
2Mu_Lyr             276.0575            39.507222           5.12                
(276.244,27.395)    276.24375           27.395278           6.27                
Zet_Tel             277.207917          -49.070833          4.13                
(276.481,14.967)    276.480833          14.966667           6.37                
(276.956,-29.816)   276.95625           -29.816389          5.92                
(277.486,-57.523)   277.48625           -57.523056          5.76                
(276.932,-26.635)   276.9325            -26.634722          6.31                
(277.113,-38.996)   277.112917          -38.995556          5.64                
(275.949,53.301)    275.949167          53.300833           6.32                
(280.559,-81.808)   280.55875           -81.807778          6.27                
22Lam_Sgr           276.9925            -25.421667          2.81                
(277.026,-26.757)   277.025833          -26.757222          6.27                
(277.304,-43.846)   277.30375           -43.845833          6.36                
Nu_Pav              277.843333          -62.278333          4.64                
(276.495,29.829)    276.495             29.828889           5.83                
59_Ser              276.802083          0.196111            5.21                
(276.985,-17.8)     276.985417          -17.8               6.2                 
43Phi_Dra           275.189583          71.337778           4.22                
(277.32,-38.851)    277.32              -38.851111          6.63                
(277.482,-47.22)    277.4825            -47.220278          5.7                 
39_Dra              275.977083          58.800556           4.98                
(276.67,26.449)     276.670417          26.449444           6.53                
(276.96,3.749)      276.959583          3.748611            6.07                
(277.239,-26.582)   277.239167          -26.581667          6.5                 
44Chi_Dra           275.264167          72.732778           3.57                
(276.995,6.194)     276.995             6.194167            5.73                
(277.342,-25.256)   277.341667          -25.256389          6.59                
Gam_Sct             277.299583          -14.565833          4.7                 
(277.762,-41.914)   277.7625            -41.913611          6.04                
(277.445,-14.582)   277.445             -14.581667          5.96                
(277.55,-18.729)    277.549583          -18.728889          5.66                
Del1Tel             277.939167          -45.915             4.96                
60_Ser              277.420833          -1.985278           5.39                
(277.77,-32.989)    277.77              -32.989167          5.34                
(277.984,-43.508)   277.984167          -43.507778          5.72                
Del2Tel             278.008333          -45.757222          5.07                
(278.373,-58.709)   278.372917          -58.709167          6.44                
(277.56,-5.724)     277.559583          -5.724167           6.28                
(277.521,4.065)     277.52125           4.065278            6.69                
(278.089,-39.704)   278.089167          -39.703889          5.16                
(277.399,23.866)    277.39875           23.866111           5.9                 
(277.86,-18.403)    277.859583          -18.402778          5.14                
42_Dra              276.49625           65.563611           4.82                
(277.857,-10.796)   277.857083          -10.795833          5.72                
(277.972,-19.125)   277.972083          -19.125             6.68                
(278.254,-39.892)   278.25375           -39.892222          6.22                
(276.926,59.549)    276.92625           59.549167           6.43                
(277.673,20.815)    277.673333          20.815278           6.5                 
The_CrA             278.375833          -42.3125            4.64                
Kap1CrA             278.347083          -38.720278          6.32                
Kap2CrA             278.34625           -38.726111          5.65                
(278.63,-52.892)    278.63              -52.891944          6.22                
(277.768,16.929)    277.768333          16.928611           5.77                
(278.087,-14.644)   278.086667          -14.644167          6.37                
61_Ser              277.9875            -1.003056           5.94                
(278.029,3.66)      278.029167          3.659722            6.43                
(278.18,-14.866)    278.180417          -14.865556          5.5                 
(278.491,-33.017)   278.490833          -33.016667          5.28                
24_Sgr              278.472917          -24.0325            5.49                
(278.412,-14.854)   278.4125            -14.853611          5.76                
(278.345,-5.911)    278.345417          -5.911389           6.36                
(282.991,-83.316)   282.99125           -83.316389          7.16                
25_Sgr              278.636667          -24.2225            6.51                
(278.192,23.617)    278.1925            23.616944           5.84                
(278.347,8.268)     278.347083          8.268333            6.42                
(278.208,30.554)    278.207917          30.554167           5.48                
(278.839,-20.841)   278.83875           -20.840833          6.48                
(278.76,-10.977)    278.76              -10.977222          5.14                
(278.346,30.892)    278.34625           30.8925             6.59                
(278.999,-29.699)   278.99875           -29.699167          6.37                
Alp_Sct             278.801667          -8.244167           3.85                
(278.048,52.116)    278.0475            52.115556           6.56                
(278.582,20.466)    278.581667          20.466389           6.57                
(278.698,10.892)    278.697917          10.891667           6.4                 
(278.802,18.203)    278.8025            18.203333           5.78                
45_Dra              278.14375           57.045556           4.77                
(277.812,65.436)    277.811667          65.436111           6.59                
(278.877,23.606)    278.876667          23.605556           5.61                
(278.972,16.976)    278.971667          16.975556           6.21                
Zet_Pav             280.75875           -71.428056          4.01                
(278.486,52.354)    278.48625           52.353611           5.36                
(278.806,34.458)    278.80625           34.457778           6.1                 
(279.116,9.122)     279.115833          9.1225              5.39                
(279.81,-47.91)     279.809583          -47.909722          5.86                
(279.163,6.672)     279.162917          6.671944            5.45                
(279.477,-21.398)   279.476667          -21.397778          5.94                
(279.519,-14.005)   279.519167          -14.004722          6.47                
(279.628,-23.505)   279.627917          -23.505             5.81                
(279.896,-43.186)   279.895833          -43.186111          5.37                
(279.302,11.422)    279.3025            11.421667           6.42                
(279.4,-0.309)      279.4               -0.309444           5.75                
(281.956,-77.867)   281.955833          -77.867222          6.39                
(279.288,16.198)    279.2875            16.198333           6.29                
(280.594,-64.643)   280.59375           -64.643056          6.37                
(279.155,33.469)    279.155             33.468889           5.42                
(279.722,-21.052)   279.7225            -21.051944          5.86                
(279.599,-3.194)    279.59875           -3.193611           6.49                
(279.58,-1.113)     279.579583          -1.113333           6.66                
3Alp_Lyr            279.234583          38.783611           0.03                
(279.588,8.834)     279.5875            8.833889            6.4                 
(279.19,43.222)     279.19              43.221944           6.2                 
(280.905,-64.551)   280.905             -64.551111          5.78                
(280.378,-48.095)   280.3775            -48.095             6.49                
(277.437,77.547)    277.437083          77.546944           5.64                
(280.002,-7.791)    280.002083          -7.790556           5.84                
(279.904,5.264)     279.90375           5.264167            6.38                
(279.527,39.668)    279.527083          39.668056           6.04                
(279.965,7.358)     279.965             7.358333            6.28                
26_Sgr              280.465             -23.833333          6.23                
(281.362,-64.871)   281.362083          -64.871389          4.79                
(279.055,65.489)    279.055417          65.488611           6.06                
(280.427,-14.564)   280.427083          -14.564167          6.42                
(281.298,-61.095)   281.297917          -61.095             6.04                
(280.008,30.849)    280.008333          30.849444           6.36                
(279.888,40.935)    279.887917          40.935              6.25                
(279.39,62.527)     279.389583          62.526667           5.74                
(280.051,38.367)    280.050833          38.367222           6.45                
Del_Sct             280.568333          -9.0525             4.72                
Lam_CrA             280.945417          -38.323611          5.13                
(281.349,-56.882)   281.34875           -56.881667          6.22                
(280.73,-19.284)    280.73              -19.283889          6.35                
(280.65,-7.073)     280.650417          -7.073333           6.15                
(276.038,83.175)    276.038333          83.175278           6.17                
(281.032,-36.719)   281.032083          -36.718611          6.32                
(282.431,-72.995)   282.43125           -72.994722          6.06                
(279.97,52.196)     279.97              52.196111           6.0                 
(281.081,-35.642)   281.080833          -35.641944          4.87                
(280.422,31.618)    280.422083          31.617778           6.41                
(281.238,-39.686)   281.238333          -39.686389          5.43                
Eps_Sct             280.880417          -8.275278           4.9                 
(280.534,34.747)    280.53375           34.746667           6.47                
(280.964,-6.819)    280.964167          -6.818611           6.31                
(281.207,-25.011)   281.206667          -25.011111          5.83                
The_Pav             282.1575            -65.077778          5.73                
NOVA_1670           0.0                 0.0                 0.0                 
(281.746,-50.094)   281.74625           -50.094444          6.54                
(281.328,-21.001)   281.327917          -21.001389          6.36                
27Phi_Sgr           281.414167          -26.990833          3.17                
4_Aql               281.207917          2.06                5.02                
(280.82,39.3)       280.819583          39.300278           6.45                
(280.235,62.75)     280.234583          62.749722           6.09                
(280.9,36.557)      280.900417          36.556667           6.01                
(280.965,31.927)    280.965             31.926667           5.7                 
(281.505,-19.606)   281.505             -19.606389          6.42                
28_Sgr              281.585833          -22.392222          5.37                
(281.168,23.59)     281.1675            23.589722           6.31                
(281.368,5.5)       281.368333          5.499722            5.83                
46_Dra              280.657917          55.539444           5.04                
Mu_CrA              281.935833          -40.406111          5.24                
4Eps1Lyr            281.085             39.67               5.06                
4Eps1Lyr            281.084583          39.671111           6.02                
5Eps2Lyr            281.095417          39.613056           5.14                
5Eps2Lyr            281.095417          39.612778           5.37                
(281.68,-10.125)    281.680417          -10.125             5.71                
6Zet1Lyr            281.193333          37.605              4.36                
7Zet2Lyr            281.200833          37.594444           5.73                
(281.399,21.985)    281.39875           21.985              6.51                
5_Aql               281.61875           -0.961667           5.9                 
(280.871,53.872)    280.870833          53.871944           6.11                
110_Her             281.415417          20.546389           4.19                
Eta1CrA             282.210417          -43.68              5.49                
Bet_Sct             281.79375           -4.747778           4.22                
(281.519,26.662)    281.51875           26.662222           4.83                
(282.364,-45.81)    282.364167          -45.810278          5.81                
(281.871,-5.705)    281.870833          -5.705              5.2                 
(281.672,18.706)    281.6725            18.705833           6.17                
Eta2CrA             282.395833          -43.433889          5.61                
111_Her             281.755417          18.181389           4.36                
(282.322,-34.749)   282.321667          -34.748611          6.62                
(281.231,54.897)    281.230833          54.896667           6.23                
(282.189,-18.601)   282.18875           -18.601389          6.47                
(281.554,41.442)    281.554167          41.441667           6.07                
Lam_Pav             283.054167          -62.1875            4.22                
(281.076,61.048)    281.075833          61.048056           5.99                
(282.011,4.241)     282.01125           4.241389            6.21                
(282.398,-19.142)   282.397917          -19.142222          6.75                
29_Sgr              282.417083          -20.324722          5.24                
(282.068,23.514)    282.068333          23.514167           6.15                
(281.746,46.315)    281.745833          46.315              6.52                
(281.99,31.757)     281.989583          31.756944           6.06                
(280.792,70.793)    280.7925            70.792778           6.44                
(282.421,-5.913)    282.420833          -5.912778           5.99                
(281.68,52.988)     281.679583          52.988056           5.88                
(282.405,0.836)     282.404583          0.835833            6.25                
(282.222,19.329)    282.2225            19.328611           5.88                
Kap_Tel             283.165             -52.1075            5.17                
30_Sgr              282.710417          -22.162222          6.61                
(282.583,-7.908)    282.583333          -7.9075             6.8                 
(281.917,49.075)    281.916667          49.075              6.4                 
(282.31,25.046)     282.31              25.046389           6.59                
(283.113,-46.595)   283.112917          -46.595278          5.54                
(283.3,-51.931)     283.300417          -51.931111          6.31                
(282.744,-9.774)    282.74375           -9.774167           5.83                
(283.26,-48.36)     283.260417          -48.36              6.19                
(282.067,48.768)    282.067083          48.7675             6.12                
(283.248,-46.586)   283.248333          -46.585833          6.19                
(282.433,31.629)    282.433333          31.629167           6.64                
(282.69,10.976)     282.69              10.976389           6.55                
8Nu_1Lyr            282.44125           32.812778           5.91                
8_Aql               282.842083          -3.317778           6.1                 
9Nu_2Lyr            282.470417          32.550833           5.25                
(283.119,-26.65)    283.11875           -26.650278          6.29                
(283.154,-29.379)   283.154167          -29.379444          6.13                
(283.174,-30.734)   283.17375           -30.734167          6.63                
10Bet_Lyr           282.52              33.362778           3.45                
Kap_Pav             284.2375            -67.233611          4.44                
(283.635,-49.879)   283.634583          -49.878611          6.6                 
(283.008,13.966)    283.007917          13.965556           6.14                
(283.258,-9.576)    283.257917          -9.576111           6.34                
(284.228,-62.801)   284.227917          -62.801111          6.48                
(282.9,28.784)      282.899583          28.783611           6.18                
112_Her             283.068333          21.425278           5.48                
33_Sgr              283.500417          -21.359722          5.69                
(282.902,36.539)    282.902083          36.538611           6.09                
32Nu_1Sgr           283.5425            -22.745             4.83                
(281.445,74.086)    281.444583          74.085556           5.27                
(283.03,41.383)     283.029583          41.383333           6.28                
(283.68,-15.603)    283.679583          -15.603056          5.1                 
35Nu_2Sgr           283.779583          -22.671389          4.99                
34Sig_Sgr           283.81625           -26.296667          2.02                
(284.07,-42.711)    284.070417          -42.710556          5.36                
(282.896,52.975)    282.895833          52.975              5.51                
50_Dra              281.5925            75.433889           5.35                
47Omi_Dra           282.800417          59.388333           4.66                
(283.879,-16.377)   283.879167          -16.376667          5.79                
Ome_Pav             284.651667          -60.200556          5.14                
(284.002,-23.174)   284.0025            -23.173611          5.93                
(284.169,-37.343)   284.16875           -37.343333          5.38                
(285.015,-66.653)   285.014583          -66.653333          6.01                
11Del1Lyr           283.431667          36.971667           5.58                
(283.555,27.909)    283.555             27.909444           5.62                
113_Her             283.687083          22.645              4.59                
Lam_Tel             284.615417          -52.938611          4.87                
(283.865,6.615)     283.864583          6.615278            5.57                
(284.395,-39.823)   284.394583          -39.823333          6.31                
(283.307,50.708)    283.306667          50.708333           4.92                
(283.56,41.226)     283.559583          41.225556           7.3                 
12Del2Lyr           283.625833          36.898889           4.3                 
(283.719,33.969)    283.71875           33.968611           6.02                
63The1Ser           284.055             4.203611            4.62                
63The2Ser           284.060833          4.201944            4.98                
(284.095,-1.8)      284.094583          -1.8                6.22                
(284.107,2.471)     284.106667          2.471111            6.15                
36Xi_1Sgr           284.335417          -20.656389          5.08                
(283.718,41.603)    283.7175            41.602778           5.44                
(284.016,17.995)    284.01625           17.995              6.63                
(284.026,18.105)    284.025833          18.105278           5.69                
Eta_Sct             284.265417          -5.846111           4.83                
37Xi_2Sgr           284.4325            -21.106667          3.51                
(284.589,-31.036)   284.58875           -31.036111          6.12                
Eps_CrA             284.680833          -37.1075            4.87                
(283.443,57.487)    283.442917          57.486944           6.22                
(283.696,48.86)     283.69625           48.859722           5.77                
(284.585,-24.877)   284.585417          -24.876667          6.62                
(284.796,-39.535)   284.79625           -39.534722          6.49                
13_Lyr              283.83375           43.946111           4.04                
64_Ser              284.319167          2.535278            5.57                
(284.602,-22.529)   284.6025            -22.529444          6.14                
(281.409,79.942)    281.40875           79.9425             6.39                
(285.874,-68.755)   285.87375           -68.755278          5.88                
(284.257,32.901)    284.256667          32.901389           5.22                
(284.599,6.24)      284.599167          6.240278            6.21                
(284.862,-18.567)   284.861667          -18.566944          6.37                
(284.561,17.361)    284.56125           17.360833           5.38                
(284.849,-12.841)   284.849167          -12.840556          5.53                
10_Aql              284.695417          13.906667           5.89                
(285.103,-24.942)   285.103333          -24.942222          6.36                
(285.263,-37.061)   285.263333          -37.060833          6.69                
(285.268,-37.062)   285.267917          -37.061944          6.4                 
(284.688,19.794)    284.687917          19.794167           6.5                 
11_Aql              284.77375           13.6225             5.23                
(284.823,10.141)    284.822917          10.140833           6.75                
(284.508,38.266)    284.507917          38.266111           5.89                
48_Dra              284.1875            57.815              5.66                
13Eps_Aql           284.905833          15.068333           4.02                
(285.536,-41.91)    285.53625           -41.91              6.23                
14Gam_Lyr           284.735833          32.689444           3.24                
(284.694,40.679)    284.694167          40.679167           6.22                
52Ups_Dra           283.599583          71.297222           4.82                
(284.94,26.231)     284.939583          26.230556           5.27                
(285.408,-22.696)   285.4075            -22.695556          6.24                
(284.992,22.815)    284.992083          22.814722           6.29                
(284.368,58.225)    284.368333          58.225278           6.46                
(284.801,39.218)    284.80125           39.217778           6.41                
(285.39,-15.282)    285.389583          -15.2825            6.32                
(284.107,65.258)    284.106667          65.258056           5.63                
Zet_CrA             285.77875           -42.095278          4.75                
NOVA_1899           0.0                 0.0                 0.0                 
(285.989,-51.019)   285.989167          -51.018611          5.93                
(284.322,62.397)    284.3225            62.396667           6.45                
15Lam_Lyr           285.00375           32.145556           4.93                
12_Aql              285.42              -5.738889           4.02                
38Zet_Sgr           285.652917          -29.880278          2.6                 
(285.615,-24.847)   285.615417          -24.846944          5.65                
(284.748,50.809)    284.748333          50.809444           6.3                 
(285.824,-38.253)   285.82375           -38.253333          5.74                
(285.273,19.31)     285.272917          19.309722           6.39                
(283.388,75.788)    283.388333          75.7875             6.22                
(285.344,20.834)    285.344167          20.833611           6.69                
(285.079,40.684)    285.079167          40.684167           6.65                
(285.322,26.291)    285.3225            26.291389           5.69                
(285.766,-19.245)   285.765833          -19.245278          6.05                
(285.23,33.802)     285.23              33.802222           6.01                
(285.779,-19.103)   285.779167          -19.103333          6.37                
(285.395,25.026)    285.395417          25.025833           6.72                
(285.456,22.264)    285.45625           22.263889           6.4                 
(285.59,8.374)      285.59              8.374167            6.3                 
14_Aql              285.727083          -3.698889           5.42                
(285.057,50.534)    285.057083          50.533611           5.38                
(286.105,-31.047)   286.104583          -31.046944          5.5                 
(285.451,33.621)    285.45125           33.621389           6.39                
Rho_Tel             286.582917          -52.340833          5.16                
(285.884,1.819)     285.884167          1.818889            5.83                
16_Lyr              285.36              46.934722           5.01                
(285.719,19.661)    285.719167          19.661111           6.09                
39Omi_Sgr           286.170833          -21.741667          3.77                
49_Dra              285.180833          55.658333           5.48                
(286.045,3.331)     286.044583          3.330556            6.73                
(286.101,-5.685)    286.100833          -5.685              6.9                 
(287.47,-68.425)    287.469583          -68.424722          5.33                
(285.927,21.268)    285.927083          21.267778           6.52                
(286.732,-48.299)   286.731667          -48.299167          5.97                
(284.719,69.531)    284.719167          69.531111           6.52                
15_Aql              286.24              -4.031389           5.42                
Gam_CrA             286.604583          -37.063333          4.93                
Gam_CrA             286.604583          -37.063333          4.99                
Sig_Oct             317.1925            -88.956389          5.47                
(285.529,52.261)    285.529167          52.261111           6.31                
(286.422,-15.66)    286.421667          -15.660278          5.97                
(286.328,-1.513)    286.3275            -1.512778           6.53                
(286.719,-37.81)    286.71875           -37.810278          6.16                
(287.217,-55.72)    287.217083          -55.720278          6.49                
40Tau_Sgr           286.735             -27.670556          3.32                
17Zet_Aql           286.3525            13.863333           2.99                
16Lam_Aql           286.562083          -4.8825             3.44                
(286.241,31.744)    286.24125           31.744444           5.56                
(286.243,30.733)    286.242917          30.733333           6.06                
(286.718,-16.229)   286.717917          -16.228889          6.03                
(286.879,-28.637)   286.87875           -28.636944          6.04                
(286.785,-18.738)   286.785417          -18.737778          6.29                
Del_CrA             287.087083          -40.496667          4.59                
(286.592,8.23)      286.5925            8.23                6.09                
(286.446,29.922)    286.44625           29.921667           6.31                
(286.788,0.642)     286.787917          0.641667            6.56                
(287.061,-24.657)   287.060833          -24.656944          6.3                 
(284.488,77.051)    284.488333          77.050833           6.54                
18_Aql              286.744167          11.071389           5.09                
(287.07,-19.29)     287.069583          -19.29              5.54                
(286.66,24.251)     286.66              24.250833           5.77                
51_Dra              286.23              53.396667           5.38                
(286.291,49.923)    286.29125           49.923333           6.43                
(286.657,28.629)    286.657083          28.628611           5.55                
Alp_CrA             287.367917          -37.904444          4.11                
(287.415,-39.828)   287.415417          -39.828056          6.46                
(287.402,-36.165)   287.401667          -36.164722          6.56                
(287.491,-41.892)   287.490833          -41.8925            5.88                
(286.571,41.414)    286.570833          41.413889           6.49                
Bet_CrA             287.507083          -39.340833          4.11                
(286.989,16.853)    286.98875           16.853333           6.07                
17_Lyr              286.856667          32.501667           5.23                
18Iot_Lyr           286.825417          36.100278           5.28                
(287.015,21.699)    287.015             21.698889           6.23                
41Pi_Sgr            287.440833          -21.023611          2.89                
(287.45,-19.804)    287.450417          -19.803611          6.13                
19_Aql              287.249583          6.073333            5.22                
(287.168,16.851)    287.1675            16.851389           6.48                
(287.758,-39.005)   287.7575            -39.005             6.36                
(287.465,-0.428)    287.465             -0.428056           6.34                
(287.829,-29.502)   287.82875           -29.502222          6.3                 
(288.192,-50.486)   288.192083          -50.486389          6.13                
(287.268,34.601)    287.268333          34.600556           6.74                
(288.041,-37.583)   288.040833          -37.582778          6.57                
Tau_Pav             289.11875           -69.190556          6.27                
(287.108,52.426)    287.1075            52.425556           5.81                
(288.117,-21.658)   288.116667          -21.658056          6.41                
(288.307,-25.907)   288.307083          -25.906667          5.8                 
(289.3,-66.661)     289.3               -66.661389          5.53                
20_Aql              288.169583          -7.939444           5.34                
(287.879,26.736)    287.87875           26.735833           6.36                
(288.665,-45.193)   288.665417          -45.193333          5.92                
(288.315,-12.282)   288.314583          -12.2825            5.51                
19_Lyr              287.941667          31.283333           5.98                
(287.846,40.429)    287.84625           40.429167           6.18                
(288.143,16.846)    288.143333          16.846389           6.73                
(288.153,21.554)    288.152917          21.554444           5.93                
21_Aql              288.427917          2.293611            5.15                
(288.434,5.516)     288.43375           5.515833            6.49                
(289.09,-45.466)    289.090417          -45.466389          5.4                 
55_Dra              287.440833          65.978611           6.25                
(288.888,-24.179)   288.888333          -24.179167          6.25                
42Psi_Sgr           288.885             -25.256667          4.85                
(288.019,49.854)    288.019167          49.854167           6.75                
(288.021,49.856)    288.020833          49.856111           6.57                
53_Dra              287.91875           56.859167           5.12                
(289.137,-33.522)   289.136667          -33.521667          6.25                
(289.539,-53.387)   289.539167          -53.386667          6.38                
20Eta_Lyr           288.439583          39.146111           4.39                
(288.761,20.203)    288.760833          20.203333           6.0                 
(288.834,15.084)    288.83375           15.083611           5.57                
1_Sge               288.8225            21.232222           5.64                
(288.853,30.526)    288.853333          30.526389           5.85                
22_Aql              289.129167          4.834722            5.59                
43_Sgr              289.40875           -18.953056          4.96                
(288.988,27.456)    288.9875            27.455556           6.54                
1_Vul               289.054167          21.390278           4.77                
(289.112,14.545)    289.111667          14.544722           5.63                
(288.998,27.927)    288.9975            27.926944           6.16                
54_Dra              288.48              57.705              4.99                
57Del_Dra           288.13875           67.661667           3.07                
(288.83,50.071)     288.830417          50.070833           6.27                
59_Dra              287.290833          76.560556           5.13                
(289.451,2.032)     289.450833          2.031667            6.19                
21The_Lyr           289.092083          38.133611           4.36                
25Ome1Aql           289.454167          11.595278           5.28                
(289.917,-35.421)   289.916667          -35.421389          5.59                
(289.75,-15.536)    289.750417          -15.536389          6.06                
2_Vul               289.431667          23.025556           5.43                
23_Aql              289.635417          1.085278            5.1                 
(291.022,-68.371)   291.0225            -68.371111          6.34                
24_Aql              289.712083          0.339167            6.41                
(289.214,46.999)    289.214167          46.999167           6.0                 
(290.109,-31.818)   290.109167          -31.817778          6.58                
(289.503,31.022)    289.503333          31.022222           6.68                
(289.72,9.618)      289.719583          9.618056            6.32                
(289.702,19.611)    289.702083          19.610556           6.58                
(290.159,-22.402)   290.15875           -22.4025            5.58                
1Kap_Cyg            289.275833          53.368611           3.77                
Eta_Tel             290.712917          -54.423611          5.05                
(290.375,-34.984)   290.374583          -34.983889          6.48                
28_Aql              289.91375           12.374722           5.53                
29Ome2Aql           289.970833          11.535              6.02                
26_Aql              290.137083          -5.415833           5.01                
(290.54,-42.016)    290.54              -42.016111          6.34                
(289.766,33.389)    289.765833          33.388889           6.6                 
27_Aql              290.14875           -0.892222           5.49                
Bet1Sgr             290.659583          -44.458889          4.01                
(289.755,37.445)    289.755             37.445278           6.22                
(290.405,-19.234)   290.404583          -19.234167          6.26                
44Rho1Sgr           290.418333          -17.847222          3.93                
(289.657,49.57)     289.657083          49.569722           6.31                
46Ups_Sgr           290.431667          -15.955             4.61                
Bet2Sgr             290.805             -44.799722          4.29                
45Rho2Sgr           290.462083          -18.308333          5.87                
(289.912,37.331)    289.912083          37.330556           6.31                
(290.138,35.186)    290.137917          35.186111           6.31                
(290.586,-8.201)    290.58625           -8.201111           6.31                
Alp_Sgr             290.971667          -40.616111          3.97                
(290.59,-0.252)     290.589583          -0.2525             5.83                
(291.089,-43.723)   291.089167          -43.723056          6.17                
(289.902,54.376)    289.902083          54.376111           6.26                
60Tau_Dra           288.8875            73.355556           4.45                
(290.769,-7.4)      290.769167          -7.400278           6.32                
(290.702,9.913)     290.701667          9.913056            6.35                
(291.125,-27.866)   291.125417          -27.865556          6.04                
(290.067,57.645)    290.067083          57.645278           5.91                
(290.784,14.921)    290.784167          14.921111           6.64                
3_Vul               290.712083          26.2625             5.18                
(290.639,33.518)    290.639167          33.518056           6.06                
(291.267,-29.309)   291.267083          -29.309167          5.93                
(289.942,64.391)    289.942083          64.390833           6.52                
47Chi1Sgr           291.31875           -24.508611          5.03                
49Chi3Sgr           291.37375           -23.962222          5.43                
(290.945,20.264)    290.945417          20.264444           6.4                 
(290.356,57.767)    290.355833          57.766944           6.43                
(291.257,-4.884)    291.256667          -4.884167           6.52                
(291.34,-13.897)    291.34              -13.896944          5.69                
(290.892,33.222)    290.891667          33.222222           6.37                
2_Sge               291.092083          16.937778           6.25                
(291.95,-54.325)    291.950417          -54.325278          5.69                
58Pi_Dra            290.167083          65.714722           4.59                
2_Cyg               291.031667          29.621389           4.97                
31_Aql              291.2425            11.944444           5.16                
(291.093,28.088)    291.093333          28.087778           6.53                
50_Sgr              291.58              -21.776667          5.59                
(291.025,36.452)    291.025417          36.451944           6.36                
30Del_Aql           291.374583          3.114722            3.36                
(291.546,-15.053)   291.54625           -15.053056          5.72                
(291.602,-14.551)   291.6025            -14.551111          6.7                 
(291.735,-29.743)   291.735417          -29.743333          5.67                
(290.849,50.271)    290.849167          50.271389           6.51                
(290.985,43.388)    290.985417          43.388056           5.84                
(292.795,-68.434)   292.795417          -68.433889          5.96                
(291.343,20.271)    291.343333          20.271389           6.31                
4_Vul               291.369167          19.798611           5.16                
(291.358,24.913)    291.3575            24.912778           6.19                
32Nu_Aql            291.629583          0.338611            4.66                
(292.469,-55.441)   292.469167          -55.441389          6.13                
(291.6,13.024)      291.600417          13.023889           5.74                
5_Vul               291.555             20.097778           5.63                
(291.62,19.891)     291.619583          19.891389           5.81                
(292.35,-43.446)    292.349583          -43.445833          5.71                
Mu_Tel              292.64375           -55.11              6.3                 
Lam_UMi             259.236667          89.037778           6.38                
4_Cyg               291.537917          36.317778           5.15                
(291.891,14.282)    291.89125           14.2825             6.32                
(292.087,2.93)      292.086667          2.930278            5.85                
(292.468,-26.986)   292.4675            -26.985556          5.52                
(292.561,-32.092)   292.56125           -32.092222          6.6                 
35_Aql              292.254167          1.950278            5.8                 
(291.445,58.027)    291.444583          58.027222           6.6                 
(292.34,-7.044)     292.339583          -7.043889           6.61                
(291.902,37.941)    291.902083          37.941111           6.34                
(292.325,0.246)     292.325             0.246111            6.25                
6Alp_Vul            292.17625           24.665              4.44                
8_Vul               292.2375            24.768611           5.81                
(292.342,14.596)    292.342083          14.595833           5.56                
7Iot1Cyg            291.857917          52.320556           5.75                
7_Vul               292.337083          20.279722           6.33                
(292.725,-21.312)   292.725             -21.312222          6.13                
(293.224,-53.186)   293.224167          -53.185833          5.75                
(292.544,2.904)     292.54375           2.904167            6.09                
(291.61,62.557)     291.610417          62.557222           6.38                
36_Aql              292.665833          -2.788889           5.03                
(292.638,3.444)     292.637917          3.444444            6.05                
(293.34,-45.272)    293.34              -45.271944          5.61                
6Bet1Cyg            292.680417          27.959722           3.08                
6Bet2Cyg            292.68875           27.965278           5.11                
(292.695,36.229)    292.695417          36.228611           6.25                
10Iot2Cyg           292.42625           51.729722           3.79                
(292.841,26.617)    292.840833          26.617222           5.87                
(293.535,-40.035)   293.535417          -40.034722          5.89                
(290.418,79.603)    290.4175            79.602778           6.05                
Iot_Tel             293.804167          -48.099167          4.9                 
(288.782,83.463)    288.7825            83.462778           6.53                
8_Cyg               292.942917          34.453056           4.74                
(292.83,50.307)     292.830417          50.306667           5.53                
(292.807,55.732)    292.806667          55.731944           6.37                
38Mu_Aql            293.5225            7.378889            4.45                
37_Aql              293.780417          -10.560278          5.12                
51_Sgr              294.007083          -24.719167          5.65                
(293.874,-7.46)     293.874167          -7.460278           6.34                
(293.89,-12.253)    293.89              -12.252778          6.27                
(294.608,-57.983)   294.607917          -57.983333          6.18                
(294.967,-66.686)   294.967083          -66.685556          6.39                
(293.402,38.762)    293.401667          38.762222           6.61                
9_Vul               293.645417          19.773333           5.0                 
(293.855,2.913)     293.855             2.913333            6.38                
(294.109,-18.853)   294.10875           -18.852778          6.11                
52_Sgr              294.176667          -24.883611          4.6                 
9_Cyg               293.712083          29.463056           5.38                
(293.423,49.262)    293.423333          49.2625             5.96                
(294.264,-18.231)   294.26375           -18.231111          5.64                
(293.672,42.413)    293.671667          42.412778           5.35                
(294.033,11.15)     294.033333          11.15               6.68                
39Kap_Aql           294.222917          -7.0275             4.95                
41Iot_Aql           294.180417          -1.286389           4.36                
(293.292,60.159)    293.292083          60.158611           6.29                
(294.066,14.392)    294.065833          14.391667           6.38                
(292.751,70.989)    292.750833          70.989444           6.07                
(293.582,51.237)    293.5825            51.236667           5.73                
(294.035,22.586)    294.034583          22.585833           6.32                
(293.666,48.165)    293.66625           48.164722           6.67                
(294.393,-14.302)   294.393333          -14.301667          5.47                
(295.406,-65.854)   295.40625           -65.854167          6.09                
(294.219,11.273)    294.21875           11.273333           5.98                
11_Cyg              293.95125           36.944444           6.05                
(294.157,20.333)    294.157083          20.332778           7.14                
(295.076,-54.418)   295.07625           -54.4175            6.26                
42_Aql              294.447083          -4.6475             5.46                
(294.925,-45.278)   294.925             -45.278056          6.25                
61Sig_Dra           293.09              69.661111           4.68                
4Eps_Sge            294.3225            16.462778           5.66                
(294.982,-39.433)   294.982083          -39.433333          6.61                
(293.983,50.239)    293.982917          50.238611           6.52                
(294.289,29.334)    294.289167          29.333611           6.43                
(294.236,38.384)    294.235833          38.383889           6.5                 
(294.158,44.695)    294.157917          44.695              5.17                
13The_Cyg           294.110417          50.221111           4.48                
53_Sgr              294.955833          -23.427778          6.34                
(294.704,3.382)     294.704167          3.381667            6.35                
(294.573,20.783)    294.572917          20.782778           6.48                
(295.03,-23.429)    295.029583          -23.428611          5.97                
44Sig_Aql           294.798333          5.397778            5.17                
(294.856,16.571)    294.855833          16.571389           6.38                
54_Sgr              295.180833          -16.293333          6.2                 
(294.486,49.284)    294.48625           49.284444           6.47                
12Phi_Cyg           294.844167          30.153333           4.69                
5Alp_Sge            295.024167          18.013889           4.37                
45_Aql              295.180417          -0.621111           5.67                
(294.938,33.979)    294.9375            33.979167           6.1                 
(295.118,20.477)    295.117917          20.476667           6.5                 
14_Cyg              294.860417          42.818333           5.4                 
(294.672,54.974)    294.671667          54.973889           5.82                
(295.165,23.718)    295.165417          23.7175             6.64                
(295.273,13.816)    295.272917          13.815556           6.01                
(294.893,45.958)    294.893333          45.958056           6.2                 
6Bet_Sge            295.262083          17.476111           4.37                
55_Sgr              295.629583          -16.123889          5.06                
(295.312,22.453)    295.312083          22.452778           6.36                
(295.907,-37.539)   295.906667          -37.538889          6.16                
(295.172,43.078)    295.171667          43.077778           6.16                
46_Aql              295.553333          12.193333           6.34                
(299.006,-81.35)    299.00625           -81.349722          6.39                
(295.209,45.525)    295.209167          45.525              5.06                
(295.89,-15.47)     295.889583          -15.47              5.49                
47Chi_Aql           295.641667          11.826667           5.27                
(297.355,-72.503)   297.355417          -72.503333          5.41                
(295.49,40.254)     295.489583          40.253889           6.23                
(295.054,60.507)    295.054167          60.507222           6.51                
(295.705,29.332)    295.704583          29.331667           6.49                
(295.686,32.427)    295.685833          32.426667           5.94                
16_Cyg              295.45375           50.525278           5.96                
(295.467,50.518)    295.466667          50.5175             6.2                 
(295.79,30.679)     295.789583          30.678611           6.05                
10_Vul              295.92875           25.771944           5.49                
(296.505,-31.909)   296.505             -31.908611          5.52                
(295.983,27.136)    295.982917          27.135556           6.28                
(295.517,55.463)    295.517083          55.463333           6.48                
Nu_Tel              297.005             -56.3625            5.35                
48Psi_Aql           296.142083          13.302778           6.26                
(295.964,34.162)    295.964167          34.1625             6.05                
(297.472,-66.813)   297.472083          -66.812778          6.45                
(295.938,41.773)    295.9375            41.773056           5.84                
56_Sgr              296.590417          -19.761111          4.86                
(296.468,-2.883)    296.4675            -2.883333           6.48                
15_Cyg              296.069167          37.354444           4.89                
(296.203,29.265)    296.202917          29.264722           6.82                
49Ups_Aql           296.41625           7.613333            5.91                
(296.159,34.414)    296.159167          34.413889           6.57                
(297.23,-52.888)    297.229583          -52.888056          6.25                
(295.811,58.016)    295.810833          58.016389           6.22                
(296.204,40.717)    296.204167          40.716667           6.34                
(297.755,-65.605)   297.755417          -65.605             6.05                
50Gam_Aql           296.565             10.613333           2.72                
(295.915,57.042)    295.915             57.0425             6.27                
(297.59,-61.061)    297.590417          -61.061389          6.21                
18Del_Cyg           296.24375           45.130833           2.87                
(296.415,36.091)    296.415             36.091111           6.43                
(296.464,35.013)    296.464167          35.012778           6.09                
(297.687,-59.193)   297.686667          -59.193056          5.42                
(297.012,-13.703)   297.0125            -13.703333          6.11                
(296.665,25.134)    296.664583          25.133889           6.62                
17_Cyg              296.606667          33.727778           4.99                
(296.646,32.889)    296.645833          32.888611           6.18                
7Del_Sge            296.847083          18.534167           3.82                
(297.558,-47.557)   297.5575            -47.557222          5.94                
(297.298,-28.789)   297.298333          -28.788889          6.05                
(296.952,25.384)    296.9525            25.383889           5.95                
(297.259,-10.871)   297.259167          -10.870833          6.04                
(297.127,10.694)    297.126667          10.694167           6.44                
(296.866,38.408)    296.865833          38.4075             5.77                
52Pi_Aql            297.175417          11.815833           5.72                
(296.077,69.337)    296.077083          69.336944           5.92                
8Zet_Sge            297.244583          19.142222           5.0                 
(296.862,47.908)    296.861667          47.907778           6.12                
(298.157,-54.971)   298.156667          -54.971111          5.74                
(298.162,-54.977)   298.1625            -54.976667          6.5                 
(297.183,35.311)    297.182917          35.311389           6.53                
(297.211,33.437)    297.210833          33.437222           6.44                
(297.961,-39.874)   297.960833          -39.874444          5.33                
51_Aql              297.695             -10.763611          5.39                
(297.573,7.902)     297.572917          7.9025              6.51                
(297.365,38.71)     297.364583          38.71               6.11                
(297.478,28.441)    297.4775            28.440556           6.38                
53Alp_Aql           297.695833          8.868333            0.77                
(298.668,-61.171)   298.668333          -61.170833          6.24                
(297.796,-2.461)    297.79625           -2.460833           6.13                
54Omi_Aql           297.756667          10.415556           5.11                
57_Sgr              298.05              -19.045             5.92                
(297.824,9.63)      297.82375           9.630278            6.25                
(296.686,68.438)    296.68625           68.438333           6.34                
Chi_Cyg             297.64125           32.914167           4.23                
12_Vul              297.767083          22.61               4.95                
19_Cyg              297.641667          38.7225             5.12                
(297.655,40.6)      297.655417          40.599722           5.69                
(297.696,37.826)    297.695833          37.826389           6.06                
(298.015,11.629)    298.014583          11.628889           6.13                
55Eta_Aql           298.118333          1.005556            3.9                 
(298.277,-14.603)   298.276667          -14.603056          6.48                
(298.065,10.351)    298.065             10.351389           6.54                
(298.007,24.992)    298.006667          24.992222           5.57                
9_Sge               298.090833          18.671944           6.23                
(298.328,-3.114)    298.327917          -3.114444           5.65                
20_Cyg              297.657083          52.988056           5.03                
(297.831,47.377)    297.830833          47.377222           6.2                 
(298.574,-23.941)   298.57375           -23.941111          6.18                
(299.672,-69.164)   299.672083          -69.163889          5.75                
(298.344,4.401)     298.344167          4.400556            6.53                
Iot_Sgr             298.815417          -41.868333          4.13                
63Eps_Dra           297.043333          70.267778           3.83                
(298.068,36.432)    298.067917          36.432222           6.1                 
56_Aql              298.534167          -8.574167           5.79                
(298.771,-33.046)   298.77125           -33.046389          6.46                
(299.24,-57.926)    299.240417          -57.925556          6.53                
(299.276,-58.901)   299.275833          -58.901389          5.26                
(299.721,-68.762)   299.720833          -68.762222          6.39                
(297.996,47.028)    297.99625           47.0275             5.62                
Eps_Pav             300.147917          -72.910556          3.96                
(298.03,47.932)     298.03              47.931944           5.91                
13_Vul              298.365417          24.079722           4.58                
57_Aql              298.656667          -8.227222           5.71                
57_Aql              298.65875           -8.237222           6.49                
59Xi_Aql            298.562083          8.461389            4.71                
58_Aql              298.686667          0.273611            5.61                
58Ome_Sgr           298.96              -26.299444          4.7                 
(298.668,7.14)      298.667917          7.140278            6.15                
(298.832,-6.734)    298.831667          -6.734167           6.51                
(298.255,47.808)    298.255             47.8075             6.29                
(298.63,24.319)     298.629583          24.319444           5.52                
60Bet_Aql           298.828333          6.406667            3.71                
Mu_1Pav             300.095833          -66.949444          5.76                
59_Sgr              299.236667          -27.17              4.52                
(299.422,-38.058)   299.422083          -38.058333          6.55                
(298.701,36.996)    298.70125           36.996111           5.76                
(298.777,30.195)    298.777083          30.195278           6.57                
23_Cyg              298.3225            57.523611           5.14                
10_Sge              299.005417          16.634722           5.36                
61Phi_Aql           299.059583          11.423889           5.28                
(298.398,59.709)    298.3975            59.708889           6.06                
Mu_2Pav             300.468333          -66.944167          5.31                
22_Cyg              298.965417          38.486667           4.94                
61_Sgr              299.4875            -15.491389          5.02                
21Eta_Cyg           299.076667          35.083333           3.89                
(299.251,20.998)    299.250833          20.998056           6.48                
(299.735,-30.538)   299.735             -30.538056          6.28                
60_Sgr              299.738333          -26.195556          4.83                
24Psi_Cyg           298.9075            52.438889           4.92                
(299.184,36.251)    299.184167          36.250833           6.02                
(300.105,-49.351)   300.105417          -49.351111          6.17                
11_Sge              299.439167          16.789167           5.53                
The1Sgr             299.934167          -35.276389          4.37                
The2Sgr             299.96375           -34.697778          5.3                 
(300.436,-59.376)   300.43625           -59.376111          5.13                
(298.842,58.25)     298.842083          58.250278           6.09                
(300.11,-43.043)    300.110417          -43.043333          6.14                
(299.308,40.368)    299.307917          40.368056           5.45                
(300.066,-37.702)   300.06625           -37.702222          5.95                
(300.201,-45.113)   300.20125           -45.113056          5.81                
(300.085,-33.704)   300.084583          -33.703889          5.66                
(299.188,50.902)    299.187917          50.9025             6.43                
(298.981,58.846)    298.980833          58.846111           4.96                
(299.079,56.687)    299.079167          56.686944           6.12                
12Gam_Sge           299.689167          19.492222           3.47                
(299.845,1.378)     299.844583          1.377778            6.17                
(299.948,-9.958)    299.9475            -9.958333           5.88                
(299.484,42.261)    299.484167          42.260833           6.43                
(300.36,-40.814)    300.36              -40.814167          6.29                
(299.658,30.984)    299.658333          30.983611           5.49                
14_Vul              299.79375           23.101389           5.67                
(299.643,38.106)    299.643333          38.105556           6.32                
(300.35,-22.737)    300.349583          -22.737222          6.01                
(301.387,-67.321)   301.386667          -67.320833          6.07                
13_Sge              300.01375           17.516667           5.37                
(299.835,45.772)    299.835417          45.772222           5.92                
25_Cyg              299.98              37.042778           5.19                
(300.245,8.558)     300.245417          8.558056            5.91                
63_Sgr              300.494167          -13.636944          5.71                
62_Sgr              300.664583          -27.709722          4.58                
(299.814,52.056)    299.814167          52.055833           6.15                
(300.89,-37.941)    300.889583          -37.940833          4.77                
15_Vul              300.275417          27.753611           4.64                
(299.62,63.534)     299.619583          63.534167           5.96                
(300.314,37.099)    300.31375           37.098889           6.2                 
(300.436,24.8)      300.43625           24.800278           5.88                
16_Vul              300.505833          24.938056           5.22                
(300.935,-22.596)   300.934583          -22.595556          6.45                
(301.082,-32.056)   301.081667          -32.056389          4.99                
26_Cyg              300.34              50.104722           5.05                
(301.005,-7.47)     301.005             -7.469722           6.72                
(300.818,18.501)    300.818333          18.500556           5.96                
(302.085,-66.355)   302.085417          -66.354722          6.45                
(300.875,16.031)    300.875             16.031389           5.67                
Del_Pav             302.181667          -66.181944          3.56                
(299.675,70.367)    299.674583          70.366944           6.33                
62_Aql              301.096667          -0.709444           5.68                
(301.384,-33.0)     301.38375           -33.0               6.53                
63Tau_Aql           301.034583          7.278056            5.52                
(300.906,29.897)    300.905833          29.896667           5.71                
(301.272,-11.599)   301.2725            -11.599444          6.34                
15_Sge              301.025833          17.07               5.8                 
Xi_Tel              301.846667          -52.880833          4.94                
(301.896,-55.016)   301.89625           -55.016389          6.26                
65_Sgr              301.36              -12.665278          6.55                
64_Dra              300.36875           64.821111           5.27                
(301.244,23.21)     301.244167          23.210278           6.45                
(301.15,32.219)     301.150417          32.218611           5.64                
16Eta_Sge           301.289583          19.991111           5.1                 
(301.36,15.5)       301.360417          15.500278           6.34                
(301.551,-4.078)    301.550833          -4.078333           6.47                
65_Dra              300.584583          64.634444           6.57                
(301.291,38.478)    301.290833          38.478333           6.19                
(301.12,48.23)      301.12              48.229722           6.16                
67Rho_Dra           300.704583          67.873611           4.51                
69_Dra              299.9025            76.481389           6.2                 
(301.278,51.839)    301.277917          51.839444           6.14                
17_Vul              301.7225            23.614444           5.07                
27_Cyg              301.590833          35.9725             5.36                
64_Aql              302.0075            -0.678333           5.99                
(302.78,-57.524)    302.78              -57.523889          6.37                
(301.34,56.341)     301.339583          56.341389           6.21                
(301.96,9.4)        301.959583          9.399722            6.43                
(302.13,-10.063)    302.130417          -10.062778          6.18                
(301.186,63.891)    301.185833          63.890556           6.26                
(302.027,16.664)    302.027083          16.664167           6.42                
(301.558,53.166)    301.5575            53.165833           5.85                
(306.227,-83.311)   306.226667          -83.310556          6.17                
(301.922,34.423)    301.9225            34.423056           6.11                
(302.16,10.726)     302.159583          10.725833           6.31                
66_Dra              301.386667          61.995556           5.39                
(301.798,50.229)    301.797917          50.229167           6.54                
(302.8,-36.101)     302.799583          -36.101111          5.32                
(301.222,68.027)    301.222083          68.027222           6.28                
17The_Sge           302.485833          20.915278           6.48                
(303.1,-42.781)     303.099583          -42.780556          6.22                
(303.612,-63.416)   303.612083          -63.415833          6.09                
28_Cyg              302.356667          36.839722           4.93                
(302.792,-8.842)    302.792083          -8.842222           6.49                
65The_Aql           302.82625           -0.821389           3.23                
18_Vul              302.639583          26.904167           5.52                
1Xi_1Cap            302.99125           -12.3925            6.34                
(302.765,21.135)    302.764583          21.134722           6.22                
(303.579,-52.446)   303.579167          -52.445556          5.65                
2Xi_2Cap            303.107917          -12.6175            5.85                
(302.838,21.876)    302.837917          21.875556           6.26                
(303.147,0.868)     303.146667          0.8675              6.27                
19_Vul              302.95              26.808889           5.49                
20_Vul              303.002917          26.478889           5.92                
66_Aql              303.307917          -1.009444           5.47                
(303.016,47.737)    303.015833          47.736944           6.92                
(303.822,-27.033)   303.8225            -27.032778          5.73                
(303.419,24.239)    303.419167          24.238889           6.56                
67Rho_Aql           303.569167          15.1975             4.95                
(303.961,-30.005)   303.960833          -30.005278          6.3                 
(303.132,51.464)    303.1325            51.463611           6.01                
68_Dra              302.895417          62.078611           5.75                
(304.099,-36.454)   304.09875           -36.454444          6.39                
(304.11,-35.198)    304.110417          -35.197778          6.53                
30_Cyg              303.325             46.815833           4.83                
21_Vul              303.560417          28.694722           5.18                
(304.762,-63.231)   304.7625            -63.231111          6.27                
(303.428,43.379)    303.428333          43.379167           6.14                
(303.521,36.605)    303.520833          36.605278           6.45                
31_Cyg              303.407917          46.741389           3.79                
29_Cyg              303.633333          36.806389           4.97                
(303.59,42.104)     303.59              42.103611           6.71                
3_Cap               304.095             -12.336944          6.32                
(303.816,25.592)    303.81625           25.591944           4.78                
33_Cyg              303.349583          56.567778           4.3                 
22_Vul              303.875833          23.508611           5.15                
(303.365,60.641)    303.365417          60.640556           5.79                
(303.849,33.729)    303.84875           33.729444           5.66                
23_Vul              303.942083          27.814167           4.52                
(304.733,-47.711)   304.733333          -47.710833          6.31                
18_Sge              304.082083          21.598611           6.13                
5Alp1Cap            304.412083          -12.508333          4.24                
4_Cap               304.505833          -21.81              5.87                
(304.825,-47.58)    304.824583          -47.580278          6.13                
1Kap_Cep            302.222083          77.711389           4.39                
32_Cyg              303.867917          47.714444           3.98                
(304.014,38.898)    304.014167          38.897778           6.27                
24_Vul              304.19625           24.671111           5.32                
6Alp2Cap            304.51375           -12.544722          3.57                
(303.931,50.233)    303.930833          50.232778           6.31                
(304.002,45.579)    304.0025            45.579444           5.91                
(304.118,37.056)    304.1175            37.056389           6.48                
(305.135,-55.051)   305.134583          -55.050833          6.27                
(304.23,40.365)     304.230417          40.365              5.24                
(304.381,29.148)    304.38125           29.148056           6.22                
7Sig_Cap            304.848333          -19.118611          5.28                
(304.371,42.722)    304.37125           42.721944           6.29                
34_Cyg              304.446667          38.033056           4.81                
(305.117,-29.197)   305.117083          -29.197222          6.3                 
(305.216,-35.674)   305.21625           -35.673611          6.46                
(305.421,-49.999)   305.420833          -49.999444          6.27                
(304.529,40.732)    304.529167          40.732222           5.84                
(304.93,-1.079)     304.930417          -1.078611           6.06                
36_Cyg              304.619167          37.0                5.58                
35_Cyg              304.662917          34.982778           5.17                
(304.872,13.217)    304.871667          13.216944           6.21                
(305.109,-6.362)    305.10875           -6.361667           6.63                
8Nu_Cap             305.165833          -12.759167          4.76                
(305.001,13.548)    305.000833          13.548056           5.95                
(305.194,-14.785)   305.194167          -14.785             6.1                 
9Bet_Cap            305.252917          -14.781389          3.08                
(304.707,46.323)    304.706667          46.322778           6.45                
(305.085,14.569)    305.085417          14.569167           6.13                
Kap1Sgr             305.614583          -42.049722          5.59                
(305.089,17.793)    305.089167          17.793056           5.8                 
(304.603,55.397)    304.603333          55.397222           5.76                
(304.951,37.132)    304.95125           37.1325             6.57                
(304.38,66.854)     304.380417          66.853889           5.93                
(305.063,39.403)    305.063333          39.403333           6.23                
(308.323,-80.965)   308.322917          -80.965             5.77                
(304.984,46.838)    304.98375           46.8375             6.5                 
Kap2Sgr             305.971667          -42.422778          5.64                
(305.753,-9.655)    305.753333          -9.654722           6.3                 
25_Vul              305.514167          24.446111           5.54                
Alp_Pav             306.412083          -56.735             1.94                
(305.127,53.596)    305.126667          53.596111           6.18                
71_Dra              304.902917          62.2575             5.72                
(305.718,14.551)    305.717917          14.551389           6.17                
(305.795,5.343)     305.794583          5.343056            5.31                
(305.512,41.131)    305.5125            41.131389           6.39                
37Gam_Cyg           305.557083          40.256667           2.2                 
(305.656,31.265)    305.655833          31.265              6.09                
(305.522,45.795)    305.5225            45.795              5.58                
(306.45,-40.796)    306.449583          -40.796389          6.09                
(305.689,41.026)    305.68875           41.026111           5.93                
(306.362,-28.663)   306.361667          -28.663333          5.85                
(305.731,42.983)    305.73125           42.983333           6.2                 
(306.156,1.069)     306.15625           1.068611            6.15                
(305.025,68.88)     305.025             68.880278           5.55                
(305.298,63.98)     305.2975            63.980278           5.69                
39_Cyg              305.965417          32.19               4.43                
(305.935,37.476)    305.935             37.476389           5.9                 
(306.721,-37.403)   306.720833          -37.403056          6.25                
(306.427,-2.8)      306.427083          -2.800278           6.11                
(306.433,10.056)    306.433333          10.056389           6.33                
(306.419,21.41)     306.41875           21.409722           5.66                
(309.578,-81.289)   309.5775            -81.288889          5.91                
(306.505,19.865)    306.505             19.865              6.41                
10Pi_Cap            306.83              -18.211667          5.25                
(306.135,53.552)    306.135             53.551944           6.51                
(306.597,17.316)    306.596667          17.315556           6.22                
(307.195,-35.596)   307.194583          -35.595833          6.1                 
(306.271,59.6)      306.27125           59.6                6.44                
(307.182,-15.742)   307.181667          -15.741667          6.41                
(307.031,8.438)     307.03125           8.4375              6.25                
68_Aql              307.10375           -3.357778           6.13                
11Rho_Cap           307.215             -17.813611          4.78                
(306.782,34.329)    306.782083          34.328889           6.39                
(307.07,2.937)      307.07              2.936944            6.21                
(307.38,-22.392)    307.380417          -22.391667          6.16                
40_Cyg              306.892917          38.440278           5.62                
(306.598,56.639)    306.597917          56.638889           6.36                
43_Cyg              306.759583          49.383333           5.69                
12Omi_Cap           307.46875           -18.586667          6.74                
12Omi_Cap           307.474583          -18.583333          5.94                
69_Aql              307.4125            -2.885556           4.91                
(307.737,-29.112)   307.736667          -29.1125            6.39                
(307.338,20.088)    307.337917          20.087778           6.55                
41_Cyg              307.34875           30.368611           4.01                
42_Cyg              307.335             36.454722           5.88                
1_Del               307.575             10.895833           6.08                
(307.768,-15.056)   307.767917          -15.056389          6.12                
(308.965,-69.611)   308.965417          -69.611111          6.11                
(307.742,20.606)    307.742083          20.605833           6.18                
(307.804,11.261)    307.804167          11.260556           7.11                
(307.5,45.929)      307.499583          45.928611           6.41                
(308.218,-24.944)   308.218333          -24.943889          6.36                
(307.363,56.068)    307.362917          56.068056           5.91                
45Ome1Cyg           307.514583          48.951667           4.95                
(308.099,-9.853)    308.09875           -9.853333           5.65                
Nu_Mic              308.479583          -44.516111          5.11                
44_Cyg              307.746667          36.935833           6.19                
Phi1Pav             308.895             -60.581667          4.76                
(307.992,25.804)    307.9925            25.804444           6.34                
2The_Cep            307.395417          62.994167           4.22                
46Ome2Cyg           307.828333          49.220278           5.44                
2Eps_Del            308.303333          11.303333           4.03                
(308.731,-38.09)    308.73125           -38.089722          6.44                
(307.838,52.31)     307.837917          52.309722           6.18                
(308.549,-13.721)   308.54875           -13.721111          6.13                
(308.698,-30.474)   308.6975            -30.473611          6.4                 
(308.473,10.06)     308.473333          10.059722           6.56                
3Eta_Del            308.4875            13.027222           5.38                
Rho_Pav             309.397083          -61.53              4.88                
(307.944,56.78)     307.94375           56.78               6.14                
(308.218,43.192)    308.217917          43.191667           6.6                 
(308.542,20.985)    308.541667          20.985278           6.48                
Mu_1Oct             310.512083          -76.180556          6.0                 
Mu_2Oct             310.432083          -75.350556          6.55                
(308.884,-16.526)   308.884167          -16.525833          6.19                
47_Cyg              308.475833          35.250833           4.61                
(308.452,41.772)    308.451667          41.772222           6.49                
(307.503,72.532)    307.502917          72.531667           6.27                
Alp_Ind             309.391667          -47.291389          3.11                
(308.479,46.694)    308.47875           46.693889           5.78                
4Zet_Del            308.827083          14.674167           4.68                
(309.964,-62.908)   309.964167          -62.907778          6.22                
70_Aql              309.181667          -2.55               4.89                
26_Vul              309.034583          25.8825             6.41                
Phi2Pav             310.010833          -60.548889          5.12                
(308.71,51.854)     308.71              51.854167           6.11                
(309.467,-25.109)   309.467083          -25.108889          6.36                
(309.326,0.097)     309.32625           0.096944            6.22                
73_Dra              307.876667          74.954722           5.2                 
27_Vul              309.269583          26.461944           5.59                
Ups_Pav             310.487917          -66.760833          5.15                
6Bet_Del            309.3875            14.595278           3.63                
5Iot_Del            309.454583          11.377778           5.43                
71_Aql              309.584583          -1.105278           4.32                
48_Cyg              309.3825            31.5725             6.32                
(309.478,18.269)    309.4775            18.269167           6.25                
(309.386,31.522)    309.385833          31.521944           6.49                
(309.348,38.329)    309.348333          38.328611           6.2                 
14Tau_Cap           309.818333          -14.954722          5.22                
(309.805,-2.413)    309.805             -2.412778           6.22                
29_Vul              309.630417          21.201111           4.82                
8The_Del            309.682917          13.315              5.72                
(310.082,-33.432)   310.0825            -33.431944          5.47                
28_Vul              309.632917          24.116111           5.04                
(309.646,23.681)    309.64625           23.680556           5.91                
7Kap_Del            309.7825            10.086111           5.05                
1_Aqr               309.85375           0.486389            5.16                
(310.049,-23.774)   310.04875           -23.773889          6.37                
(309.771,15.838)    309.770833          15.838056           5.97                
15Ups_Cap           310.0125            -18.138611          5.1                 
75_Dra              307.060833          81.422778           5.46                
(310.15,-26.645)    310.15              -26.645             6.51                
(309.794,21.817)    309.794167          21.817222           6.08                
(309.748,30.334)    309.747917          30.334444           5.68                
(310.135,-16.124)   310.135417          -16.124167          5.8                 
9Alp_Del            309.909583          15.911944           3.77                
(309.966,11.25)     309.965833          11.249722           6.42                
74_Dra              307.364583          81.091389           5.96                
(310.349,-31.598)   310.34875           -31.598333          5.76                
(310.35,-26.0)      310.350417          -26.0               6.28                
(309.889,40.579)    309.88875           40.579444           6.06                
(309.846,45.667)    309.84625           45.666944           6.58                
Bet_Pav             311.239583          -66.203056          3.42                
(310.188,19.935)    310.188333          19.935278           6.45                
(310.721,-39.559)   310.720833          -39.558611          6.29                
(309.751,56.005)    309.750833          56.005              6.48                
(310.151,29.805)    310.150833          29.805278           6.08                
10_Del              310.3175            14.583056           5.99                
(310.013,43.459)    310.012917          43.458611           5.95                
Eta_Ind             311.009583          -51.921111          4.51                
49_Cyg              310.260833          32.307222           5.51                
(310.252,39.082)    310.251667          39.082222           6.51                
(310.492,17.521)    310.4925            17.521389           6.22                
50Alp_Cyg           310.357917          45.280278           1.25                
(310.075,60.505)    310.074583          60.505278           6.01                
(310.485,41.717)    310.485417          41.716944           5.67                
(310.592,35.456)    310.5925            35.456111           6.66                
11Del_Del           310.864583          15.074444           4.43                
51_Cyg              310.5525            50.34               5.39                
(307.263,83.626)    307.262917          83.625556           6.19                
(311.305,-27.247)   311.305             -27.247222          6.5                 
(310.851,35.588)    310.850833          35.587778           6.47                
(311.584,-39.199)   311.58375           -39.199167          5.5                 
Sig_Pav             312.325417          -68.776389          5.41                
(311.578,-36.12)    311.5775            -36.120278          6.49                
16Psi_Cap           311.52375           -25.270833          4.14                
17_Cap              311.541667          -21.514167          5.93                
(310.665,60.601)    310.665417          60.601389           6.15                
30_Vul              311.21875           25.270556           4.91                
(310.806,57.114)    310.80625           57.114167           6.32                
(311.368,18.09)     311.3675            18.090278           6.38                
52_Cyg              311.415417          30.719722           4.22                
Iot_Mic             312.121667          -43.988611          5.11                
(311.092,56.488)    311.091667          56.488056           5.78                
4_Cep               310.795833          66.6575             5.58                
(311.765,-2.487)    311.765             -2.486667           6.27                
12Gam1Del           311.66125           16.124444           5.14                
12Gam2Del           311.664583          16.124167           4.27                
53Eps_Cyg           311.552917          33.970278           2.46                
2Eps_Aqr            311.919167          -9.495833           3.77                
3_Aqr               311.934167          -5.027778           4.42                
Zet_Ind             312.370833          -46.226944          4.89                
13_Del              311.95125           6.008333            5.58                
(311.949,3.307)     311.949167          3.306667            6.4                 
(311.338,57.58)     311.337917          57.579722           4.51                
(311.795,34.374)    311.795             34.374167           4.92                
3Eta_Cep            311.3225            61.838889           3.43                
(311.66,46.532)     311.660417          46.531667           6.3                 
(312.91,-62.429)    312.909583          -62.429167          6.28                
(312.912,-62.429)   312.911667          -62.429167          6.59                
(312.323,-25.781)   312.323333          -25.781389          5.86                
(311.588,52.995)    311.588333          52.995278           6.33                
54Lam_Cyg           311.852083          36.490833           4.53                
(312.335,-18.036)   312.335417          -18.035833          6.21                
Alp_Mic             312.492083          -33.779722          4.9                 
(311.837,45.58)     311.836667          45.579722           6.4                 
(311.138,69.752)    311.137917          69.751944           6.41                
Iot_Ind             312.875417          -51.608333          5.05                
(311.955,47.832)    311.955417          47.831944           5.57                
(312.696,-32.054)   312.69625           -32.054444          6.36                
(312.753,-37.913)   312.752917          -37.913333          5.52                
(311.97,52.407)     311.97              52.407222           6.27                
15_Del              312.4075            12.545278           5.98                
14_Del              312.45125           7.864167            6.33                
(312.496,5.545)     312.49625           5.544722            6.21                
(312.674,-12.545)   312.674167          -12.545             5.88                
55_Cyg              312.234583          46.114167           4.84                
(312.178,51.911)    312.177917          51.910556           6.29                
Bet_Mic             312.995             -33.177222          6.04                
18Ome_Cap           312.955417          -26.919167          4.11                
(312.654,18.051)    312.654167          18.051389           6.52                
4_Aqr               312.857083          -5.626389           5.99                
(312.478,46.661)    312.477917          46.661111           6.33                
56_Cyg              312.520417          44.059444           5.04                
5_Aqr               313.03625           -5.506944           5.55                
Bet_Ind             313.7025            -58.454167          3.65                
(313.418,-39.81)    313.4175            -39.81              5.35                
(312.868,28.251)    312.8675            28.250556           5.77                
(313.255,-23.783)   313.255             -23.783056          6.33                
6Mu_Aqr             313.163333          -8.983333           4.73                
(313.354,-30.719)   313.354167          -30.718611          6.35                
(313.646,-50.728)   313.645833          -50.727778          6.24                
(312.322,64.042)    312.3225            64.042222           6.45                
(313.273,-11.574)   313.273333          -11.573611          6.38                
31_Vul              313.032083          27.096944           4.59                
(313.001,32.849)    313.00125           32.849167           6.44                
(313.528,-27.926)   313.528333          -27.925556          6.41                
(313.493,-6.89)     313.493333          -6.889722           6.44                
(313.281,29.649)    313.280833          29.649444           6.34                
19_Cap              313.699583          -17.923056          5.78                
57_Cyg              313.311667          44.387222           4.78                
76_Dra              310.646667          82.531111           5.75                
(313.328,45.182)    313.3275            45.181944           5.45                
(313.36,42.41)      313.36              42.410278           6.66                
(313.475,33.438)    313.474583          33.437778           5.47                
(313.784,-1.373)    313.78375           -1.373333           6.55                
(313.593,28.522)    313.593333          28.521944           6.56                
32_Vul              313.64              28.0575             5.01                
(313.593,40.703)    313.592917          40.703056           6.7                 
(313.92,4.533)      313.919583          4.532778            6.05                
17_Del              313.902917          13.721389           5.17                
16_Del              313.910833          12.568611           5.58                
(314.197,-26.296)   314.197083          -26.296389          5.7                 
(314.076,-3.561)    314.07625           -3.561389           6.57                
7_Aqr               314.225             -9.6975             5.51                
(311.889,80.552)    311.889167          80.552222           5.39                
(314.294,0.464)     314.294167          0.463611            6.05                
(314.419,-16.032)   314.419167          -16.031667          5.87                
(315.367,-68.21)    315.367083          -68.209722          6.37                
(313.958,47.418)    313.9575            47.417778           5.67                
Alp_Oct             316.179167          -77.023889          5.15                
(314.054,51.075)    314.05375           51.075              6.63                
(314.145,44.925)    314.144583          44.925              5.96                
(314.675,-14.483)   314.674583          -14.482778          6.01                
(314.106,50.729)    314.10625           50.728611           5.81                
(314.108,49.196)    314.107917          49.195833           5.9                 
(315.09,-51.265)    315.089583          -51.265278          5.76                
58Nu_Cyg            314.293333          41.167222           3.94                
(314.071,56.888)    314.070833          56.8875             6.23                
18_Del              314.607917          10.839167           5.48                
(314.999,-36.13)    314.99875           -36.129722          6.11                
33_Vul              314.568333          22.325833           5.31                
20_Cap              314.900417          -19.035278          6.25                
1Eps_Equ            314.768333          4.293611            5.23                
(314.581,44.472)    314.58125           44.471667           5.55                
(314.628,41.94)     314.628333          41.940278           6.16                
(314.962,16.824)    314.961667          16.824167           6.66                
(315.016,7.516)     315.01625           7.516389            5.99                
Gam_Mic             315.322917          -32.257778          4.67                
(314.625,50.462)    314.625417          50.462222           5.61                
11_Aqr              315.140833          -4.730278           6.21                
(315.552,-43.002)   315.5525            -43.001944          6.64                
(313.685,75.926)    313.684583          75.925556           6.05                
(315.115,19.329)    315.115417          19.329444           5.65                
(315.439,-26.881)   315.43875           -26.881111          6.05                
(315.613,-38.531)   315.613333          -38.530556          5.94                
59_Cyg              314.956667          47.521111           4.74                
Zet_Mic             315.741667          -38.631667          5.3                 
(314.856,59.439)    314.855833          59.438611           5.51                
(315.792,-27.732)   315.7925            -27.731944          6.25                
(315.304,36.026)    315.30375           36.026111           5.97                
(317.2,-76.212)     317.199583          -76.2125            6.58                
60_Cyg              315.295417          46.155833           5.37                
(315.748,-0.925)    315.748333          -0.924722           6.5                 
Mu_Ind              316.309167          -54.727222          5.16                
(315.762,1.532)     315.7625            1.531944            6.25                
(315.758,14.73)     315.7575            14.73               6.31                
12_Aqr              316.019167          -5.823333           7.31                
12_Aqr              316.019583          -5.823056           5.89                
22Eta_Cap           316.10125           -19.855             4.84                
(317.343,-73.173)   317.342917          -73.173056          5.68                
(315.6,44.791)      315.600417          44.791111           6.19                
(315.77,38.658)     315.77              38.6575             6.07                
(315.702,45.849)    315.702083          45.848889           6.48                
(315.538,56.67)     315.537917          56.669722           5.83                
3_Equ               316.144583          5.502778            5.61                
(316.174,2.942)     316.17375           2.941944            6.42                
(316.189,2.27)      316.189167          2.269722            6.33                
Eta_Mic             316.60625           -41.386111          5.53                
Del_Mic             316.505             -30.125             5.68                
(315.967,41.628)    315.967083          41.628056           6.33                
(315.858,50.352)    315.858333          50.351944           6.37                
(317.137,-63.929)   317.137083          -63.928889          5.76                
(315.93,46.862)     315.930417          46.861944           6.32                
23The_Cap           316.486667          -17.232778          4.07                
(316.603,-32.342)   316.602917          -32.341667          5.18                
4_Equ               316.36125           5.958333            5.94                
(315.948,53.286)    315.948333          53.286111           5.9                 
62Xi_Cyg            316.232917          43.927778           3.72                
24_Cap              316.782083          -25.005833          4.5                 
(317.836,-72.544)   317.83625           -72.544167          6.2                 
(316.598,26.924)    316.597917          26.924444           6.12                
(316.936,-17.455)   316.935833          -17.455278          6.17                
(316.626,31.185)    316.62625           31.184722           5.82                
61_Cyg              316.7275            38.745833           5.21                
61_Cyg              316.730417          38.743333           6.03                
25Chi_Cap           317.14              -21.193611          5.3                 
(316.89,15.659)     316.89              15.658611           6.34                
63_Cyg              316.650417          47.648333           4.55                
(317.118,6.989)     317.1175            6.989444            6.15                
27_Cap              317.3875            -20.556389          6.25                
Omi_Pav             318.335417          -70.126389          5.02                
13Nu_Aqr            317.39875           -11.371667          4.51                
(317.162,30.206)    317.162083          30.205833           5.59                
(317.493,2.943)     317.492917          2.943333            6.45                
(317.695,-9.354)    317.695417          -9.353889           6.27                
5Gam_Equ            317.585417          10.131667           4.69                
6_Equ               317.63              10.048889           6.07                
(316.597,71.432)    316.597083          71.431944           5.87                
(318.057,-40.269)   318.056667          -40.269444          5.83                
(317.633,22.455)    317.633333          22.454722           6.68                
(317.922,-14.472)   317.922083          -14.472222          6.48                
(317.494,45.502)    317.494167          45.5025             6.63                
(318.263,-39.425)   318.262917          -39.425278          5.26                
(317.766,36.299)    317.76625           36.299167           6.54                
(317.565,53.563)    317.565             53.563333           5.73                
(317.629,47.692)    317.629167          47.691944           6.46                
(318.329,-36.424)   318.32875           -36.423889          5.96                
(317.37,63.296)     317.370417          63.295556           6.54                
(318.322,-27.619)   318.322083          -27.619444          5.42                
(319.567,-75.347)   319.567083          -75.346667          6.63                
(316.372,78.126)    316.372083          78.126389           5.91                
(317.383,68.49)     317.383333          68.490278           7.33                
(318.941,-53.263)   318.94125           -53.263056          5.75                
64Zet_Cyg           318.234167          30.226944           3.2                 
(318.37,15.982)     318.37              15.9825             6.27                
(318.811,-40.506)   318.81125           -40.506389          6.21                
(318.57,-10.605)    318.569583          -10.605278          6.77                
(317.951,59.986)    317.950833          59.986389           5.64                
(318.36,36.634)     318.359583          36.633611           6.05                
(318.654,0.092)     318.654167          0.092222            6.38                
(318.778,-17.345)   318.7775            -17.345             6.04                
7Del_Equ            318.620417          10.006944           4.49                
(318.945,-36.211)   318.945             -36.210833          6.12                
(319.501,-64.682)   319.50125           -64.681667          6.31                
(318.543,29.901)    318.542917          29.901111           6.17                
28Phi_Cap           318.907917          -20.651667          5.24                
29_Cap              318.937083          -15.171389          5.28                
(323.018,-84.81)    323.0175            -84.81              6.45                
65Tau_Cyg           318.697917          38.045556           3.72                
8Alp_Equ            318.955833          5.247778            3.92                
(319.165,-1.608)    319.165             -1.607778           6.48                
(318.428,64.404)    318.4275            64.403889           6.39                
(319.306,-13.279)   319.30625           -13.278889          6.4                 
Eps_Mic             319.484583          -32.1725            4.71                
(318.903,47.974)    318.903333          47.973611           6.46                
30_Cap              319.48875           -17.985278          5.43                
(319.123,42.251)    319.123333          42.251389           6.43                
31_Cap              319.565417          -17.462222          7.05                
The_Ind             319.966667          -53.449722          4.39                
15_Aqr              319.54625           -4.519444           5.82                
(319.727,-28.766)   319.726667          -28.765556          6.4                 
67Sig_Cyg           319.354167          39.394722           4.23                
(319.347,42.683)    319.346667          42.683333           6.19                
(320.04,-45.022)    320.039583          -45.022222          6.0                 
66Ups_Cyg           319.479583          34.896944           4.43                
(319.258,53.998)    319.258333          53.9975             6.13                
(319.941,-26.353)   319.940833          -26.353056          6.56                
(319.717,11.203)    319.716667          11.203333           5.96                
(319.31,55.798)     319.309583          55.798056           5.98                
The1Mic             320.19              -40.809722          4.82                
(320.318,-49.938)   320.318333          -49.937778          6.38                
(319.328,58.612)    319.328333          58.611667           6.42                
68_Cyg              319.613333          43.945833           5.0                 
(319.73,41.041)     319.730417          41.040833           6.15                
(321.07,-69.734)    321.069583          -69.734167          6.41                
(319.842,38.238)    319.8425            38.2375             5.83                
(320.058,22.026)    320.058333          22.026389           6.29                
(321.325,-71.799)   321.325417          -71.799444          6.09                
16_Aqr              320.267917          -4.56               5.87                
(319.87,49.51)      319.87              49.510278           5.76                
5Alp_Cep            319.645             62.585556           2.44                
9_Equ               320.27              7.354444            5.82                
(319.816,58.624)    319.815833          58.623611           5.66                
(320.268,23.856)    320.268333          23.855833           5.57                
(320.209,32.453)    320.20875           32.452778           5.68                
32Iot_Cap           320.561667          -16.834444          4.28                
(318.926,77.012)    318.925833          77.012222           5.95                
(320.342,32.613)    320.341667          32.612778           6.04                
(320.256,40.346)    320.255833          40.345556           6.4                 
6_Cep               319.8425            64.871944           5.18                
(320.752,-22.669)   320.752083          -22.668889          5.6                 
1_Peg               320.521667          19.804444           4.08                
(318.34,81.231)     318.339583          81.230833           6.15                
17_Aqr              320.734583          -9.319444           5.99                
(323.477,-82.683)   323.476667          -82.683056          6.38                
(321.087,-46.615)   321.086667          -46.615             6.31                
10Bet_Equ           320.723333          6.811111            5.16                
(320.14,60.757)     320.139583          60.756944           6.11                
The2Mic             321.103333          -41.006667          5.77                
Gam_Pav             321.610833          -65.366111          4.22                
(320.675,30.31)     320.674583          30.309722           6.05                
33_Cap              321.04              -20.851944          5.41                
(321.033,-22.747)   321.032917          -22.746944          6.38                
(320.502,49.389)    320.501667          49.388889           5.69                
(320.695,38.634)    320.695417          38.634167           6.63                
18_Aqr              321.047917          -12.878056          5.49                
Gam_Ind             321.564167          -54.660556          6.12                
(320.846,37.407)    320.845833          37.406667           6.58                
(320.995,24.274)    320.995             24.274167           5.71                
(321.102,10.174)    321.1025            10.174167           6.35                
20_Aqr              321.215417          -3.398333           6.36                
(320.951,37.351)    320.95125           37.351389           6.47                
(321.031,25.312)    321.030833          25.312222           6.15                
19_Aqr              321.304583          -9.748611           5.7                 
(322.187,-69.505)   322.187083          -69.505278          5.34                
(321.096,24.529)    321.09625           24.528889           6.32                
(321.142,26.174)    321.141667          26.174444           5.68                
21_Aqr              321.320833          -3.556667           5.49                
(321.595,-37.829)   321.595417          -37.829444          5.63                
(323.336,-80.039)   323.335833          -80.039167          6.47                
(321.757,-42.548)   321.756667          -42.547778          5.51                
(321.465,0.534)     321.464583          0.534444            6.46                
34Zet_Cap           321.666667          -22.411389          3.74                
(321.617,1.103)     321.617083          1.103333            6.13                
(321.231,49.323)    321.23125           49.323333           6.58                
35_Cap              321.811667          -21.196111          5.78                
(321.332,46.714)    321.331667          46.714444           5.6                 
69_Cyg              321.445833          36.6675             5.94                
(321.611,19.376)    321.61125           19.375556           6.07                
(322.251,-53.706)   322.25125           -53.705833          6.39                
(322.058,-11.568)   322.057917          -11.568333          6.61                
36_Cap              322.180833          -21.807222          4.51                
5_PsA               322.265833          -31.238611          6.5                 
70_Cyg              321.839167          37.116667           5.31                
(321.715,48.835)    321.715             48.835              5.31                
35_Vul              321.917083          27.608611           5.41                
(321.688,52.899)    321.6875            52.898611           6.03                
(322.103,8.196)     322.103333          8.195556            6.4                 
(322.035,32.225)    322.034583          32.225278           5.8                 
(322.25,17.906)     322.249583          17.905833           6.44                
(322.498,-19.148)   322.498333          -19.147778          6.57                
(322.25,22.179)     322.249583          22.179444           5.93                
(321.855,59.75)     321.855417          59.75               6.1                 
2_Peg               322.487083          23.638889           4.57                
(322.22,55.419)     322.219583          55.418611           6.12                
7_Cep               321.942083          66.809167           5.44                
71_Cyg              322.3625            46.540556           5.24                
Xi_Gru              323.024583          -41.179167          5.29                
6_PsA               323.060833          -33.944722          5.97                
(322.79,12.138)     322.79              12.1375             6.08                
22Bet_Aqr           322.889583          -5.571111           2.91                
(323.324,-52.738)   323.32375           -52.7375            6.41                
(324.734,-79.442)   324.734167          -79.4425            6.18                
(323.139,-24.591)   323.13875           -24.590556          6.43                
(323.348,-44.849)   323.347917          -44.848611          5.57                
(322.585,52.958)    322.585             52.958056           6.02                
8Bet_Cep            322.165             70.560833           3.23                
(321.207,80.525)    321.207083          80.524722           5.97                
(323.113,23.394)    323.112917          23.394444           6.7                 
(323.571,-42.925)   323.570833          -42.925             6.32                
(322.865,52.62)     322.864583          52.62               6.16                
(322.747,60.459)    322.747083          60.459444           5.53                
(323.721,-29.696)   323.720833          -29.696111          6.41                
37_Cap              323.7125            -20.084444          5.69                
(323.236,49.978)    323.235833          49.977778           5.75                
(323.816,-23.454)   323.81625           -23.454167          6.4                 
(323.325,45.854)    323.324583          45.854167           6.25                
(324.512,-64.824)   324.512083          -64.824167          6.2                 
(323.642,22.755)    323.641667          22.754722           6.47                
(323.823,-3.983)    323.823333          -3.983056           5.77                
73Rho_Cyg           323.495417          45.591944           4.02                
8_PsA               324.045833          -26.171389          5.73                
Nu_Oct              325.36875           -77.39              3.76                
72_Cyg              323.694167          38.534167           4.9                 
7_PsA               324.20375           -33.048056          6.11                
(323.829,28.197)    323.829167          28.197222           6.31                
(323.862,24.452)    323.8625            24.452222           6.11                
(323.615,51.698)    323.614583          51.698333           6.15                
39Eps_Cap           324.27              -19.466111          4.68                
(324.058,30.056)    324.057917          30.055556           6.36                
(324.01,45.375)     324.01              45.374722           5.53                
(324.391,-0.39)     324.390833          -0.390278           6.25                
23Xi_Aqr            324.437917          -7.854167           4.69                
3_Peg               324.432083          6.618333            6.18                
74_Cyg              324.2375            40.413611           5.01                
5_Peg               324.439167          19.318611           5.45                
(324.775,-33.679)   324.775417          -33.679167          6.28                
(324.999,-52.359)   324.99875           -52.359167          6.21                
4_Peg               324.632917          5.771667            5.67                
(325.14,-55.738)    325.14              -55.7375            6.33                
(324.366,44.697)    324.36625           44.696667           6.2                 
(324.867,-10.577)   324.867083          -10.576944          6.08                
(324.688,25.499)    324.6875            25.498889           6.16                
(324.411,54.042)    324.41125           54.042222           6.15                
(324.755,20.265)    324.754583          20.265278           5.85                
25_Aqr              324.88875           2.243611            5.1                 
40Gam_Cap           325.022917          -16.662222          3.68                
9_Cep               324.48              62.081944           4.73                
Lam_Oct             327.72625           -82.719167          5.29                
(324.74,57.489)     324.74              57.489167           5.62                
(325.442,-25.102)   325.442083          -25.101944          6.49                
42_Cap              325.387083          -14.0475            5.18                
75_Cyg              325.04625           43.273889           5.11                
41_Cap              325.503333          -23.262778          5.24                
(326.37,-71.009)    326.37              -71.008889          6.01                
26_Aqr              325.542083          1.285278            5.67                
43Kap_Cap           325.664583          -18.866389          4.73                
7_Peg               325.564583          5.68                5.3                 
(325.18,54.872)     325.180417          54.872222           6.2                 
76_Cyg              325.392917          40.805278           6.11                
(325.638,10.825)    325.6375            10.824722           6.09                
(325.806,-19.621)   325.80625           -19.620833          6.22                
(341.369,-88.818)   341.369167          -88.818333          6.57                
44_Cap              325.768333          -14.399722          5.88                
NOVA_1876           0.0                 0.0                 0.0                 
(325.505,35.51)     325.504583          35.510278           6.07                
(325.535,45.766)    325.535             45.765833           6.17                
(326.123,-38.552)   326.122917          -38.5525            6.3                 
77_Cyg              325.595417          41.077222           5.69                
80Pi_1Cyg           325.52375           51.189722           4.67                
45_Cap              326.004167          -14.749444          5.99                
(326.329,-49.499)   326.329167          -49.498611          6.45                
(325.662,49.6)      325.662083          49.600278           6.09                
9Iot_PsA            326.236667          -33.025833          4.34                
(325.777,41.155)    325.776667          41.155              5.49                
79_Cyg              325.857083          38.283889           5.65                
8Eps_Peg            326.046667          9.875               2.39                
78Mu_1Cyg           326.035833          28.742778           4.73                
78Mu_2Cyg           326.034583          28.743056           6.08                
46_Cap              326.25125           -9.0825             5.09                
(325.689,59.271)    325.689167          59.271111           6.08                
9_Peg               326.127917          17.35               4.34                
(326.13,14.772)     326.130417          14.771944           5.94                
10Kap_Peg           326.16125           25.645              4.13                
Mu_Cep              325.876667          58.78               4.08                
11_Cep              325.480417          71.311389           4.56                
47_Cap              326.567917          -9.275833           6.0                 
48Lam_Cap           326.63375           -11.365833          5.58                
(326.435,35.857)    326.435417          35.857222           6.4                 
12_Peg              326.518333          22.948889           5.29                
49Del_Cap           326.76              -16.127222          2.87                
(327.066,-47.304)   327.065833          -47.303611          5.58                
(325.767,72.32)     325.766667          72.320278           5.17                
(326.6,25.563)      326.6               25.563333           6.28                
10The_PsA           326.934167          -30.898333          5.01                
(326.222,62.461)    326.222083          62.460556           5.95                
11_Peg              326.808333          2.686111            5.64                
(326.569,43.061)    326.569167          43.060833           6.54                
(326.77,17.194)     326.769583          17.194167           6.21                
(327.5,-64.713)     327.500417          -64.7125            5.62                
(326.909,-5.917)    326.90875           -5.917222           6.17                
Omi_Ind             327.69625           -69.629444          5.53                
10Nu_Cep            326.362083          61.120833           4.29                
81Pi_2Cyg           326.698333          49.309444           4.23                
(327.035,36.581)    327.034583          36.580556           6.47                
(327.421,-12.723)   327.42125           -12.723056          6.31                
(327.122,38.649)    327.1225            38.648611           6.12                
12_Cep              326.855417          60.692778           5.52                
(327.555,-16.845)   327.554583          -16.844722          6.38                
(327.362,20.462)    327.362083          20.4625             6.29                
(326.754,70.151)    326.754167          70.150833           6.29                
14_Peg              327.46125           30.174167           5.04                
13_Peg              327.53625           17.285556           5.29                
(327.417,41.149)    327.417083          41.148889           6.48                
(327.924,-18.623)   327.924167          -18.623056          6.16                
(327.329,61.273)    327.329167          61.272778           6.17                
(327.892,19.827)    327.8925            19.826667           5.77                
(327.77,39.537)     327.770417          39.536667           6.17                
(328.076,21.273)    328.075833          21.273056           6.89                
51Mu_Cap            328.324167          -13.551667          5.08                
(328.798,-61.886)   328.797917          -61.886389          5.9                 
Gam_Gru             328.482083          -37.365             3.01                
15_Peg              328.124583          28.793333           5.53                
(328.4,-10.312)     328.4               -10.311667          6.59                
16_Peg              328.265833          25.925              5.08                
(328.004,55.797)    328.004167          55.796944           5.71                
(328.406,19.668)    328.405833          19.668333           5.68                
(328.491,6.864)     328.490833          6.864444            6.15                
(328.543,-4.276)    328.543333          -4.276111           5.71                
(327.905,65.753)    327.905417          65.752778           6.37                
Pi_Ind              329.058333          -57.899444          6.19                
(328.65,-3.301)     328.649583          -3.301111           6.2                 
(328.572,19.718)    328.5725            19.718333           6.39                
(328.982,-30.606)   328.981667          -30.606389          6.41                
(329.095,-37.254)   329.095             -37.253611          5.46                
(329.259,-37.747)   329.259167          -37.746944          6.18                
Del_Ind             329.479583          -54.9925            4.4                 
Kap1Ind             329.625417          -59.012222          6.12                
(330.467,-77.662)   330.467083          -77.6625            6.41                
13_Cep              328.721667          56.611389           5.8                 
(329.1,21.24)       329.1               21.239722           6.4                 
17_Peg              329.235             12.076389           5.54                
(328.836,61.542)    328.83625           61.541944           6.13                
(328.88,65.321)     328.879583          65.320833           5.86                
(329.555,-5.425)    329.555417          -5.424722           6.33                
(329.259,48.669)    329.259167          48.668611           6.42                
(329.682,-21.183)   329.6825            -21.182778          6.12                
(329.825,-38.395)   329.824583          -38.395278          5.5                 
(330.766,-76.119)   330.765833          -76.118611          5.95                
(330.1,-55.883)     330.100417          -55.882778          6.01                
(329.729,-4.373)    329.729167          -4.373056           6.22                
(329.163,63.626)    329.162917          63.625556           4.91                
(329.296,66.156)    329.29625           66.156111           6.43                
18_Peg              330.032917          6.7175              6.0                 
12Eta_PsA           330.209167          -28.453611          5.42                
Eps_Ind             330.84              -56.786111          4.69                
(329.722,62.698)    329.7225            62.698333           5.93                
(329.846,57.658)    329.845833          57.658333           6.59                
28_Aqr              330.270833          0.605               5.58                
(330.112,33.006)    330.111667          33.006111           6.46                
20_Peg              330.2725            13.119722           5.6                 
19_Peg              330.288333          8.257222            5.65                
(330.55,-17.904)    330.549583          -17.903611          6.28                
(329.462,74.997)    329.4625            74.996667           6.35                
29_Aqr              330.610833          -16.964167          6.37                
(330.506,10.974)    330.505833          10.973889           6.37                
(330.822,-29.904)   330.821667          -29.904167          7.1                 
(330.164,62.488)    330.16375           62.488056           6.66                
16_Cep              329.8125            73.18               5.03                
30_Aqr              330.818333          -6.5225             5.54                
31Omi_Aqr           330.82875           -2.155278           4.69                
(330.461,52.882)    330.460833          52.882222           5.78                
21_Peg              330.829167          11.386389           5.8                 
13_PsA              331.099583          -29.916667          6.47                
14_Cep              330.519167          58.000556           5.56                
(330.736,44.65)     330.73625           44.65               5.6                 
(331.153,-26.822)   331.153333          -26.8225            5.96                
Kap2Ind             331.462083          -59.636111          5.62                
32_Aqr              331.1975            -0.906667           5.3                 
Lam_Gru             331.52875           -39.543333          4.46                
(331.143,32.942)    331.143333          32.941944           6.38                
22Nu_Peg            331.42              5.058611            4.84                
34Alp_Aqr           331.445833          -0.319722           2.96                
(331.298,26.674)    331.2975            26.673889           5.78                
18_Cep              330.970417          63.119722           5.29                
17Xi_Cep            330.9475            64.627778           4.29                
33Iot_Aqr           331.609167          -13.869722          4.27                
23_Peg              331.394583          28.963889           5.7                 
(332.677,-75.881)   332.677083          -75.880556          6.55                
(331.318,46.745)    331.318333          46.744722           6.13                
(331.461,45.112)    331.460833          45.112222           6.44                
(329.553,82.87)     329.552917          82.869722           6.98                
(331.508,45.014)    331.508333          45.014444           5.14                
Alp_Gru             332.058333          -46.961111          1.74                
20_Cep              331.252083          62.785556           5.27                
(331.463,48.232)    331.463333          48.231667           6.27                
19_Cep              331.287083          62.28               5.11                
(331.552,45.249)    331.551667          45.248611           6.19                
24Iot_Peg           331.752917          25.345              3.76                
14Mu_PsA            332.095833          -32.988611          4.5                 
(332.98,-76.116)    332.980417          -76.116111          6.15                
Ups_PsA             332.108333          -34.043889          4.99                
(331.556,56.343)    331.55625           56.343056           6.39                
(331.869,19.476)    331.869167          19.475556           5.75                
(331.875,18.001)    331.875             18.000556           6.35                
(332.178,-33.126)   332.177917          -33.125556          6.37                
25_Peg              331.959583          21.702778           5.78                
35_Aqr              332.245833          -18.519722          5.81                
(332.492,-48.107)   332.491667          -48.107222          6.43                
(332.072,25.544)    332.071667          25.543611           6.11                
(331.79,58.841)     331.79              58.840833           6.32                
(331.856,53.307)    331.85625           53.307222           6.14                
(332.482,-34.015)   332.482083          -34.014722          5.37                
(332.069,49.796)    332.06875           49.796389           6.42                
(332.5,-28.292)     332.500417          -28.2925            6.44                
15Tau_PsA           332.536667          -32.548333          4.92                
(332.171,45.742)    332.170833          45.741944           6.11                
27Pi_1Peg           332.306667          33.172222           5.58                
26The_Peg           332.55              6.197778            3.53                
(332.588,-3.894)    332.587917          -3.894167           6.27                
38_Aqr              332.65625           -11.565             5.46                
(332.641,-4.267)    332.640833          -4.267222           6.01                
29Pi_2Peg           332.496667          33.178333           4.29                
(332.579,19.617)    332.579167          19.616944           6.18                
(332.592,14.63)     332.5925            14.63               6.33                
(332.76,-21.232)    332.76              -21.2325            6.09                
(332.656,11.624)    332.655833          11.624444           5.78                
28_Peg              332.625833          20.978056           6.46                
(332.715,30.553)    332.715             30.553056           6.32                
(332.964,16.041)    332.96375           16.040556           5.95                
39_Aqr              333.1075            -14.193889          6.03                
(332.791,50.823)    332.79125           50.823333           5.4                 
(333.24,-26.328)    333.239583          -26.327778          6.17                
21Zet_Cep           332.71375           58.201111           3.35                
(333.033,24.95)     333.033333          24.95               5.92                
(333.182,-4.721)    333.1825            -4.720833           6.39                
24_Cep              332.451667          72.341111           4.79                
22Lam_Cep           332.877917          59.414444           5.04                
(333.435,-25.181)   333.435             -25.180833          5.58                
Psi_Oct             334.460417          -77.511667          5.51                
(332.953,56.839)    332.953333          56.839444           5.24                
(332.564,72.111)    332.56375           72.111111           6.37                
(332.662,70.133)    332.662083          70.132778           5.5                 
(333.199,34.605)    333.199167          34.604722           5.33                
(332.987,59.085)    332.987083          59.084722           6.3                 
(333.661,-41.382)   333.660833          -41.381667          6.23                
16Lam_PsA           333.578333          -27.766944          5.43                
(333.008,60.759)    333.007917          60.759444           5.35                
41_Aqr              333.575             -21.074167          5.32                
Eps_Oct             335.00625           -80.439722          5.1                 
(333.411,28.608)    333.410833          28.608333           5.89                
(333.093,63.291)    333.092917          63.291389           5.79                
(333.896,-44.452)   333.89625           -44.451944          6.1                 
(333.47,39.715)     333.469583          39.715              4.49                
Mu_1Gru             333.90375           -41.346667          4.79                
(333.455,45.441)    333.455417          45.440833           5.53                
Mu_2Gru             334.110833          -41.6275            5.1                 
(333.685,42.954)    333.685             42.953889           5.71                
(333.456,63.162)    333.45625           63.1625             6.11                
(333.999,8.549)     333.999167          8.549444            6.21                
(334.156,-25.898)   334.155833          -25.898333          6.15                
(333.22,73.307)     333.220417          73.307222           6.08                
23Eps_Cep           333.758333          57.043611           4.19                
(334.14,-1.596)     334.14              -1.596389           6.15                
42_Aqr              334.200417          -12.831389          5.34                
(334.249,-23.14)    334.249167          -23.14              6.17                
1_Lac               333.9925            37.748889           4.13                
43The_Aqr           334.208333          -7.783333           4.16                
(334.219,-9.04)     334.219167          -9.04               5.79                
(334.565,-53.628)   334.565             -53.627778          5.37                
Alp_Tuc             334.625417          -60.259722          2.86                
(334.124,27.804)    334.12375           27.804167           6.37                
44_Aqr              334.277083          -5.387222           5.75                
Ups_Oct             337.905833          -85.967222          5.77                
(334.11,57.22)      334.110417          57.220278           5.88                
(334.518,-0.238)    334.517917          -0.237778           6.39                
45_Aqr              334.753333          -13.305             5.95                
(335.151,-57.51)    335.150833          -57.51              6.34                
(334.734,37.769)    334.734167          37.769444           6.17                
25_Cep              334.552917          62.804444           5.75                
46Rho_Aqr           335.049583          -7.821111           5.37                
30_Peg              335.115             5.789444            5.37                
(335.232,8.187)     335.2325            8.186667            6.17                
Nu_Ind              336.153333          -72.255556          5.29                
47_Aqr              335.398333          -21.598333          5.13                
(335.25,26.935)     335.250417          26.935278           6.47                
48Gam_Aqr           335.414167          -1.387222           3.84                
(335.165,50.981)    335.165             50.980833           6.42                
31_Peg              335.379583          12.205278           5.01                
Pi_1Gru             335.682917          -45.947778          6.62                
32_Peg              335.330417          28.330556           4.81                
2_Lac               335.256667          46.536667           4.57                
Pi_2Gru             335.783333          -45.928611          5.62                
(334.585,76.488)    334.585             76.488056           6.66                
(336.462,-75.016)   336.4625            -75.015556          6.04                
(336.294,-70.432)   336.29375           -70.431667          5.78                
(335.462,42.078)    335.462083          42.078333           6.41                
49_Aqr              335.87875           -24.7625            5.53                
(335.884,-7.194)    335.88375           -7.194444           5.93                
(336.235,-57.797)   336.235             -57.797222          5.32                
33_Peg              335.915             20.848333           6.04                
51_Aqr              336.02875           -4.836944           5.78                
50_Aqr              336.112917          -13.529444          5.76                
(335.751,57.284)    335.750833          57.284444           6.16                
(335.976,38.574)    335.975833          38.573611           6.22                
(335.751,62.42)     335.750833          62.42               6.04                
3Bet_Lac            335.89              52.229167           4.43                
52Pi_Aqr            336.319167          1.3775              4.66                
Del_Tuc             336.833333          -64.966389          4.48                
4_Lac               336.129167          49.476389           4.57                
(336.545,-23.682)   336.544583          -23.6825            6.29                
(336.42,18.444)     336.419583          18.444444           6.26                
53_Aqr              336.6425            -16.741389          6.57                
53_Aqr              336.643333          -16.7425            6.35                
(333.294,86.108)    333.294167          86.108056           5.27                
(337.157,-67.489)   337.157083          -67.489167          5.55                
34_Peg              336.655833          4.393611            5.75                
(336.69,37.444)     336.690417          37.443889           6.46                
(335.922,78.243)    335.922083          78.243333           6.76                
35_Peg              336.964583          4.695556            4.79                
Nu_Gru              337.163333          -39.131944          5.47                
(336.86,39.81)      336.860417          39.809722           6.14                
(336.747,56.433)    336.746667          56.433333           6.57                
(336.942,31.84)     336.9425            31.840278           5.98                
Del1Gru             337.3175            -43.495556          3.97                
(336.503,70.771)    336.503333          70.770833           5.47                
55Zet1Aqr           337.207083          -0.020278           4.59                
55Zet2Aqr           337.20875           -0.02               4.42                
Del2Gru             337.439583          -43.749444          4.11                
26_Cep              336.772083          65.132222           5.46                
36_Peg              337.283333          9.128889            5.58                
(337.442,-27.107)   337.441667          -27.107222          5.95                
(337.292,26.763)    337.2925            26.763056           5.79                
(337.506,-12.915)   337.50625           -12.915             6.4                 
37_Peg              337.491667          4.431667            5.48                
56_Aqr              337.5725            -14.585833          6.37                
(337.082,64.086)    337.082083          64.085556           6.29                
(337.433,35.726)    337.432917          35.725556           6.56                
Zet_PsA             337.72375           -26.073611          6.43                
27Del_Cep           337.292917          58.415278           3.75                
5_Lac               337.3825            47.706944           4.36                
57Sig_Aqr           337.661667          -10.678056          4.82                
38_Peg              337.5075            32.5725             5.65                
(337.527,49.356)    337.527083          49.356111           6.4                 
17Bet_PsA           337.87625           -32.346111          4.29                
(338.86,-78.772)    338.86              -78.771667          6.15                
28Rho1Cep           336.677083          78.785833           5.83                
6_Lac               337.622083          43.123333           4.51                
(337.827,-2.911)    337.826667          -2.911111           6.16                
(337.827,-6.555)    337.826667          -6.555              6.14                
Nu_Tuc              338.250417          -61.982222          4.81                
58_Aqr              337.922083          -10.905556          6.38                
(337.892,29.543)    337.8925            29.542778           6.35                
7Alp_Lac            337.822917          50.2825             3.77                
39_Peg              338.147917          20.23               6.42                
(338.195,15.863)    338.195417          15.863333           6.32                
(338.11,39.78)      338.11              39.779722           5.88                
(338.078,54.038)    338.078333          54.0375             6.35                
60_Aqr              338.512083          -1.574167           5.89                
29Rho2Cep           337.470417          78.824167           5.5                 
59Ups_Aqr           338.673333          -20.708333          5.2                 
(338.97,-57.884)    338.970417          -57.883611          6.23                
(338.419,56.625)    338.419167          56.625              5.71                
(338.262,69.914)    338.262083          69.913611           6.6                 
(338.902,-23.991)   338.902083          -23.991111          5.97                
62Eta_Aqr           338.839167          -0.1175             4.02                
(338.321,70.374)    338.320833          70.373889           6.34                
(338.068,76.226)    338.0675            76.226389           5.68                
Sig1Gru             339.122083          -40.582778          6.28                
(339.148,-31.664)   339.1475            -31.663889          5.82                
Sig2Gru             339.245             -40.591111          5.86                
8_Lac               338.967917          39.634167           5.73                
(339.033,35.577)    339.032917          35.577222           6.1                 
(339.152,11.697)    339.151667          11.696944           6.4                 
(338.972,50.071)    338.9725            50.071111           6.29                
(338.966,56.07)     338.965833          56.07               6.38                
(339.27,12.577)     339.269583          12.577222           6.3                 
(339.203,35.652)    339.202917          35.6525             6.3                 
63Kap_Aqr           339.439167          -4.228056           5.03                
(339.785,-52.692)   339.785             -52.692222          6.65                
(339.592,-7.898)    339.5925            -7.897778           6.23                
9_Lac               339.343333          51.545278           4.63                
(339.686,-28.748)   339.68625           -28.747778          6.47                
31_Cep              338.942083          73.643056           5.08                
(339.715,-33.081)   339.714583          -33.081389          5.66                
(339.573,45.183)    339.572917          45.183056           6.4                 
40_Peg              339.719167          19.522222           5.82                
(339.933,-28.325)   339.933333          -28.325278          6.31                
(340.204,-57.422)   340.20375           -57.422222          5.97                
(339.658,56.796)    339.657917          56.795833           5.21                
10_Lac              339.815417          39.050278           4.88                
(340.093,-30.659)   340.092917          -30.658889          5.87                
41_Peg              339.945833          19.681111           6.21                
(339.304,75.372)    339.304167          75.371667           5.79                
(339.893,37.593)    339.892917          37.592778           6.03                
30_Cep              339.6625            63.584444           5.19                
18Eps_PsA           340.164167          -27.043611          4.17                
(340.2,-3.554)      340.2               -3.554167           6.31                
Bet_Oct             341.51375           -81.381667          4.15                
(340.22,14.549)     340.219583          14.549444           5.71                
11_Lac              340.12875           44.276389           4.46                
(340.077,53.846)    340.076667          53.846111           5.93                
42Zet_Peg           340.365417          10.831389           3.4                 
(340.654,-47.211)   340.65375           -47.210556          5.98                
Bet_Gru             340.667083          -46.884722          2.1                 
19_PsA              340.592083          -29.360833          6.17                
(340.381,30.966)    340.380833          30.965833           6.34                
(340.68,-44.248)    340.679583          -44.247778          6.07                
12_Lac              340.369167          40.225556           5.25                
43Omi_Peg           340.439167          29.3075             4.79                
(340.489,14.516)    340.489167          14.516389           5.9                 
(340.4,41.549)      340.400417          41.549444           5.94                
Rho_Gru             340.875             -41.414444          4.85                
(340.765,-8.312)    340.764583          -8.311667           6.45                
(341.069,-60.499)   341.06875           -60.499444          6.3                 
67_Aqr              340.809583          -6.962778           6.41                
(340.587,53.909)    340.586667          53.908889           6.12                
66_Aqr              340.897083          -18.830278          4.69                
44Eta_Peg           340.750417          30.221389           2.94                
(340.731,37.803)    340.73125           37.802778           6.43                
(340.769,47.169)    340.76875           47.168611           6.39                
(340.928,10.939)    340.927917          10.939167           6.51                
(341.022,39.466)    341.021667          39.465556           5.95                
Eta_Gru             341.407917          -53.500278          4.85                
13_Lac              341.022917          41.819167           5.08                
(341.42,-46.548)    341.419583          -46.5475            5.51                
(341.533,-48.979)   341.533333          -48.978889          6.62                
(341.618,-49.686)   341.617917          -49.685833          6.48                
45_Peg              341.3675            19.366667           6.25                
(341.205,52.517)    341.205             52.517222           6.55                
(341.682,-46.939)   341.682083          -46.939444          6.56                
Xi_Oct              342.595417          -80.124167          5.35                
(342.42,-77.051)    342.420417          -77.050556          6.73                
46Xi_Peg            341.673333          12.172778           4.19                
(341.542,44.546)    341.5425            44.546111           5.76                
47Lam_Peg           341.632917          23.565556           3.95                
(341.83,-34.161)    341.829583          -34.161111          6.28                
(342.089,-61.684)   342.089167          -61.684167          6.37                
68_Aqr              341.887917          -19.613333          5.26                
(341.946,-38.222)   341.94625           -38.221944          6.71                
(342.322,-70.348)   342.3225            -70.347778          6.34                
69Tau1Aqr           341.928333          -14.056389          5.66                
(341.984,-25.912)   341.984167          -25.911944          6.3                 
Eps_Gru             342.13875           -51.316944          3.49                
70_Aqr              342.125833          -10.555556          6.19                
(341.847,58.483)    341.846667          58.482778           6.36                
(342.045,37.417)    342.045417          37.416667           5.9                 
71Tau2Aqr           342.397917          -13.5925            4.01                
(342.496,-32.805)   342.49625           -32.805278          6.33                
(342.385,10.479)    342.384583          10.478889           6.54                
(342.199,54.415)    342.199167          54.415              6.12                
(342.184,62.938)    342.184167          62.938333           6.06                
48Mu_Peg            342.500833          24.601667           3.48                
(342.759,-39.157)   342.759167          -39.156944          5.42                
(342.937,-59.881)   342.937083          -59.881389          6.46                
(342.253,68.57)     342.252917          68.570278           6.19                
(342.442,55.903)    342.4425            55.902778           5.43                
(343.041,-63.189)   343.04125           -63.188611          6.12                
14_Lac              342.590833          41.953611           5.92                
(342.663,19.141)    342.662917          19.140833           6.4                 
(342.542,50.677)    342.5425            50.676944           6.21                
21_PsA              342.837083          -29.536111          5.97                
32Iot_Cep           342.42              66.200556           3.52                
(344.788,59.815)    344.7875            59.814722           6.43                
22Gam_PsA           343.131667          -32.875556          4.46                
(342.845,61.697)    342.845             61.696944           5.6                 
49Sig_Peg           343.100417          9.835556            5.16                
73Lam_Aqr           343.15375           -7.579722           3.74                
15_Lac              343.008333          43.3125             4.94                
Tau1Gru             343.407917          -48.598056          6.04                
Rho_Ind             343.664167          -70.073611          6.05                
(341.871,83.154)    341.870833          83.153889           4.74                
(343.26,16.841)     343.259583          16.841111           5.64                
74_Aqr              343.369583          -11.616667          5.8                 
(343.218,50.412)    343.217917          50.411944           6.46                
(343.297,40.167)    343.297083          40.167222           6.34                
(343.266,60.101)    343.265833          60.101111           6.01                
(343.417,44.749)    343.417083          44.749167           5.81                
76Del_Aqr           343.6625            -15.820833          3.27                
78_Aqr              343.642083          -7.204722           6.19                
77_Aqr              343.689583          -16.271944          5.56                
(343.529,40.377)    343.529167          40.376944           5.81                
(343.812,-36.389)   343.812083          -36.388611          6.4                 
(343.649,16.942)    343.64875           16.941667           6.12                
1_Psc               343.747917          1.064722            6.11                
(343.796,-4.988)    343.795833          -4.987778           5.72                
50Rho_Peg           343.807083          8.815833            4.9                 
(343.761,37.077)    343.760833          37.076944           5.91                
(343.964,-31.633)   343.964167          -31.633056          6.1                 
23Del_PsA           343.987083          -32.539722          4.21                
(344.1,-31.566)     344.1               -31.565556          6.48                
Tau3Gru             344.199167          -47.969167          5.7                 
(343.935,36.352)    343.935417          36.351667           5.74                
(344.215,11.848)    344.214583          11.848333           6.51                
16_Lac              344.098333          41.603889           5.59                
(344.108,49.734)    344.108333          49.733611           4.95                
(344.322,-4.81)     344.321667          -4.81               6.31                
24Alp_PsA           344.412917          -29.622222          1.16                
51_Peg              344.36625           20.768889           5.49                
(344.387,3.81)      344.386667          3.810278            6.28                
(344.269,48.684)    344.26875           48.684167           5.43                
(344.646,-35.523)   344.645833          -35.523056          6.13                
(344.42,39.309)     344.419583          39.308889           6.18                
(344.565,-2.395)    344.564583          -2.395278           6.16                
(344.599,-1.41)     344.59875           -1.410278           6.37                
(342.759,85.374)    342.759167          85.373611           5.9                 
(344.646,9.357)     344.64625           9.356944            6.43                
(344.678,7.34)      344.6775            7.339722            6.33                
52_Peg              344.799167          11.728889           5.75                
(344.899,-29.462)   344.899167          -29.462222          5.51                
(344.899,-13.071)   344.89875           -13.070833          6.07                
2_Psc               344.864167          0.962778            5.43                
(345.024,-25.164)   345.024167          -25.164167          5.65                
(344.793,52.654)    344.792917          52.654444           6.29                
(345.102,-25.627)   345.1025            -25.626667          6.29                
Zet_Gru             345.22              -52.754167          4.12                
(343.603,84.346)    343.603333          84.346111           4.71                
(345.281,-50.95)    345.28125           -50.95              5.68                
3_Psc               345.157917          0.185833            6.21                
(345.179,3.012)     345.17875           3.011667            5.83                
(345.021,56.945)    345.02125           56.945278           5.0                 
(345.177,31.083)    345.177083          31.083056           6.6                 
(345.331,-28.854)   345.330833          -28.853611          5.55                
(345.143,45.375)    345.143333          45.375              6.5                 
(345.346,-22.791)   345.345833          -22.790833          6.28                
81_Aqr              345.348333          -7.061111           6.21                
(345.228,38.708)    345.227917          38.708056           6.54                
(345.382,-4.711)    345.382083          -4.711389           5.94                
(345.642,-36.421)   345.641667          -36.420833          6.47                
(345.378,57.106)    345.377917          57.105556           6.2                 
1Omi_And            345.480417          42.326111           3.62                
82_Aqr              345.635833          -6.574167           6.15                
(345.685,-20.871)   345.684583          -20.870556          5.97                
(345.638,31.781)    345.637917          31.780556           6.57                
2_And               345.65125           42.757778           5.1                 
Pi_PsA              345.874167          -34.749444          5.11                
(345.688,44.059)    345.688333          44.058889           6.39                
(346.218,-68.82)    346.2175            -68.820278          5.52                
(345.682,55.236)    345.6825            55.236389           6.5                 
(345.998,-41.478)   345.997917          -41.478333          5.79                
(345.989,-4.795)    345.98875           -4.795278           6.68                
4Bet_Psc            345.969167          3.82                4.53                
Kap_Gru             346.165             -53.965             5.37                
53Bet_Peg           345.94375           28.082778           2.42                
(346.004,6.617)     346.004167          6.616667            6.41                
(345.849,60.445)    345.84875           60.445278           6.74                
(345.84,58.565)     345.84              58.564722           6.43                
(345.887,67.209)    345.887083          67.209167           5.24                
3_And               346.045833          50.052222           4.65                
54Alp_Peg           346.190417          15.205278           2.49                
83_Aqr              346.290833          -7.693611           5.43                
(346.303,-17.079)   346.303333          -17.079167          6.14                
(346.276,16.563)    346.27625           16.563056           6.44                
(346.323,1.307)     346.323333          1.306944            6.39                
(347.099,-79.481)   347.09875           -79.480833          6.12                
The_Gru             346.72              -43.520556          4.28                
(346.576,18.518)    346.575833          18.5175             6.13                
86_Aqr              346.670417          -23.743056          4.47                
Ups_Gru             346.723333          -38.892222          5.61                
(346.79,-49.607)    346.789583          -49.606667          6.33                
(346.633,19.911)    346.632917          19.910833           6.3                 
(346.811,-50.686)   346.81125           -50.686389          5.83                
(347.149,-73.586)   347.14875           -73.586389          6.15                
55_Peg              346.75125           9.409444            4.52                
(349.208,-41.194)   349.2075            -41.194444          6.47                
56_Peg              346.778333          25.468333           4.76                
1_Cas               346.65375           59.419722           4.85                
(346.865,32.826)    346.865417          32.825833           6.02                
(346.87,21.134)     346.869583          21.134167           5.99                
(346.825,46.068)    346.825417          46.068056           6.66                
(346.792,52.816)    346.792083          52.816389           6.11                
(347.088,-28.823)   347.0875            -28.823333          5.6                 
(346.793,59.728)    346.793333          59.7275             6.4                 
4_And               346.91375           46.387222           5.33                
5_And               346.939167          49.295833           5.7                 
(347.051,44.562)    347.05125           44.561667           6.56                
5_Psc               347.170417          2.127778            5.4                 
(346.949,63.633)    346.94875           63.633333           6.26                
(347.549,-66.858)   347.54875           -66.8575            6.47                
(348.05,-80.913)    348.05              -80.912778          6.41                
(346.988,64.222)    346.988333          64.2225             6.21                
88_Aqr              347.361667          -21.1725            3.66                
(347.436,-28.089)   347.435833          -28.088611          5.87                
(347.489,-42.861)   347.48875           -42.860556          5.81                
57_Peg              347.38125           8.677222            5.12                
(347.457,-14.511)   347.456667          -14.510556          6.42                
89_Aqr              347.478333          -22.4575            4.69                
(347.541,-40.592)   347.540833          -40.591667          5.83                
33Pi_Cep            346.974583          75.3875             4.41                
Iot_Gru             347.59              -45.246667          3.9                 
58_Peg              347.50625           9.821944            5.39                
2_Cas               347.43375           59.333056           5.7                 
(347.694,-29.525)   347.694167          -29.525             6.51                
(347.678,17.594)    347.6775            17.594444           5.71                
6_And               347.613333          43.544167           5.94                
59_Peg              347.934167          8.72                5.16                
60_Peg              347.955             26.847222           6.17                
(348.312,-49.619)   348.3125            -49.618889          6.8                 
(348.528,-62.7)     348.5275            -62.7               6.12                
7_And               348.1375            49.406389           4.52                
(348.267,29.442)    348.266667          29.441667           6.35                
(348.321,57.168)    348.320833          57.168333           5.56                
(348.36,11.065)     348.360417          11.065              5.82                
90Phi_Aqr           348.580833          -6.048889           4.22                
(348.744,-41.106)   348.744167          -41.105556          5.77                
(348.668,-10.689)   348.6675            -10.688611          6.12                
(348.56,50.618)     348.559583          50.617778           6.31                
(348.59,29.772)     348.590417          29.771667           6.41                
(348.652,24.103)    348.652083          24.103056           6.36                
(348.893,-3.496)    348.892917          -3.496389           5.55                
91Psi1Aqr           348.972917          -9.087778           4.21                
61_Peg              348.942917          28.247778           6.49                
(349.24,-62.001)    349.240417          -62.001111          5.66                
(348.655,74.231)    348.655417          74.231111           5.84                
(348.991,24.771)    348.99125           24.771111           6.6                 
(349.165,-44.489)   349.165417          -44.489167          5.92                
Gam_Tuc             349.3575            -58.235833          3.99                
(349.784,-79.473)   349.78375           -79.472778          6.33                
92Chi_Aqr           349.212083          -7.726667           5.06                
(348.908,70.888)    348.9075            70.888056           5.56                
6Gam_Psc            349.29125           3.282222            3.69                
(349.176,53.214)    349.17625           53.213611           5.54                
(349.112,61.963)    349.111667          61.963056           6.53                
(349.583,-67.471)   349.583333          -67.471111          6.13                
(349.417,-11.713)   349.416667          -11.713056          6.34                
(349.319,45.164)    349.319167          45.164167           6.43                
93Psi2Aqr           349.475833          -9.1825             4.39                
Phi_Gru             349.54125           -40.824444          5.53                
8_And               349.43625           49.015278           4.85                
(349.484,45.489)    349.48375           45.488889           6.48                
Tau_Oct             352.015417          -87.482222          5.49                
Gam_Scl             349.705833          -32.531944          4.41                
9_And               349.5975            41.773611           6.02                
95Psi3Aqr           349.740417          -9.610833           4.98                
94_Aqr              349.777917          -13.458889          5.08                
(349.329,75.299)    349.32875           75.299167           6.38                
96_Aqr              349.85              -5.124444           5.55                
(349.85,-18.075)    349.850417          -18.075278          5.93                
(349.76,45.137)     349.76              45.137222           6.5                 
(349.93,-33.708)    349.93              -33.708056          6.37                
34Omi_Cep           349.65625           68.111667           4.75                
(349.864,34.793)    349.864167          34.793333           6.32                
11_And              349.874167          48.625278           5.44                
(349.923,48.381)    349.923333          48.380833           6.32                
10_And              349.968333          42.078056           5.79                
(350.208,-50.307)   350.208333          -50.306667          6.05                
7_Psc               350.085833          5.381389            5.05                
(350.17,-5.908)     350.170417          -5.908056           6.17                
62Tau_Peg           350.159167          23.740278           4.6                 
(350.06,61.97)      350.059583          61.97               6.45                
63_Peg              350.206667          30.415              5.59                
(350.315,-26.987)   350.314583          -26.986667          5.64                
(350.183,44.116)    350.183333          44.116389           6.13                
12_And              350.222083          38.182222           5.77                
(350.144,62.213)    350.144167          62.213056           6.39                
64_Peg              350.47875           31.8125             5.32                
(350.492,26.609)    350.4925            26.608889           6.62                
(350.737,-60.056)   350.737083          -60.055833          6.09                
97_Aqr              350.663333          -15.039167          5.2                 
65_Peg              350.66875           20.828611           6.29                
98_Aqr              350.7425            -20.100556          3.97                
66_Peg              350.769167          12.313889           5.08                
(350.635,60.134)    350.635417          60.133611           5.56                
(350.976,-53.808)   350.97625           -53.808333          6.15                
(350.939,-43.124)   350.939167          -43.124444          6.1                 
(350.883,0.291)     350.882917          0.291389            6.31                
(351.055,-51.891)   351.054583          -51.891389          5.75                
(350.948,32.531)    350.947917          32.531389           6.69                
(351.032,-18.688)   351.0325            -18.6875            6.19                
(351.331,-56.849)   351.330833          -56.849167          5.59                
(351.146,41.113)    351.145833          41.112778           6.72                
67_Peg              351.211667          32.385              5.57                
4_Cas               351.209583          62.282778           4.98                
68Ups_Peg           351.345             23.404167           4.4                 
99_Aqr              351.511667          -20.641944          4.39                
Omi_Gru             351.6525            -52.721667          5.52                
(351.78,-66.581)    351.78              -66.581111          6.45                
(351.812,-58.476)   351.8125            -58.476111          5.63                
(351.788,-50.157)   351.787917          -50.157222          6.2                 
8Kap_Psc            351.733333          1.255556            4.94                
9_Psc               351.811667          1.1225              6.25                
13_And              351.780833          42.911944           5.75                
(352.003,-35.544)   352.002917          -35.544444          6.32                
69_Peg              351.918333          25.167222           5.98                
10The_Psc           351.992083          6.378889            4.28                
(352.022,-11.45)    352.021667          -11.449722          6.37                
(351.819,70.36)     351.819167          70.359722           5.6                 
(352.254,-63.111)   352.254167          -63.110833          5.68                
(352.253,-44.498)   352.253333          -44.497778          6.43                
(352.252,-9.266)    352.2525            -9.266111           6.18                
(352.273,23.048)    352.273333          23.047778           6.35                
70_Peg              352.28875           12.760556           4.55                
(352.384,-4.533)    352.38375           -4.532778           6.25                
(352.531,49.133)    352.530833          49.133056           6.17                
(352.508,58.549)    352.508333          58.548889           4.91                
(352.665,38.662)    352.665417          38.661944           6.05                
(352.755,-6.288)    352.754583          -6.288333           6.39                
(352.862,-44.844)   352.8625            -44.843611          6.02                
14_And              352.8225            39.236389           5.22                
(352.881,-4.087)    352.88125           -4.087222           6.49                
100_Aqr             352.925417          -21.369444          6.29                
(352.93,28.404)     352.929583          28.403611           6.41                
13_Psc              352.99              -1.085833           6.38                
(353.331,-77.385)   353.33125           -77.385278          5.81                
(353.102,34.952)    353.1025            34.9525             6.65                
Bet_Scl             353.242917          -37.818333          4.37                
(351.753,87.308)    351.753333          87.3075             5.58                
101_Aqr             353.319167          -20.914444          4.71                
71_Peg              353.367083          22.498889           5.32                
(353.428,45.058)    353.427917          45.058056           6.24                
(353.481,20.841)    353.48125           20.840833           6.06                
72_Peg              353.488333          31.325278           4.98                
14_Psc              353.5375            -1.2475             5.87                
(353.803,-64.689)   353.802917          -64.689444          7.4                 
(353.706,-15.246)   353.705833          -15.245833          5.96                
15_And              353.65625           40.236389           5.59                
73_Peg              353.659167          33.497222           5.63                
Iot_Phe             353.769167          -42.615             4.71                
(353.695,38.024)    353.694583          38.023889           6.18                
(353.884,-7.464)    353.88375           -7.464444           6.39                
(353.746,71.642)    353.745833          71.642222           5.84                
(353.983,24.561)    353.982917          24.561111           6.45                
16_Psc              354.097083          2.102222            5.68                
(354.127,32.904)    354.127083          32.904167           6.35                
(354.272,-31.871)   354.2725            -31.870833          6.52                
(354.6,-76.87)      354.600417          -76.87              6.0                 
(354.415,-13.06)    354.415             -13.060278          5.65                
(354.462,-45.492)   354.4625            -45.4925            4.74                
74_Peg              354.415833          16.825556           6.26                
16Lam_And           354.39125           46.458056           3.82                
(354.383,44.429)    354.383333          44.429167           5.8                 
75_Peg              354.486667          18.400556           5.53                
(354.494,46.2)      354.494167          46.199722           6.58                
17Iot_And           354.534167          43.268056           4.29                
The_Phe             354.866667          -46.637778          6.09                
18_And              354.784583          50.471667           5.3                 
102Ome1Aqr          354.94625           -14.221667          5.0                 
17Iot_Psc           354.9875            5.626389            4.13                
(354.98,9.677)      354.979583          9.677222            5.97                
(354.793,75.293)    354.793333          75.292778           5.95                
(354.838,74.003)    354.837917          74.002778           5.98                
(355.012,37.652)    355.011667          37.6525             6.53                
35Gam_Cep           354.836667          77.6325             3.21                
Mu_Scl              355.159167          -32.073056          5.31                
19Kap_And           355.102083          44.333889           4.14                
(355.169,36.721)    355.169167          36.720833           6.23                
(355.279,-24.16)    355.279167          -24.160278          6.6                 
(355.287,-11.681)   355.287083          -11.680556          5.89                
103_Aqr             355.39375           -18.027222          5.34                
(355.362,49.512)    355.362083          49.512222           6.26                
104_Aqr             355.440833          -17.816389          4.82                
(355.486,7.251)     355.48625           7.250556            5.89                
18Lam_Psc           355.511667          1.78                4.5                 
(355.477,57.26)     355.477083          57.26               6.24                
(355.562,44.992)    355.561667          44.991944           6.57                
(355.616,-15.448)   355.61625           -15.447778          5.28                
105Ome2Aqr          355.680417          -14.545             4.49                
(355.587,64.516)    355.586667          64.515556           6.56                
(355.631,61.679)    355.63125           61.679444           6.4                 
77_Peg              355.843333          10.331389           5.06                
(355.956,-15.284)   355.95625           -15.284444          6.36                
(356.006,-45.083)   356.005833          -45.083333          6.09                
(356.106,-70.49)    356.105833          -70.490278          6.07                
(356.17,-78.791)    356.169583          -78.791389          5.75                
(356.05,-64.404)    356.05              -64.404444          5.72                
78_Peg              355.997917          29.361667           4.93                
106_Aqr             356.050417          -18.276944          5.24                
(356.12,-26.246)    356.120417          -26.246389          6.17                
(356.201,55.8)      356.20125           55.799722           6.51                
(356.505,-40.182)   356.505             -40.1825            6.31                
107_Aqr             356.50375           -18.678056          5.29                
20Psi_And           356.50875           46.420278           4.95                
19_Psc              356.597917          3.486667            5.04                
(356.653,66.782)    356.652917          66.782222           5.95                
Sig_Phe             356.816667          -50.226667          5.18                
(356.847,-68.394)   356.847083          -68.394167          6.89                
5Tau_Cas            356.764583          58.651944           4.87                
(356.816,-11.911)   356.81625           -11.910833          5.73                
(356.758,57.451)    356.757917          57.451389           5.51                
(356.888,46.832)    356.888333          46.8325             6.07                
20_Psc              356.985417          -2.761667           5.49                
(356.978,67.807)    356.978333          67.806944           5.04                
(357.135,-6.381)    357.135417          -6.380556           6.07                
(357.205,2.214)     357.205417          2.214167            6.46                
Del_Scl             357.231667          -28.130278          4.57                
(357.162,64.876)    357.1625            64.876389           6.41                
6_Cas               357.209167          62.214444           5.43                
(357.225,59.979)    357.224583          59.978889           6.34                
(357.3,58.963)      357.3               58.963056           6.33                
(357.382,-15.861)   357.381667          -15.861111          6.24                
21_Psc              357.364583          1.076111            5.77                
(357.436,-62.839)   357.43625           -62.839444          6.59                
(357.421,36.425)    357.420833          36.425278           5.9                 
79_Peg              357.414167          28.8425             5.97                
(357.457,-25.331)   357.456667          -25.331389          6.42                
(357.561,-9.974)    357.56125           -9.974167           5.94                
(357.593,51.622)    357.592917          51.621667           6.44                
(357.639,-14.402)   357.63875           -14.401944          5.72                
80_Peg              357.838333          9.313333            5.79                
108_Aqr             357.83875           -18.908889          5.18                
Gam1Oct             358.026667          -82.018889          5.11                
22_Psc              357.99125           2.930278            5.55                
(357.99,77.599)     357.99              77.599444           6.55                
(358.098,21.671)    358.0975            21.670833           6.11                
81Phi_Peg           358.122083          19.120278           5.08                
(358.125,-14.251)   358.125             -14.251111          5.87                
(358.105,75.545)    358.104583          75.544722           6.39                
82_Peg              358.154583          10.9475             5.3                 
(358.21,-8.997)     358.210417          -8.996667           5.75                
24_Psc              358.231667          -3.155556           5.93                
25_Psc              358.27              2.090556            6.28                
(358.337,-24.229)   358.336667          -24.229167          6.24                
(358.589,-27.042)   358.589167          -27.042222          6.35                
7Rho_Cas            358.595833          57.499444           4.54                
(358.661,-40.3)     358.660833          -40.3               6.03                
(358.694,0.109)     358.694167          0.109167            5.61                
26_Psc              358.7825            7.071111            6.21                
(358.819,-31.922)   358.819167          -31.921667          6.1                 
(358.819,-31.884)   358.819167          -31.884167          6.83                
(358.846,25.955)    358.845833          25.955              6.54                
(358.89,57.412)     358.890417          57.412222           6.0                 
(358.89,47.356)     358.89              47.355833           6.0                 
(359.125,-24.737)   359.124583          -24.737222          6.31                
(359.173,22.648)    359.172917          22.648056           6.15                
(359.115,83.191)    359.115417          83.191111           6.59                
(359.265,42.658)    359.265             42.658333           5.97                
(359.285,-26.624)   359.284583          -26.623611          6.26                
(359.285,55.706)    359.285417          55.705833           5.55                
(359.333,-62.956)   359.332917          -62.956389          5.97                
Gam2Oct             359.38625           -82.17              5.73                
Eta_Tuc             359.396667          -64.298333          5.0                 
(359.39,60.024)     359.389583          60.023611           6.47                
84Psi_Peg           359.439583          25.141389           4.66                
1_Cet               359.588333          -15.8475            6.26                
(359.603,51.389)    359.603333          51.388611           4.8                 
27_Psc              359.668333          -3.556111           4.86                
(359.705,32.382)    359.705             32.381667           6.52                
Pi_Phe              359.7325            -52.745833          5.13                
(359.694,46.413)    359.69375           46.413056           6.54                
8Sig_Cas            359.752083          55.755              4.88                
28Ome_Psc           359.827917          6.863333            4.01                
(359.866,-29.485)   359.86625           -29.485             5.62                
(359.872,33.724)    359.871667          33.724444           6.58                
(359.872,33.724)    359.871667          33.724444           6.58                
Eps_Tuc             359.979167          -65.577222          4.5                 
(0.08,-44.291)      0.08                -44.290556          6.29                
(0.1,26.918)        0.099583            26.918333           6.46                
(0.129,59.56)       0.12875             59.559722           6.19                
(0.182,45.253)      0.182083            45.253333           6.38                
Tau_Phe             0.26875             -48.81              5.71                
(0.333,-50.337)     0.333333            -50.337222          5.53                
(0.33,49.982)       0.330417            49.981667           6.22                
The_Oct             0.39875             -77.065833          4.78                
(0.404,61.223)      0.40375             61.223056           5.55                
(0.432,42.367)      0.4325              42.367222           6.25                
29_Psc              0.455833            -3.0275             5.1                 
85_Peg              0.5425              27.081944           5.75                
30_Psc              0.49                -6.014167           4.41                
(0.53,-14.676)      0.530417            -14.676111          7.1                 
Zet_Scl             0.582917            -29.720278          5.01                
31_Psc              0.600833            8.956944            6.32                
32_Psc              0.62375             8.485556            5.63                
(0.65,66.099)       0.650417            66.098889           5.86                
(0.74,-20.046)      0.74                -20.046111          6.25                
(0.782,-24.145)     0.782083            -24.145278          6.44                
(0.857,63.642)      0.857083            63.641944           6.24                
2_Cet               0.935               -17.336111          4.55                
(0.966,66.712)      0.96625             66.712222           6.29                
9_Cas               1.056667            62.287778           5.88                
(1.082,-16.529)     1.082083            -16.528889          5.78                
(1.085,-29.269)     1.084583            -29.268611          6.4                 
3_Cet               1.125417            -10.509444          4.94                
(1.175,67.167)      1.175               67.166667           5.67                
(1.153,42.092)      1.152917            42.092222           6.01                
(1.128,-72.898)     1.127917            -72.897778          7.31                
(1.224,34.66)       1.224167            34.659722           6.12                
(1.172,-71.437)     1.172083            -71.436944          5.59                
(1.233,26.649)      1.233333            26.648889           6.25                
(1.276,61.314)      1.275833            61.314167           5.8                 
